q,d,f_coeffs_low_first,orbit_size,N_irr,E,Lambda_sum
2,2,0 0 1,1,1,4,8
2,3,0 0 0 1,2,2,4,16
2,4,0 0 0 0 1,1,2,8,24
2,4,0 0 0 1 1,1,2,8,24
2,5,0 0 0 0 0 1,2,7,6,76
2,5,0 0 0 1 0 1,2,5,10,60
2,6,0 0 0 0 0 0 1,2,12,16,160
2,6,0 0 0 0 0 1 1,1,12,20,164
2,6,0 0 0 0 1 1 1,1,4,12,60
2,7,0 0 0 0 0 0 0 1,2,19,22,288
2,7,0 0 0 0 0 1 0 1,2,13,14,196
2,7,0 0 0 0 1 0 0 1,2,19,14,280
2,7,0 0 0 0 1 1 0 1,2,21,14,308
2,8,0 0 0 0 0 0 0 0 1,1,28,24,472
2,8,0 0 0 0 0 0 0 1 1,2,28,32,480
2,8,0 0 0 0 0 0 1 0 1,1,28,24,472
2,8,0 0 0 0 0 1 0 0 1,1,32,32,544
2,8,0 0 0 0 0 1 0 1 1,2,30,32,512
2,8,0 0 0 0 0 1 1 0 1,1,28,48,496
2,9,0 0 0 0 0 0 0 0 0 1,2,59,37,1099
2,9,0 0 0 0 0 0 0 1 0 1,2,58,27,1071
2,9,0 0 0 0 0 0 1 0 0 1,2,57,27,1053
2,9,0 0 0 0 0 0 1 1 0 1,2,58,27,1071
2,9,0 0 0 0 0 1 0 0 0 1,2,53,27,981
2,9,0 0 0 0 0 1 0 1 0 1,2,50,45,945
2,9,0 0 0 0 0 1 1 0 0 1,2,47,45,891
2,9,0 0 0 0 0 1 1 1 0 1,2,50,21,921
2,10,0 0 0 0 0 0 0 0 0 0 1,2,101,76,2096
2,10,0 0 0 0 0 0 0 0 0 1 1,1,96,60,1980
2,10,0 0 0 0 0 0 0 0 1 1 1,1,108,80,2240
2,10,0 0 0 0 0 0 0 1 0 0 1,2,101,50,2070
2,10,0 0 0 0 0 0 0 1 0 1 1,2,100,60,2060
2,10,0 0 0 0 0 0 0 1 1 1 1,2,108,60,2220
2,10,0 0 0 0 0 0 1 0 0 0 1,2,111,60,2280
2,10,0 0 0 0 0 0 1 0 0 1 1,1,92,60,1900
2,10,0 0 0 0 0 0 1 0 1 1 1,1,104,72,2152
2,10,0 0 0 0 0 0 1 1 0 0 1,2,95,70,1970
2,11,0 0 0 0 0 0 0 0 0 0 0 1,2,187,45,4159
2,11,0 0 0 0 0 0 0 0 0 1 0 1,2,180,55,4015
2,11,0 0 0 0 0 0 0 0 1 0 0 1,2,173,77,3883
2,11,0 0 0 0 0 0 0 0 1 1 0 1,2,170,55,3795
2,11,0 0 0 0 0 0 0 1 0 0 0 1,2,173,55,3861
2,11,0 0 0 0 0 0 0 1 0 1 0 1,2,196,77,4389
2,11,0 0 0 0 0 0 0 1 1 0 0 1,2,199,55,4433
2,11,0 0 0 0 0 0 0 1 1 1 0 1,2,178,77,3993
2,11,0 0 0 0 0 0 1 0 0 0 0 1,2,187,55,4169
2,11,0 0 0 0 0 0 1 0 0 1 0 1,2,168,55,3751
2,11,0 0 0 0 0 0 1 0 1 0 0 1,2,167,77,3751
2,11,0 0 0 0 0 0 1 0 1 1 0 1,2,176,77,3949
2,11,0 0 0 0 0 0 1 1 0 0 0 1,2,205,77,4587
2,11,0 0 0 0 0 0 1 1 0 1 0 1,2,184,77,4125
2,11,0 0 0 0 0 0 1 1 1 0 0 1,2,189,55,4213
2,11,0 0 0 0 0 0 1 1 1 1 0 1,2,196,55,4367
2,12,0 0 0 0 0 0 0 0 0 0 0 0 1,2,320,160,7840
2,12,0 0 0 0 0 0 0 0 0 0 0 1 1,2,334,144,8160
2,12,0 0 0 0 0 0 0 0 0 0 1 0 1,1,328,164,8036
2,12,0 0 0 0 0 0 0 0 0 1 0 0 1,1,376,168,9192
2,12,0 0 0 0 0 0 0 0 0 1 0 1 1,2,362,144,8832
2,12,0 0 0 0 0 0 0 0 0 1 1 0 1,2,328,144,8016
2,12,0 0 0 0 0 0 0 0 1 0 0 1 1,2,310,136,7576
2,12,0 0 0 0 0 0 0 0 1 0 1 0 1,1,296,60,7164
2,12,0 0 0 0 0 0 0 0 1 1 0 0 1,1,328,136,8008
2,12,0 0 0 0 0 0 0 0 1 1 0 1 1,2,322,96,7824
2,12,0 0 0 0 0 0 0 1 0 0 0 0 1,2,332,120,8088
2,12,0 0 0 0 0 0 0 1 0 0 0 1 1,2,330,120,8040
2,12,0 0 0 0 0 0 0 1 0 0 1 0 1,1,328,120,7992
2,12,0 0 0 0 0 0 0 1 0 1 0 0 1,1,332,48,8016
2,12,0 0 0 0 0 0 0 1 0 1 0 1 1,2,322,96,7824
2,12,0 0 0 0 0 0 0 1 0 1 1 0 1,2,340,120,8280
2,12,0 0 0 0 0 0 0 1 1 0 0 1 1,2,338,144,8256
2,12,0 0 0 0 0 0 0 1 1 0 1 0 1,1,304,120,7416
2,12,0 0 0 0 0 0 0 1 1 1 0 0 1,1,348,144,8496
2,12,0 0 0 0 0 0 0 1 1 1 0 1 1,2,330,144,8064
2,13,0 0 0 0 0 0 0 0 0 0 0 0 0 1,2,640,79,16719
2,13,0 0 0 0 0 0 0 0 0 0 0 1 0 1,2,609,130,15964
2,13,0 0 0 0 0 0 0 0 0 0 1 0 0 1,2,606,143,15899
2,13,0 0 0 0 0 0 0 0 0 0 1 1 0 1,2,636,104,16640
2,13,0 0 0 0 0 0 0 0 0 1 0 0 0 1,2,617,117,16159
2,13,0 0 0 0 0 0 0 0 0 1 0 1 0 1,2,608,156,15964
2,13,0 0 0 0 0 0 0 0 0 1 1 0 0 1,2,647,143,16965
2,13,0 0 0 0 0 0 0 0 0 1 1 1 0 1,2,639,130,16744
2,13,0 0 0 0 0 0 0 0 1 0 0 0 0 1,2,624,117,16341
2,13,0 0 0 0 0 0 0 0 1 0 0 1 0 1,2,613,156,16094
2,13,0 0 0 0 0 0 0 0 1 0 1 0 0 1,2,626,143,16419
2,13,0 0 0 0 0 0 0 0 1 0 1 1 0 1,2,614,130,16094
2,13,0 0 0 0 0 0 0 0 1 1 0 0 0 1,2,637,117,16679
2,13,0 0 0 0 0 0 0 0 1 1 0 1 0 1,2,648,130,16978
2,13,0 0 0 0 0 0 0 0 1 1 1 0 0 1,2,615,117,16107
2,13,0 0 0 0 0 0 0 0 1 1 1 1 0 1,2,639,156,16770
2,13,0 0 0 0 0 0 0 1 0 0 0 0 0 1,2,620,143,16263
2,13,0 0 0 0 0 0 0 1 0 0 0 1 0 1,2,631,130,16536
2,13,0 0 0 0 0 0 0 1 0 0 1 0 0 1,2,640,117,16757
2,13,0 0 0 0 0 0 0 1 0 0 1 1 0 1,2,622,156,16328
2,13,0 0 0 0 0 0 0 1 0 1 0 0 0 1,2,611,117,16003
2,13,0 0 0 0 0 0 0 1 0 1 0 1 0 1,2,608,104,15912
2,13,0 0 0 0 0 0 0 1 0 1 1 0 0 1,2,663,117,17355
2,13,0 0 0 0 0 0 0 1 0 1 1 1 0 1,2,651,130,17056
2,13,0 0 0 0 0 0 0 1 1 0 0 0 0 1,2,634,143,16627
2,13,0 0 0 0 0 0 0 1 1 0 0 1 0 1,2,639,130,16744
2,13,0 0 0 0 0 0 0 1 1 0 1 0 0 1,2,616,143,16159
2,13,0 0 0 0 0 0 0 1 1 0 1 1 0 1,2,618,104,16172
2,13,0 0 0 0 0 0 0 1 1 1 0 0 0 1,2,593,143,15561
2,13,0 0 0 0 0 0 0 1 1 1 0 1 0 1,2,660,104,17264
2,13,0 0 0 0 0 0 0 1 1 1 1 0 0 1,2,643,117,16835
2,13,0 0 0 0 0 0 0 1 1 1 1 1 0 1,2,629,130,16484
2,14,0 0 0 0 0 0 0 0 0 0 0 0 0 0 1,2,1195,288,33748
2,14,0 0 0 0 0 0 0 0 0 0 0 0 0 1 1,2,1177,280,33236
2,14,0 0 0 0 0 0 0 0 0 0 0 0 1 1 1,2,1157,224,32620
2,14,0 0 0 0 0 0 0 0 0 0 0 1 0 0 1,2,1136,252,32060
2,14,0 0 0 0 0 0 0 0 0 0 0 1 0 1 1,2,1148,252,32396
2,14,0 0 0 0 0 0 0 0 0 0 0 1 1 1 1,1,1140,252,32172
2,14,0 0 0 0 0 0 0 0 0 0 1 0 0 0 1,2,1223,196,34440
2,14,0 0 0 0 0 0 0 0 0 0 1 1 0 0 1,2,1188,280,33544
2,14,0 0 0 0 0 0 0 0 0 0 1 1 0 1 1,1,1168,224,32928
2,14,0 0 0 0 0 0 0 0 0 0 1 1 1 1 1,2,1118,252,31556
2,14,0 0 0 0 0 0 0 0 0 1 0 0 0 0 1,2,1124,266,31738
2,14,0 0 0 0 0 0 0 0 0 1 0 0 0 1 1,2,1157,308,32704
2,14,0 0 0 0 0 0 0 0 0 1 0 0 1 1 1,2,1121,252,31640
2,14,0 0 0 0 0 0 0 0 0 1 0 1 0 0 1,2,1127,224,31780
2,14,0 0 0 0 0 0 0 0 0 1 0 1 0 1 1,1,1150,336,32536
2,14,0 0 0 0 0 0 0 0 0 1 0 1 1 1 1,2,1202,252,33908
2,14,0 0 0 0 0 0 0 0 0 1 1 0 0 0 1,2,1172,266,33082
2,14,0 0 0 0 0 0 0 0 0 1 1 1 0 0 1,2,1151,224,32452
2,14,0 0 0 0 0 0 0 0 0 1 1 1 0 1 1,2,1172,252,33068
2,14,0 0 0 0 0 0 0 0 0 1 1 1 1 1 1,1,1182,252,33348
2,14,0 0 0 0 0 0 0 0 1 0 0 0 0 0 1,2,1147,280,32396
2,14,0 0 0 0 0 0 0 0 1 0 0 0 0 1 1,2,1159,224,32676
2,14,0 0 0 0 0 0 0 0 1 0 0 0 1 1 1,2,1195,280,33740
2,14,0 0 0 0 0 0 0 0 1 0 0 1 0 0 1,2,1146,252,32340
2,14,0 0 0 0 0 0 0 0 1 0 0 1 1 1 1,1,1120,252,31612
2,14,0 0 0 0 0 0 0 0 1 0 1 0 0 0 1,2,1207,308,34104
2,14,0 0 0 0 0 0 0 0 1 0 1 1 0 0 1,2,1166,224,32872
2,14,0 0 0 0 0 0 0 0 1 0 1 1 0 1 1,1,1156,240,32608
2,14,0 0 0 0 0 0 0 0 1 1 0 0 0 0 1,2,1144,238,32270
2,14,0 0 0 0 0 0 0 0 1 1 0 0 0 1 1,2,1147,196,32312
2,14,0 0 0 0 0 0 0 0 1 1 0 0 1 1 1,2,1183,252,33376
2,14,0 0 0 0 0 0 0 0 1 1 0 1 0 0 1,2,1141,308,32256
2,14,0 0 0 0 0 0 0 0 1 1 0 1 0 1 1,1,1102,336,31192
2,14,0 0 0 0 0 0 0 0 1 1 1 0 0 0 1,2,1172,238,33054
2,14,0 0 0 0 0 0 0 0 1 1 1 1 0 0 1,2,1169,252,32984
2,14,0 0 0 0 0 0 0 0 1 1 1 1 1 1 1,1,1166,252,32900
2,15,0 0 0 0 0 0 0 0 0 0 0 0 0 0 0 1,2,2196,301,66181
2,15,0 0 0 0 0 0 0 0 0 0 0 0 0 1 0 1,2,2214,300,66720
2,15,0 0 0 0 0 0 0 0 0 0 0 0 1 0 0 1,2,2159,255,65025
2,15,0 0 0 0 0 0 0 0 0 0 0 0 1 1 0 1,2,2158,228,64968
2,15,0 0 0 0 0 0 0 0 0 0 0 1 0 0 0 1,2,2185,255,65805
2,15,0 0 0 0 0 0 0 0 0 0 0 1 0 1 0 1,2,2132,300,64260
2,15,0 0 0 0 0 0 0 0 0 0 0 1 1 0 0 1,2,2197,225,66135
2,15,0 0 0 0 0 0 0 0 0 0 0 1 1 1 0 1,2,2163,210,65100
2,15,0 0 0 0 0 0 0 0 0 0 1 0 0 0 0 1,2,2169,285,65355
2,15,0 0 0 0 0 0 0 0 0 0 1 0 0 1 0 1,2,2216,300,66780
2,15,0 0 0 0 0 0 0 0 0 0 1 0 1 0 0 1,2,2193,315,66105
2,15,0 0 0 0 0 0 0 0 0 0 1 0 1 1 0 1,2,2155,240,64890
2,15,0 0 0 0 0 0 0 0 0 0 1 1 0 0 0 1,2,2138,225,64365
2,15,0 0 0 0 0 0 0 0 0 0 1 1 0 1 0 1,2,2157,300,65010
2,15,0 0 0 0 0 0 0 0 0 0 1 1 1 0 0 1,2,2171,285,65415
2,15,0 0 0 0 0 0 0 0 0 0 1 1 1 1 0 1,2,2165,210,65160
2,15,0 0 0 0 0 0 0 0 0 1 0 0 0 0 0 1,2,2183,165,65655
2,15,0 0 0 0 0 0 0 0 0 1 0 0 0 1 0 1,2,2163,270,65160
2,15,0 0 0 0 0 0 0 0 0 1 0 0 1 0 0 1,2,2243,285,67575
2,15,0 0 0 0 0 0 0 0 0 1 0 0 1 1 0 1,2,2169,240,65310
2,15,0 0 0 0 0 0 0 0 0 1 0 1 0 0 0 1,2,2166,195,65175
2,15,0 0 0 0 0 0 0 0 0 1 0 1 0 1 0 1,2,2165,270,65220
2,15,0 0 0 0 0 0 0 0 0 1 0 1 1 0 0 1,2,2179,285,65655
2,15,0 0 0 0 0 0 0 0 0 1 0 1 1 1 0 1,2,2180,240,65640
2,15,0 0 0 0 0 0 0 0 0 1 1 0 0 0 0 1,2,2185,255,65805
2,15,0 0 0 0 0 0 0 0 0 1 1 0 0 1 0 1,2,2168,210,65250
2,15,0 0 0 0 0 0 0 0 0 1 1 0 1 0 0 1,2,2124,275,63995
2,15,0 0 0 0 0 0 0 0 0 1 1 0 1 1 0 1,2,2157,300,65010
2,15,0 0 0 0 0 0 0 0 0 1 1 1 0 0 0 1,2,2106,255,63435
2,15,0 0 0 0 0 0 0 0 0 1 1 1 0 1 0 1,2,2189,290,65960
2,15,0 0 0 0 0 0 0 0 0 1 1 1 1 0 0 1,2,2160,255,65055
2,15,0 0 0 0 0 0 0 0 0 1 1 1 1 1 0 1,2,2175,240,65490
2,15,0 0 0 0 0 0 0 0 1 0 0 0 0 0 0 1,2,2183,255,65745
2,15,0 0 0 0 0 0 0 0 1 0 0 0 0 1 0 1,2,2157,270,64980
2,15,0 0 0 0 0 0 0 0 1 0 0 0 1 0 0 1,2,2238,255,67395
2,15,0 0 0 0 0 0 0 0 1 0 0 0 1 1 0 1,2,2171,210,65340
2,15,0 0 0 0 0 0 0 0 1 0 0 1 0 0 0 1,2,2150,255,64755
2,15,0 0 0 0 0 0 0 0 1 0 0 1 0 1 0 1,2,2187,210,65820
2,15,0 0 0 0 0 0 0 0 1 0 0 1 1 0 0 1,2,2148,315,64755
2,15,0 0 0 0 0 0 0 0 1 0 0 1 1 1 0 1,2,2180,300,65700
2,15,0 0 0 0 0 0 0 0 1 0 1 0 0 0 0 1,2,2174,285,65505
2,15,0 0 0 0 0 0 0 0 1 0 1 0 0 1 0 1,2,2147,210,64620
2,15,0 0 0 0 0 0 0 0 1 0 1 0 1 0 0 1,2,2218,225,66765
2,15,0 0 0 0 0 0 0 0 1 0 1 0 1 1 0 1,2,2182,290,65750
2,15,0 0 0 0 0 0 0 0 1 0 1 1 0 0 0 1,2,2213,315,66705
2,15,0 0 0 0 0 0 0 0 1 0 1 1 0 1 0 1,2,2234,210,67230
2,15,0 0 0 0 0 0 0 0 1 0 1 1 1 0 0 1,2,2188,165,65805
2,15,0 0 0 0 0 0 0 0 1 0 1 1 1 1 0 1,2,2134,240,64260
2,15,0 0 0 0 0 0 0 0 1 1 0 0 0 0 0 1,2,2144,285,64605
2,15,0 0 0 0 0 0 0 0 1 1 0 0 0 1 0 1,2,2170,270,65370
2,15,0 0 0 0 0 0 0 0 1 1 0 0 1 0 0 1,2,2148,255,64695
2,15,0 0 0 0 0 0 0 0 1 1 0 0 1 1 0 1,2,2148,240,64680
2,15,0 0 0 0 0 0 0 0 1 1 0 1 0 0 0 1,2,2173,225,65415
2,15,0 0 0 0 0 0 0 0 1 1 0 1 0 1 0 1,2,2200,270,66270
2,15,0 0 0 0 0 0 0 0 1 1 0 1 1 0 0 1,2,2188,285,65925
2,15,0 0 0 0 0 0 0 0 1 1 0 1 1 1 0 1,2,2155,300,64950
2,15,0 0 0 0 0 0 0 0 1 1 1 0 0 0 0 1,2,2194,285,66105
2,15,0 0 0 0 0 0 0 0 1 1 1 0 0 1 0 1,2,2129,210,64080
2,15,0 0 0 0 0 0 0 0 1 1 1 0 1 0 0 1,2,2181,255,65685
2,15,0 0 0 0 0 0 0 0 1 1 1 0 1 1 0 1,2,2200,240,66240
2,15,0 0 0 0 0 0 0 0 1 1 1 1 0 0 0 1,2,2225,255,67005
2,15,0 0 0 0 0 0 0 0 1 1 1 1 0 1 0 1,2,2124,270,63990
2,15,0 0 0 0 0 0 0 0 1 1 1 1 1 0 0 1,2,2193,225,66015
2,15,0 0 0 0 0 0 0 0 1 1 1 1 1 1 0 1,2,2244,240,67560
2,16,0 0 0 0 0 0 0 0 0 0 0 0 0 0 0 0 1,1,4024,472,129240
2,16,0 0 0 0 0 0 0 0 0 0 0 0 0 0 0 1 1,2,4076,416,130848
2,16,0 0 0 0 0 0 0 0 0 0 0 0 0 0 1 0 1,2,3977,480,127744
2,16,0 0 0 0 0 0 0 0 0 0 0 0 0 1 0 0 1,2,4091,480,131392
2,16,0 0 0 0 0 0 0 0 0 0 0 0 0 1 0 1 1,2,4105,480,131840
2,16,0 0 0 0 0 0 0 0 0 0 0 0 0 1 1 0 1,2,4072,512,130816
2,16,0 0 0 0 0 0 0 0 0 0 0 0 1 0 0 0 1,1,4034,472,129560
2,16,0 0 0 0 0 0 0 0 0 0 0 0 1 0 0 1 1,2,4099,544,131712
2,16,0 0 0 0 0 0 0 0 0 0 0 0 1 1 0 1 1,2,4119,544,132352
2,16,0 0 0 0 0 0 0 0 0 0 0 0 1 1 1 0 1,2,4122,512,132416
2,16,0 0 0 0 0 0 0 0 0 0 0 1 0 0 0 0 1,2,4022,480,129184
2,16,0 0 0 0 0 0 0 0 0 0 0 1 0 0 0 1 1,2,4093,480,131456
2,16,0 0 0 0 0 0 0 0 0 0 0 1 0 0 1 0 1,2,4057,480,130304
2,16,0 0 0 0 0 0 0 0 0 0 0 1 0 1 0 0 1,2,4027,512,129376
2,16,0 0 0 0 0 0 0 0 0 0 0 1 0 1 0 1 1,2,4061,480,130432
2,16,0 0 0 0 0 0 0 0 0 0 0 1 0 1 1 0 1,1,4072,512,130816
2,16,0 0 0 0 0 0 0 0 0 0 0 1 1 0 0 0 1,2,4060,512,130432
2,16,0 0 0 0 0 0 0 0 0 0 0 1 1 0 0 1 1,2,4062,480,130464
2,16,0 0 0 0 0 0 0 0 0 0 0 1 1 1 0 1 1,2,4085,512,131232
2,16,0 0 0 0 0 0 0 0 0 0 0 1 1 1 1 0 1,1,4014,512,128960
2,16,0 0 0 0 0 0 0 0 0 0 1 0 0 0 0 0 1,1,4006,544,128736
2,16,0 0 0 0 0 0 0 0 0 0 1 0 0 0 0 1 1,2,4082,576,131200
2,16,0 0 0 0 0 0 0 0 0 0 1 0 0 0 1 0 1,2,4013,512,128928
2,16,0 0 0 0 0 0 0 0 0 0 1 0 0 1 0 0 1,2,4119,480,132288
2,16,0 0 0 0 0 0 0 0 0 0 1 0 0 1 0 1 1,2,4027,576,129440
2,16,0 0 0 0 0 0 0 0 0 0 1 0 1 0 0 0 1,1,4020,496,129136
2,16,0 0 0 0 0 0 0 0 0 0 1 0 1 0 0 1 1,2,4087,544,131328
2,16,0 0 0 0 0 0 0 0 0 0 1 0 1 1 0 1 1,2,4087,416,131200
2,16,0 0 0 0 0 0 0 0 0 0 1 1 0 0 0 1 1,2,4045,480,129920
2,16,0 0 0 0 0 0 0 0 0 0 1 1 0 0 1 0 1,2,4071,480,130752
2,16,0 0 0 0 0 0 0 0 0 0 1 1 0 1 0 0 1,2,4059,576,130464
2,16,0 0 0 0 0 0 0 0 0 0 1 1 0 1 0 1 1,2,4061,480,130432
2,16,0 0 0 0 0 0 0 0 0 0 1 1 0 1 1 0 1,1,4120,448,132288
2,16,0 0 0 0 0 0 0 0 0 0 1 1 1 0 0 1 1,2,4092,512,131456
2,16,0 0 0 0 0 0 0 0 0 0 1 1 1 1 0 1 1,2,4107,480,131904
2,16,0 0 0 0 0 0 0 0 0 0 1 1 1 1 1 0 1,1,4130,448,132608
2,16,0 0 0 0 0 0 0 0 0 1 0 0 0 0 0 0 1,1,4114,576,132224
2,16,0 0 0 0 0 0 0 0 0 1 0 0 0 0 0 1 1,2,4148,640,133376
2,16,0 0 0 0 0 0 0 0 0 1 0 0 0 0 1 0 1,2,3983,480,127936
2,16,0 0 0 0 0 0 0 0 0 1 0 0 0 1 0 0 1,2,4073,512,130848
2,16,0 0 0 0 0 0 0 0 0 1 0 0 0 1 0 1 1,2,4045,480,129920
2,16,0 0 0 0 0 0 0 0 0 1 0 0 0 1 1 0 1,2,4104,576,131904
2,16,0 0 0 0 0 0 0 0 0 1 0 0 1 0 0 0 1,1,4000,512,128512
2,16,0 0 0 0 0 0 0 0 0 1 0 0 1 0 0 1 1,2,4143,544,133120
2,16,0 0 0 0 0 0 0 0 0 1 0 0 1 1 0 1 1,2,4113,512,132128
2,16,0 0 0 0 0 0 0 0 0 1 0 0 1 1 1 0 1,2,4082,576,131200
2,16,0 0 0 0 0 0 0 0 0 1 0 1 0 0 0 0 1,2,4106,480,131872
2,16,0 0 0 0 0 0 0 0 0 1 0 1 0 0 0 1 1,2,4045,480,129920
2,16,0 0 0 0 0 0 0 0 0 1 0 1 0 0 1 0 1,2,4097,576,131680
2,16,0 0 0 0 0 0 0 0 0 1 0 1 0 1 0 0 1,2,4045,512,129952
2,16,0 0 0 0 0 0 0 0 0 1 0 1 0 1 0 1 1,2,4115,576,132256
2,16,0 0 0 0 0 0 0 0 0 1 0 1 0 1 1 0 1,1,4096,576,131648
2,16,0 0 0 0 0 0 0 0 0 1 0 1 1 0 0 0 1,2,4084,576,131264
2,16,0 0 0 0 0 0 0 0 0 1 0 1 1 0 0 1 1,2,4042,448,129792
2,16,0 0 0 0 0 0 0 0 0 1 0 1 1 1 0 1 1,2,3981,448,127840
2,16,0 0 0 0 0 0 0 0 0 1 0 1 1 1 1 0 1,1,4138,512,132928
2,16,0 0 0 0 0 0 0 0 0 1 1 0 0 0 0 0 1,1,3952,384,126848
2,16,0 0 0 0 0 0 0 0 0 1 1 0 0 0 0 1 1,2,4066,416,130528
2,16,0 0 0 0 0 0 0 0 0 1 1 0 0 0 1 0 1,2,4123,512,132448
2,16,0 0 0 0 0 0 0 0 0 1 1 0 0 1 0 0 1,2,4089,448,131296
2,16,0 0 0 0 0 0 0 0 0 1 1 0 0 1 0 1 1,2,4099,512,131680
2,16,0 0 0 0 0 0 0 0 0 1 1 0 1 0 0 0 1,1,4154,512,133440
2,16,0 0 0 0 0 0 0 0 0 1 1 0 1 0 0 1 1,2,4071,480,130752
2,16,0 0 0 0 0 0 0 0 0 1 1 0 1 1 0 1 1,2,4065,576,130656
2,16,0 0 0 0 0 0 0 0 0 1 1 1 0 0 0 1 1,2,4121,544,132416
2,16,0 0 0 0 0 0 0 0 0 1 1 1 0 0 1 0 1,2,4023,512,129248
2,16,0 0 0 0 0 0 0 0 0 1 1 1 0 1 0 0 1,2,4057,576,130400
2,16,0 0 0 0 0 0 0 0 0 1 1 1 0 1 0 1 1,2,4003,512,128608
2,16,0 0 0 0 0 0 0 0 0 1 1 1 0 1 1 0 1,1,4124,512,132480
2,16,0 0 0 0 0 0 0 0 0 1 1 1 1 0 0 1 1,2,4120,608,132448
2,16,0 0 0 0 0 0 0 0 0 1 1 1 1 1 0 1 1,2,4143,608,133184
2,16,0 0 0 0 0 0 0 0 0 1 1 1 1 1 1 0 1,1,4034,576,129664
2,17,0 0 0 0 0 0 0 0 0 0 0 0 0 0 0 0 0 1,2,7713,562,262804
2,17,0 0 0 0 0 0 0 0 0 0 0 0 0 0 0 1 0 1,2,7778,408,264860
2,17,0 0 0 0 0 0 0 0 0 0 0 0 0 0 1 0 0 1,2,7720,493,262973
2,17,0 0 0 0 0 0 0 0 0 0 0 0 0 0 1 1 0 1,2,7655,561,260831
2,17,0 0 0 0 0 0 0 0 0 0 0 0 0 1 0 0 0 1,2,7763,578,264520
2,17,0 0 0 0 0 0 0 0 0 0 0 0 0 1 0 1 0 1,2,7648,425,260457
2,17,0 0 0 0 0 0 0 0 0 0 0 0 0 1 1 0 0 1,2,7610,527,259267
2,17,0 0 0 0 0 0 0 0 0 0 0 0 0 1 1 1 0 1,2,7646,527,260491
2,17,0 0 0 0 0 0 0 0 0 0 0 0 1 0 0 0 0 1,2,7720,612,263092
2,17,0 0 0 0 0 0 0 0 0 0 0 0 1 0 0 1 0 1,2,7672,408,261256
2,17,0 0 0 0 0 0 0 0 0 0 0 0 1 0 1 0 0 1,2,7620,527,259607
2,17,0 0 0 0 0 0 0 0 0 0 0 0 1 0 1 1 0 1,2,7721,493,263007
2,17,0 0 0 0 0 0 0 0 0 0 0 0 1 1 0 0 0 1,2,7810,595,266135
2,17,0 0 0 0 0 0 0 0 0 0 0 0 1 1 0 1 0 1,2,7644,646,260542
2,17,0 0 0 0 0 0 0 0 0 0 0 0 1 1 1 0 0 1,2,7687,527,261885
2,17,0 0 0 0 0 0 0 0 0 0 0 0 1 1 1 1 0 1,2,7591,578,258672
2,17,0 0 0 0 0 0 0 0 0 0 0 1 0 0 0 0 0 1,2,7650,527,260627
2,17,0 0 0 0 0 0 0 0 0 0 0 1 0 0 0 1 0 1,2,7788,459,265251
2,17,0 0 0 0 0 0 0 0 0 0 0 1 0 0 1 0 0 1,2,7640,561,260321
2,17,0 0 0 0 0 0 0 0 0 0 0 1 0 0 1 1 0 1,2,7745,476,263806
2,17,0 0 0 0 0 0 0 0 0 0 0 1 0 1 0 0 0 1,2,7581,510,258264
2,17,0 0 0 0 0 0 0 0 0 0 0 1 0 1 0 1 0 1,2,7644,595,260491
2,17,0 0 0 0 0 0 0 0 0 0 0 1 0 1 1 0 0 1,2,7695,493,262123
2,17,0 0 0 0 0 0 0 0 0 0 0 1 0 1 1 1 0 1,2,7729,510,263296
2,17,0 0 0 0 0 0 0 0 0 0 0 1 1 0 0 0 0 1,2,7697,493,262191
2,17,0 0 0 0 0 0 0 0 0 0 0 1 1 0 0 1 0 1,2,7580,578,258298
2,17,0 0 0 0 0 0 0 0 0 0 0 1 1 0 1 0 0 1,2,7704,493,262429
2,17,0 0 0 0 0 0 0 0 0 0 0 1 1 0 1 1 0 1,2,7697,442,262140
2,17,0 0 0 0 0 0 0 0 0 0 0 1 1 1 0 0 0 1,2,7761,425,264299
2,17,0 0 0 0 0 0 0 0 0 0 0 1 1 1 0 1 0 1,2,7689,595,262021
2,17,0 0 0 0 0 0 0 0 0 0 0 1 1 1 1 0 0 1,2,7781,476,265030
2,17,0 0 0 0 0 0 0 0 0 0 0 1 1 1 1 1 0 1,2,7660,510,260950
2,17,0 0 0 0 0 0 0 0 0 0 1 0 0 0 0 0 0 1,2,7630,561,259981
2,17,0 0 0 0 0 0 0 0 0 0 1 0 0 0 0 1 0 1,2,7658,527,260899
2,17,0 0 0 0 0 0 0 0 0 0 1 0 0 0 1 0 0 1,2,7794,476,265472
2,17,0 0 0 0 0 0 0 0 0 0 1 0 0 0 1 1 0 1,2,7616,493,259437
2,17,0 0 0 0 0 0 0 0 0 0 1 0 0 1 0 0 0 1,2,7649,476,260542
2,17,0 0 0 0 0 0 0 0 0 0 1 0 0 1 0 1 0 1,2,7743,527,263789
2,17,0 0 0 0 0 0 0 0 0 0 1 0 0 1 1 0 0 1,2,7683,493,261715
2,17,0 0 0 0 0 0 0 0 0 0 1 0 0 1 1 1 0 1,2,7642,510,260338
2,17,0 0 0 0 0 0 0 0 0 0 1 0 1 0 0 0 0 1,2,7860,493,267733
2,17,0 0 0 0 0 0 0 0 0 0 1 0 1 0 0 1 0 1,2,7694,493,262089
2,17,0 0 0 0 0 0 0 0 0 0 1 0 1 0 1 0 0 1,2,7665,544,261154
2,17,0 0 0 0 0 0 0 0 0 0 1 0 1 0 1 1 0 1,2,7695,578,262208
2,17,0 0 0 0 0 0 0 0 0 0 1 0 1 1 0 0 0 1,2,7731,493,263347
2,17,0 0 0 0 0 0 0 0 0 0 1 0 1 1 0 1 0 1,2,7663,561,261103
2,17,0 0 0 0 0 0 0 0 0 0 1 0 1 1 1 0 0 1,2,7713,595,262837
2,17,0 0 0 0 0 0 0 0 0 0 1 0 1 1 1 1 0 1,2,7732,527,263415
2,17,0 0 0 0 0 0 0 0 0 0 1 1 0 0 0 0 0 1,2,7734,476,263432
2,17,0 0 0 0 0 0 0 0 0 0 1 1 0 0 0 1 0 1,2,7665,561,261171
2,17,0 0 0 0 0 0 0 0 0 0 1 1 0 0 1 0 0 1,2,7748,527,263959
2,17,0 0 0 0 0 0 0 0 0 0 1 1 0 0 1 1 0 1,2,7723,493,263075
2,17,0 0 0 0 0 0 0 0 0 0 1 1 0 1 0 0 0 1,2,7706,510,262514
2,17,0 0 0 0 0 0 0 0 0 0 1 1 0 1 0 1 0 1,2,7774,544,264860
2,17,0 0 0 0 0 0 0 0 0 0 1 1 0 1 1 0 0 1,2,7656,578,260882
2,17,0 0 0 0 0 0 0 0 0 0 1 1 0 1 1 1 0 1,2,7716,578,262922
2,17,0 0 0 0 0 0 0 0 0 0 1 1 1 0 0 0 0 1,2,7667,527,261205
2,17,0 0 0 0 0 0 0 0 0 0 1 1 1 0 0 1 0 1,2,7747,527,263925
2,17,0 0 0 0 0 0 0 0 0 0 1 1 1 0 1 0 0 1,2,7662,442,260950
2,17,0 0 0 0 0 0 0 0 0 0 1 1 1 0 1 1 0 1,2,7752,561,264129
2,17,0 0 0 0 0 0 0 0 0 0 1 1 1 1 0 0 0 1,2,7592,476,258604
2,17,0 0 0 0 0 0 0 0 0 0 1 1 1 1 0 1 0 1,2,7691,544,262038
2,17,0 0 0 0 0 0 0 0 0 0 1 1 1 1 1 0 0 1,2,7640,510,260270
2,17,0 0 0 0 0 0 0 0 0 0 1 1 1 1 1 1 0 1,2,7642,459,260287
2,17,0 0 0 0 0 0 0 0 0 1 0 0 0 0 0 0 0 1,2,7618,544,259556
2,17,0 0 0 0 0 0 0 0 0 1 0 0 0 0 0 1 0 1,2,7719,510,262956
2,17,0 0 0 0 0 0 0 0 0 1 0 0 0 0 1 0 0 1,2,7661,357,260831
2,17,0 0 0 0 0 0 0 0 0 1 0 0 0 0 1 1 0 1,2,7608,561,259233
2,17,0 0 0 0 0 0 0 0 0 1 0 0 0 1 0 0 0 1,2,7736,578,263602
2,17,0 0 0 0 0 0 0 0 0 1 0 0 0 1 0 1 0 1,2,7694,425,262021
2,17,0 0 0 0 0 0 0 0 0 1 0 0 0 1 1 0 0 1,2,7729,561,263347
2,17,0 0 0 0 0 0 0 0 0 1 0 0 0 1 1 1 0 1,2,7674,493,261409
2,17,0 0 0 0 0 0 0 0 0 1 0 0 1 0 0 0 0 1,2,7597,510,258808
2,17,0 0 0 0 0 0 0 0 0 1 0 0 1 0 0 1 0 1,2,7689,510,261936
2,17,0 0 0 0 0 0 0 0 0 1 0 0 1 0 1 0 0 1,2,7696,425,262089
2,17,0 0 0 0 0 0 0 0 0 1 0 0 1 0 1 1 0 1,2,7725,527,263177
2,17,0 0 0 0 0 0 0 0 0 1 0 0 1 1 0 0 0 1,2,7637,561,260219
2,17,0 0 0 0 0 0 0 0 0 1 0 0 1 1 0 1 0 1,2,7712,408,262616
2,17,0 0 0 0 0 0 0 0 0 1 0 0 1 1 1 0 0 1,2,7635,527,260117
2,17,0 0 0 0 0 0 0 0 0 1 0 0 1 1 1 1 0 1,2,7718,476,262888
2,17,0 0 0 0 0 0 0 0 0 1 0 1 0 0 0 0 0 1,2,7714,493,262769
2,17,0 0 0 0 0 0 0 0 0 1 0 1 0 0 0 1 0 1,2,7610,629,259369
2,17,0 0 0 0 0 0 0 0 0 1 0 1 0 0 1 0 0 1,2,7808,527,265999
2,17,0 0 0 0 0 0 0 0 0 1 0 1 0 0 1 1 0 1,2,7713,476,262718
2,17,0 0 0 0 0 0 0 0 0 1 0 1 0 1 0 0 0 1,2,7693,544,262106
2,17,0 0 0 0 0 0 0 0 0 1 0 1 0 1 0 1 0 1,2,7583,493,258315
2,17,0 0 0 0 0 0 0 0 0 1 0 1 0 1 1 0 0 1,2,7647,561,260559
2,17,0 0 0 0 0 0 0 0 0 1 0 1 0 1 1 1 0 1,2,7684,476,261732
2,17,0 0 0 0 0 0 0 0 0 1 0 1 1 0 0 0 0 1,2,7725,527,263177
2,17,0 0 0 0 0 0 0 0 0 1 0 1 1 0 0 1 0 1,2,7772,442,264690
2,17,0 0 0 0 0 0 0 0 0 1 0 1 1 0 1 0 0 1,2,7735,493,263483
2,17,0 0 0 0 0 0 0 0 0 1 0 1 1 0 1 1 0 1,2,7694,476,262072
2,17,0 0 0 0 0 0 0 0 0 1 0 1 1 1 0 0 0 1,2,7761,493,264367
2,17,0 0 0 0 0 0 0 0 0 1 0 1 1 1 0 1 0 1,2,7626,493,259777
2,17,0 0 0 0 0 0 0 0 0 1 0 1 1 1 1 0 0 1,2,7652,544,260712
2,17,0 0 0 0 0 0 0 0 0 1 0 1 1 1 1 1 0 1,2,7708,510,262582
2,17,0 0 0 0 0 0 0 0 0 1 1 0 0 0 0 0 0 1,2,7641,493,260287
2,17,0 0 0 0 0 0 0 0 0 1 1 0 0 0 0 1 0 1,2,7699,493,262259
2,17,0 0 0 0 0 0 0 0 0 1 1 0 0 0 1 0 0 1,2,7777,578,264996
2,17,0 0 0 0 0 0 0 0 0 1 1 0 0 0 1 1 0 1,2,7699,527,262293
2,17,0 0 0 0 0 0 0 0 0 1 1 0 0 1 0 0 0 1,2,7788,544,265336
2,17,0 0 0 0 0 0 0 0 0 1 1 0 0 1 0 1 0 1,2,7719,561,263007
2,17,0 0 0 0 0 0 0 0 0 1 1 0 0 1 1 0 0 1,2,7660,459,260899
2,17,0 0 0 0 0 0 0 0 0 1 1 0 0 1 1 1 0 1,2,7786,476,265200
2,17,0 0 0 0 0 0 0 0 0 1 1 0 1 0 0 0 0 1,2,7663,493,261035
2,17,0 0 0 0 0 0 0 0 0 1 1 0 1 0 0 1 0 1,2,7703,459,262361
2,17,0 0 0 0 0 0 0 0 0 1 1 0 1 0 1 0 0 1,2,7699,476,262242
2,17,0 0 0 0 0 0 0 0 0 1 1 0 1 0 1 1 0 1,2,7707,612,262650
2,17,0 0 0 0 0 0 0 0 0 1 1 0 1 1 0 0 0 1,2,7680,459,261579
2,17,0 0 0 0 0 0 0 0 0 1 1 0 1 1 0 1 0 1,2,7745,459,263789
2,17,0 0 0 0 0 0 0 0 0 1 1 0 1 1 1 0 0 1,2,7739,595,263721
2,17,0 0 0 0 0 0 0 0 0 1 1 0 1 1 1 1 0 1,2,7681,425,261579
2,17,0 0 0 0 0 0 0 0 0 1 1 1 0 0 0 0 0 1,2,7752,544,264112
2,17,0 0 0 0 0 0 0 0 0 1 1 1 0 0 0 1 0 1,2,7647,425,260423
2,17,0 0 0 0 0 0 0 0 0 1 1 1 0 0 1 0 0 1,2,7696,493,262157
2,17,0 0 0 0 0 0 0 0 0 1 1 1 0 0 1 1 0 1,2,7737,425,263483
2,17,0 0 0 0 0 0 0 0 0 1 1 1 0 1 0 0 0 1,2,7600,476,258876
2,17,0 0 0 0 0 0 0 0 0 1 1 1 0 1 0 1 0 1,2,7679,578,261664
2,17,0 0 0 0 0 0 0 0 0 1 1 1 0 1 1 0 0 1,2,7716,476,262820
2,17,0 0 0 0 0 0 0 0 0 1 1 1 0 1 1 1 0 1,2,7675,578,261528
2,17,0 0 0 0 0 0 0 0 0 1 1 1 1 0 0 0 0 1,2,7723,493,263075
2,17,0 0 0 0 0 0 0 0 0 1 1 1 1 0 0 1 0 1,2,7667,527,261205
2,17,0 0 0 0 0 0 0 0 0 1 1 1 1 0 1 0 0 1,2,7683,544,261766
2,17,0 0 0 0 0 0 0 0 0 1 1 1 1 0 1 1 0 1,2,7773,527,264809
2,17,0 0 0 0 0 0 0 0 0 1 1 1 1 1 0 0 0 1,2,7664,510,261086
2,17,0 0 0 0 0 0 0 0 0 1 1 1 1 1 0 1 0 1,2,7818,510,266322
2,17,0 0 0 0 0 0 0 0 0 1 1 1 1 1 1 0 0 1,2,7769,442,264588
2,17,0 0 0 0 0 0 0 0 0 1 1 1 1 1 1 1 0 1,2,7808,459,265931
2,18,0 0 0 0 0 0 0 0 0 0 0 0 0 0 0 0 0 0 1,2,14716,1099,530875
2,18,0 0 0 0 0 0 0 0 0 0 0 0 0 0 0 0 0 1 1,1,14480,1044,522324
2,18,0 0 0 0 0 0 0 0 0 0 0 0 0 0 0 0 1 1 1,1,14602,1026,526698
2,18,0 0 0 0 0 0 0 0 0 0 0 0 0 0 0 1 0 0 1,2,14565,1050,525390
2,18,0 0 0 0 0 0 0 0 0 0 0 0 0 0 0 1 0 1 1,2,14410,1080,519840
2,18,0 0 0 0 0 0 0 0 0 0 0 0 0 0 0 1 1 1 1,2,14429,1044,520488
2,18,0 0 0 0 0 0 0 0 0 0 0 0 0 0 1 0 0 0 1,2,14802,1071,533943
2,18,0 0 0 0 0 0 0 0 0 0 0 0 0 0 1 0 0 1 1,2,14502,1080,523152
2,18,0 0 0 0 0 0 0 0 0 0 0 0 0 0 1 0 1 1 1,2,14551,1062,524898
2,18,0 0 0 0 0 0 0 0 0 0 0 0 0 0 1 1 0 0 1,2,14544,1026,524610
2,18,0 0 0 0 0 0 0 0 0 0 0 0 0 1 0 0 0 0 1,2,14466,900,521676
2,18,0 0 0 0 0 0 0 0 0 0 0 0 0 1 0 0 0 1 1,2,14626,1026,527562
2,18,0 0 0 0 0 0 0 0 0 0 0 0 0 1 0 0 1 1 1,2,14416,882,519858
2,18,0 0 0 0 0 0 0 0 0 0 0 0 0 1 0 1 0 0 1,2,14491,1134,522810
2,18,0 0 0 0 0 0 0 0 0 0 0 0 0 1 0 1 0 1 1,2,14508,1170,523458
2,18,0 0 0 0 0 0 0 0 0 0 0 0 0 1 0 1 1 1 1,2,14378,1062,518670
2,18,0 0 0 0 0 0 0 0 0 0 0 0 0 1 1 0 0 0 1,2,14545,954,524574
2,18,0 0 0 0 0 0 0 0 0 0 0 0 0 1 1 0 0 1 1,2,14476,1080,522216
2,18,0 0 0 0 0 0 0 0 0 0 0 0 0 1 1 0 1 1 1,2,14496,1008,522864
2,18,0 0 0 0 0 0 0 0 0 0 0 0 0 1 1 1 0 0 1,2,14498,864,522792
2,18,0 0 0 0 0 0 0 0 0 0 0 0 1 0 0 0 0 0 1,2,14686,1053,529749
2,18,0 0 0 0 0 0 0 0 0 0 0 0 1 0 0 0 0 1 1,1,14448,900,521028
2,18,0 0 0 0 0 0 0 0 0 0 0 0 1 0 0 0 1 1 1,1,14502,918,522990
2,18,0 0 0 0 0 0 0 0 0 0 0 0 1 0 0 1 0 0 1,2,14454,1152,521496
2,18,0 0 0 0 0 0 0 0 0 0 0 0 1 0 0 1 0 1 1,2,14480,1062,522342
2,18,0 0 0 0 0 0 0 0 0 0 0 0 1 0 0 1 1 1 1,2,14499,990,522954
2,18,0 0 0 0 0 0 0 0 0 0 0 0 1 0 1 0 0 0 1,2,14731,1071,531387
2,18,0 0 0 0 0 0 0 0 0 0 0 0 1 0 1 1 0 0 1,2,14510,1062,523422
2,18,0 0 0 0 0 0 0 0 0 0 0 0 1 1 0 0 0 0 1,2,14594,1140,526524
2,18,0 0 0 0 0 0 0 0 0 0 0 0 1 1 0 1 0 0 1,2,14534,954,524178
2,18,0 0 0 0 0 0 0 0 0 0 0 0 1 1 0 1 0 1 1,2,14429,954,520398
2,18,0 0 0 0 0 0 0 0 0 0 0 0 1 1 0 1 1 1 1,2,14339,1116,517320
2,18,0 0 0 0 0 0 0 0 0 0 0 0 1 1 1 0 0 0 1,2,14525,1062,523962
2,18,0 0 0 0 0 0 0 0 0 0 0 0 1 1 1 0 0 1 1,2,14564,972,525276
2,18,0 0 0 0 0 0 0 0 0 0 0 0 1 1 1 0 1 1 1,2,14442,1044,520956
2,18,0 0 0 0 0 0 0 0 0 0 0 0 1 1 1 1 0 0 1,2,14592,1044,526356
2,18,0 0 0 0 0 0 0 0 0 0 0 1 0 0 0 0 0 0 1,2,14677,1116,529488
2,18,0 0 0 0 0 0 0 0 0 0 0 1 0 0 0 0 0 1 1,2,14434,972,520596
2,18,0 0 0 0 0 0 0 0 0 0 0 1 0 0 0 0 1 1 1,2,14538,1044,524412
2,18,0 0 0 0 0 0 0 0 0 0 0 1 0 0 0 1 0 0 1,2,14688,1026,529794
2,18,0 0 0 0 0 0 0 0 0 0 0 1 0 0 0 1 0 1 1,2,14623,1044,527472
2,18,0 0 0 0 0 0 0 0 0 0 0 1 0 0 0 1 1 1 1,2,14454,1026,521370
2,18,0 0 0 0 0 0 0 0 0 0 0 1 0 0 1 0 0 0 1,2,14520,864,523584
2,18,0 0 0 0 0 0 0 0 0 0 0 1 0 0 1 0 0 1 1,2,14476,972,522108
2,18,0 0 0 0 0 0 0 0 0 0 0 1 0 0 1 0 1 1 1,2,14563,990,525258
2,18,0 0 0 0 0 0 0 0 0 0 0 1 0 0 1 1 0 0 1,2,14476,990,522126
2,18,0 0 0 0 0 0 0 0 0 0 0 1 0 1 0 0 0 0 1,2,14427,1098,520470
2,18,0 0 0 0 0 0 0 0 0 0 0 1 0 1 0 0 0 1 1,2,14596,990,526446
2,18,0 0 0 0 0 0 0 0 0 0 0 1 0 1 0 0 1 1 1,2,14562,1134,525366
2,18,0 0 0 0 0 0 0 0 0 0 0 1 0 1 0 1 0 0 1,2,14621,1206,527562
2,18,0 0 0 0 0 0 0 0 0 0 0 1 0 1 0 1 0 1 1,2,14665,1062,529002
2,18,0 0 0 0 0 0 0 0 0 0 0 1 0 1 0 1 1 1 1,2,14410,756,519516
2,18,0 0 0 0 0 0 0 0 0 0 0 1 0 1 1 0 0 0 1,2,14550,1026,524826
2,18,0 0 0 0 0 0 0 0 0 0 0 1 0 1 1 0 0 1 1,1,14548,1044,524772
2,18,0 0 0 0 0 0 0 0 0 0 0 1 0 1 1 0 1 1 1,1,14538,1062,524430
2,18,0 0 0 0 0 0 0 0 0 0 0 1 0 1 1 1 0 0 1,2,14636,1008,527904
2,18,0 0 0 0 0 0 0 0 0 0 0 1 1 0 0 0 0 0 1,2,14527,1080,524052
2,18,0 0 0 0 0 0 0 0 0 0 0 1 1 0 0 0 0 1 1,2,14566,1152,525528
2,18,0 0 0 0 0 0 0 0 0 0 0 1 1 0 0 0 1 1 1,2,14422,1080,520272
2,18,0 0 0 0 0 0 0 0 0 0 0 1 1 0 0 1 0 0 1,2,14510,1134,523494
2,18,0 0 0 0 0 0 0 0 0 0 0 1 1 0 0 1 0 1 1,2,14473,1062,522090
2,18,0 0 0 0 0 0 0 0 0 0 0 1 1 0 0 1 1 1 1,2,14600,1116,526716
2,18,0 0 0 0 0 0 0 0 0 0 0 1 1 0 1 0 0 0 1,2,14591,1188,526464
2,18,0 0 0 0 0 0 0 0 0 0 0 1 1 0 1 1 0 0 1,2,14475,1008,522108
2,18,0 0 0 0 0 0 0 0 0 0 0 1 1 1 0 0 0 0 1,2,14412,972,519804
2,18,0 0 0 0 0 0 0 0 0 0 0 1 1 1 0 1 0 0 1,2,14528,918,523926
2,18,0 0 0 0 0 0 0 0 0 0 0 1 1 1 0 1 0 1 1,2,14540,1026,524466
2,18,0 0 0 0 0 0 0 0 0 0 0 1 1 1 0 1 1 1 1,2,14565,846,525186
2,18,0 0 0 0 0 0 0 0 0 0 0 1 1 1 1 0 0 0 1,2,14515,972,523512
2,18,0 0 0 0 0 0 0 0 0 0 0 1 1 1 1 0 0 1 1,1,14434,972,520596
2,18,0 0 0 0 0 0 0 0 0 0 0 1 1 1 1 0 1 1 1,1,14572,942,525534
2,18,0 0 0 0 0 0 0 0 0 0 0 1 1 1 1 1 0 0 1,2,14500,972,522972
2,18,0 0 0 0 0 0 0 0 0 0 1 0 0 0 0 0 0 0 1,2,14608,981,526869
2,18,0 0 0 0 0 0 0 0 0 0 1 0 0 0 0 0 0 1 1,1,14508,900,523188
2,18,0 0 0 0 0 0 0 0 0 0 1 0 0 0 0 0 1 1 1,1,14310,1118,516278
2,18,0 0 0 0 0 0 0 0 0 0 1 0 0 0 0 1 0 0 1,2,14503,990,523098
2,18,0 0 0 0 0 0 0 0 0 0 1 0 0 0 0 1 0 1 1,2,14614,936,527040
2,18,0 0 0 0 0 0 0 0 0 0 1 0 0 0 0 1 1 1 1,2,14525,1044,523944
2,18,0 0 0 0 0 0 0 0 0 0 1 0 0 0 1 0 0 0 1,2,14650,945,528345
2,18,0 0 0 0 0 0 0 0 0 0 1 0 0 0 1 0 0 1 1,2,14432,1044,520596
2,18,0 0 0 0 0 0 0 0 0 0 1 0 0 0 1 0 1 1 1,2,14627,1062,527634
2,18,0 0 0 0 0 0 0 0 0 0 1 0 0 0 1 1 0 0 1,2,14474,990,522054
2,18,0 0 0 0 0 0 0 0 0 0 1 0 0 1 0 0 0 0 1,2,14649,1152,528516
2,18,0 0 0 0 0 0 0 0 0 0 1 0 0 1 0 0 0 1 1,2,14430,954,520434
2,18,0 0 0 0 0 0 0 0 0 0 1 0 0 1 0 0 1 1 1,2,14504,954,523098
2,18,0 0 0 0 0 0 0 0 0 0 1 0 0 1 0 1 0 0 1,2,14380,990,518670
2,18,0 0 0 0 0 0 0 0 0 0 1 0 0 1 0 1 0 1 1,2,14354,738,517482
2,18,0 0 0 0 0 0 0 0 0 0 1 0 0 1 0 1 1 1 1,2,14596,990,526446
2,18,0 0 0 0 0 0 0 0 0 0 1 0 0 1 1 0 0 0 1,2,14432,1026,520578
2,18,0 0 0 0 0 0 0 0 0 0 1 0 0 1 1 1 0 0 1,2,14683,1044,529632
2,18,0 0 0 0 0 0 0 0 0 0 1 0 1 0 0 0 0 0 1,2,14552,891,524763
2,18,0 0 0 0 0 0 0 0 0 0 1 0 1 0 0 0 0 1 1,1,14496,972,522828
2,18,0 0 0 0 0 0 0 0 0 0 1 0 1 0 0 0 1 1 1,1,14562,1314,525546
2,18,0 0 0 0 0 0 0 0 0 0 1 0 1 0 0 1 0 0 1,2,14562,1008,525240
2,18,0 0 0 0 0 0 0 0 0 0 1 0 1 0 0 1 0 1 1,2,14522,1026,523818
2,18,0 0 0 0 0 0 0 0 0 0 1 0 1 0 0 1 1 1 1,2,14549,1050,524814
2,18,0 0 0 0 0 0 0 0 0 0 1 0 1 0 1 0 0 0 1,2,14727,921,531093
2,18,0 0 0 0 0 0 0 0 0 0 1 0 1 0 1 1 0 0 1,2,14608,882,526770
2,18,0 0 0 0 0 0 0 0 0 0 1 0 1 1 0 0 0 0 1,2,14587,1008,526140
2,18,0 0 0 0 0 0 0 0 0 0 1 0 1 1 0 1 0 0 1,2,14399,954,519318
2,18,0 0 0 0 0 0 0 0 0 0 1 0 1 1 0 1 0 1 1,2,14651,954,528390
2,18,0 0 0 0 0 0 0 0 0 0 1 0 1 1 0 1 1 1 1,2,14385,1008,518868
2,18,0 0 0 0 0 0 0 0 0 0 1 0 1 1 1 0 0 0 1,2,14410,1062,519822
2,18,0 0 0 0 0 0 0 0 0 0 1 0 1 1 1 1 0 0 1,2,14571,1008,525564
2,18,0 0 0 0 0 0 0 0 0 0 1 1 0 0 0 0 0 0 1,2,14623,864,527292
2,18,0 0 0 0 0 0 0 0 0 0 1 1 0 0 0 1 0 0 1,2,14482,1134,522486
2,18,0 0 0 0 0 0 0 0 0 0 1 1 0 0 0 1 0 1 1,2,14635,1140,528000
2,18,0 0 0 0 0 0 0 0 0 0 1 1 0 0 0 1 1 1 1,2,14458,1062,521550
2,18,0 0 0 0 0 0 0 0 0 0 1 1 0 0 1 0 0 0 1,2,14600,1116,526716
2,18,0 0 0 0 0 0 0 0 0 0 1 1 0 0 1 0 0 1 1,2,14532,936,524088
2,18,0 0 0 0 0 0 0 0 0 0 1 1 0 0 1 0 1 1 1,2,14655,918,528498
2,18,0 0 0 0 0 0 0 0 0 0 1 1 0 0 1 1 0 0 1,2,14540,1026,524466
2,18,0 0 0 0 0 0 0 0 0 0 1 1 0 1 0 0 0 0 1,2,14640,1134,528174
2,18,0 0 0 0 0 0 0 0 0 0 1 1 0 1 0 0 0 1 1,2,14606,1062,526878
2,18,0 0 0 0 0 0 0 0 0 0 1 1 0 1 0 0 1 1 1,2,14506,1062,523278
2,18,0 0 0 0 0 0 0 0 0 0 1 1 0 1 0 1 0 0 1,2,14538,990,524358
2,18,0 0 0 0 0 0 0 0 0 0 1 1 0 1 0 1 0 1 1,2,14531,1062,524178
2,18,0 0 0 0 0 0 0 0 0 0 1 1 0 1 0 1 1 1 1,2,14544,1080,524664
2,18,0 0 0 0 0 0 0 0 0 0 1 1 0 1 1 0 0 0 1,2,14447,918,521010
2,18,0 0 0 0 0 0 0 0 0 0 1 1 0 1 1 0 0 1 1,1,14424,972,520236
2,18,0 0 0 0 0 0 0 0 0 0 1 1 0 1 1 0 1 1 1,1,14558,1026,525114
2,18,0 0 0 0 0 0 0 0 0 0 1 1 0 1 1 1 0 0 1,2,14585,1044,526104
2,18,0 0 0 0 0 0 0 0 0 0 1 1 1 0 0 0 0 0 1,2,14595,1044,526464
2,18,0 0 0 0 0 0 0 0 0 0 1 1 1 0 0 1 0 0 1,2,14596,954,526410
2,18,0 0 0 0 0 0 0 0 0 0 1 1 1 0 0 1 0 1 1,2,14539,1098,524502
2,18,0 0 0 0 0 0 0 0 0 0 1 1 1 0 0 1 1 1 1,2,14470,1116,522036
2,18,0 0 0 0 0 0 0 0 0 0 1 1 1 0 1 0 0 0 1,2,14691,1080,529956
2,18,0 0 0 0 0 0 0 0 0 0 1 1 1 0 1 1 0 0 1,2,14501,1080,523116
2,18,0 0 0 0 0 0 0 0 0 0 1 1 1 1 0 0 0 0 1,2,14449,1044,521208
2,18,0 0 0 0 0 0 0 0 0 0 1 1 1 1 0 1 0 0 1,2,14509,990,523314
2,18,0 0 0 0 0 0 0 0 0 0 1 1 1 1 0 1 0 1 1,2,14522,1098,523890
2,18,0 0 0 0 0 0 0 0 0 0 1 1 1 1 0 1 1 1 1,2,14575,1206,525906
2,18,0 0 0 0 0 0 0 0 0 0 1 1 1 1 1 0 0 0 1,2,14360,1044,518004
2,18,0 0 0 0 0 0 0 0 0 0 1 1 1 1 1 0 0 1 1,1,14438,972,520740
2,18,0 0 0 0 0 0 0 0 0 0 1 1 1 1 1 0 1 1 1,1,14528,882,523890
2,18,0 0 0 0 0 0 0 0 0 0 1 1 1 1 1 1 0 0 1,2,14487,1008,522540
2,19,0 0 0 0 0 0 0 0 0 0 0 0 0 0 0 0 0 0 0 1,2,27822,932,1058168
2,19,0 0 0 0 0 0 0 0 0 0 0 0 0 0 0 0 0 1 0 1,2,27421,1140,1043138
2,19,0 0 0 0 0 0 0 0 0 0 0 0 0 0 0 0 1 0 0 1,2,27549,1045,1047907
2,19,0 0 0 0 0 0 0 0 0 0 0 0 0 0 0 0 1 1 0 1,2,27333,1254,1039908
2,19,0 0 0 0 0 0 0 0 0 0 0 0 0 0 0 1 0 0 0 1,2,27549,950,1047812
2,19,0 0 0 0 0 0 0 0 0 0 0 0 0 0 0 1 0 1 0 1,2,27570,969,1048629
2,19,0 0 0 0 0 0 0 0 0 0 0 0 0 0 0 1 1 0 0 1,2,27833,931,1058585
2,19,0 0 0 0 0 0 0 0 0 0 0 0 0 0 0 1 1 1 0 1,2,27414,1064,1042796
2,19,0 0 0 0 0 0 0 0 0 0 0 0 0 0 1 0 0 0 0 1,2,27657,1007,1051973
2,19,0 0 0 0 0 0 0 0 0 0 0 0 0 0 1 0 0 1 0 1,2,27549,1026,1047888
2,19,0 0 0 0 0 0 0 0 0 0 0 0 0 0 1 0 1 0 0 1,2,27869,893,1059915
2,19,0 0 0 0 0 0 0 0 0 0 0 0 0 0 1 0 1 1 0 1,2,27436,836,1043404
2,19,0 0 0 0 0 0 0 0 0 0 0 0 0 0 1 1 0 0 0 1,2,27663,1026,1052220
2,19,0 0 0 0 0 0 0 0 0 0 0 0 0 0 1 1 0 1 0 1,2,27575,1007,1048857
2,19,0 0 0 0 0 0 0 0 0 0 0 0 0 0 1 1 1 0 0 1,2,27640,950,1051270
2,19,0 0 0 0 0 0 0 0 0 0 0 0 0 0 1 1 1 1 0 1,2,27513,1064,1046558
2,19,0 0 0 0 0 0 0 0 0 0 0 0 0 1 0 0 0 0 0 1,2,27559,1083,1048325
2,19,0 0 0 0 0 0 0 0 0 0 0 0 0 1 0 0 0 1 0 1,2,27547,1121,1047907
2,19,0 0 0 0 0 0 0 0 0 0 0 0 0 1 0 0 1 0 0 1,2,27634,950,1051042
2,19,0 0 0 0 0 0 0 0 0 0 0 0 0 1 0 0 1 1 0 1,2,27597,1159,1049845
2,19,0 0 0 0 0 0 0 0 0 0 0 0 0 1 0 1 0 0 0 1,2,27714,1140,1054272
2,19,0 0 0 0 0 0 0 0 0 0 0 0 0 1 0 1 0 1 0 1,2,27492,1007,1045703
2,19,0 0 0 0 0 0 0 0 0 0 0 0 0 1 0 1 1 0 0 1,2,27508,1121,1046425
2,19,0 0 0 0 0 0 0 0 0 0 0 0 0 1 0 1 1 1 0 1,2,27397,1102,1042188
2,19,0 0 0 0 0 0 0 0 0 0 0 0 0 1 1 0 0 0 0 1,2,27403,969,1042283
2,19,0 0 0 0 0 0 0 0 0 0 0 0 0 1 1 0 0 1 0 1,2,27624,1045,1050757
2,19,0 0 0 0 0 0 0 0 0 0 0 0 0 1 1 0 1 0 0 1,2,27602,988,1049864
2,19,0 0 0 0 0 0 0 0 0 0 0 0 0 1 1 0 1 1 0 1,2,27399,1007,1042169
2,19,0 0 0 0 0 0 0 0 0 0 0 0 0 1 1 1 0 0 0 1,2,27639,988,1051270
2,19,0 0 0 0 0 0 0 0 0 0 0 0 0 1 1 1 0 1 0 1,2,27463,1178,1044772
2,19,0 0 0 0 0 0 0 0 0 0 0 0 0 1 1 1 1 0 0 1,2,27663,988,1052182
2,19,0 0 0 0 0 0 0 0 0 0 0 0 0 1 1 1 1 1 0 1,2,27660,1026,1052106
2,19,0 0 0 0 0 0 0 0 0 0 0 0 1 0 0 0 0 0 0 1,2,27601,988,1049826
2,19,0 0 0 0 0 0 0 0 0 0 0 0 1 0 0 0 0 1 0 1,2,27675,1026,1052676
2,19,0 0 0 0 0 0 0 0 0 0 0 0 1 0 0 0 1 0 0 1,2,27324,1026,1039338
2,19,0 0 0 0 0 0 0 0 0 0 0 0 1 0 0 0 1 1 0 1,2,27518,950,1046634
2,19,0 0 0 0 0 0 0 0 0 0 0 0 1 0 0 1 0 0 0 1,2,27539,1045,1047527
2,19,0 0 0 0 0 0 0 0 0 0 0 0 1 0 0 1 0 1 0 1,2,27514,1026,1046558
2,19,0 0 0 0 0 0 0 0 0 0 0 0 1 0 0 1 1 0 0 1,2,27639,1064,1051346
2,19,0 0 0 0 0 0 0 0 0 0 0 0 1 0 0 1 1 1 0 1,2,27886,855,1060523
2,19,0 0 0 0 0 0 0 0 0 0 0 0 1 0 1 0 0 0 0 1,2,27626,950,1050738
2,19,0 0 0 0 0 0 0 0 0 0 0 0 1 0 1 0 0 1 0 1,2,27707,1083,1053949
2,19,0 0 0 0 0 0 0 0 0 0 0 0 1 0 1 0 1 0 0 1,2,27534,836,1047128
2,19,0 0 0 0 0 0 0 0 0 0 0 0 1 0 1 0 1 1 0 1,2,27291,912,1037970
2,19,0 0 0 0 0 0 0 0 0 0 0 0 1 0 1 1 0 0 0 1,2,27642,1121,1051517
2,19,0 0 0 0 0 0 0 0 0 0 0 0 1 0 1 1 0 1 0 1,2,27553,1045,1048059
2,19,0 0 0 0 0 0 0 0 0 0 0 0 1 0 1 1 1 0 0 1,2,27648,1007,1051631
2,19,0 0 0 0 0 0 0 0 0 0 0 0 1 0 1 1 1 1 0 1,2,27605,1083,1050073
2,19,0 0 0 0 0 0 0 0 0 0 0 0 1 1 0 0 0 0 0 1,2,27605,1045,1050035
2,19,0 0 0 0 0 0 0 0 0 0 0 0 1 1 0 0 0 1 0 1,2,27632,1140,1051156
2,19,0 0 0 0 0 0 0 0 0 0 0 0 1 1 0 0 1 0 0 1,2,27743,1064,1055298
2,19,0 0 0 0 0 0 0 0 0 0 0 0 1 1 0 0 1 1 0 1,2,27616,969,1050377
2,19,0 0 0 0 0 0 0 0 0 0 0 0 1 1 0 1 0 0 0 1,2,27290,1045,1038065
2,19,0 0 0 0 0 0 0 0 0 0 0 0 1 1 0 1 0 1 0 1,2,27607,1083,1050149
2,19,0 0 0 0 0 0 0 0 0 0 0 0 1 1 0 1 1 0 0 1,2,27510,1007,1046387
2,19,0 0 0 0 0 0 0 0 0 0 0 0 1 1 0 1 1 1 0 1,2,27523,1007,1046881
2,19,0 0 0 0 0 0 0 0 0 0 0 0 1 1 1 0 0 0 0 1,2,27627,1045,1050871
2,19,0 0 0 0 0 0 0 0 0 0 0 0 1 1 1 0 0 1 0 1,2,27814,1045,1057977
2,19,0 0 0 0 0 0 0 0 0 0 0 0 1 1 1 0 1 0 0 1,2,27588,1083,1049427
2,19,0 0 0 0 0 0 0 0 0 0 0 0 1 1 1 0 1 1 0 1,2,27545,1026,1047736
2,19,0 0 0 0 0 0 0 0 0 0 0 0 1 1 1 1 0 0 0 1,2,27553,1007,1048021
2,19,0 0 0 0 0 0 0 0 0 0 0 0 1 1 1 1 0 1 0 1,2,27769,988,1056210
2,19,0 0 0 0 0 0 0 0 0 0 0 0 1 1 1 1 1 0 0 1,2,27699,912,1053474
2,19,0 0 0 0 0 0 0 0 0 0 0 0 1 1 1 1 1 1 0 1,2,27797,893,1057179
2,19,0 0 0 0 0 0 0 0 0 0 0 1 0 0 0 0 0 0 0 1,2,27689,874,1053056
2,19,0 0 0 0 0 0 0 0 0 0 0 1 0 0 0 0 0 1 0 1,2,27662,1026,1052182
2,19,0 0 0 0 0 0 0 0 0 0 0 1 0 0 0 0 1 0 0 1,2,27640,969,1051289
2,19,0 0 0 0 0 0 0 0 0 0 0 1 0 0 0 0 1 1 0 1,2,27726,874,1054462
2,19,0 0 0 0 0 0 0 0 0 0 0 1 0 0 0 1 0 0 0 1,2,27596,1026,1049674
2,19,0 0 0 0 0 0 0 0 0 0 0 1 0 0 0 1 0 1 0 1,2,27596,1045,1049693
2,19,0 0 0 0 0 0 0 0 0 0 0 1 0 0 0 1 1 0 0 1,2,27650,931,1051631
2,19,0 0 0 0 0 0 0 0 0 0 0 1 0 0 0 1 1 1 0 1,2,27630,912,1050852
2,19,0 0 0 0 0 0 0 0 0 0 0 1 0 0 1 0 0 0 0 1,2,27740,1007,1055127
2,19,0 0 0 0 0 0 0 0 0 0 0 1 0 0 1 0 0 1 0 1,2,27528,988,1047052
2,19,0 0 0 0 0 0 0 0 0 0 0 1 0 0 1 0 1 0 0 1,2,27728,1083,1054747
2,19,0 0 0 0 0 0 0 0 0 0 0 1 0 0 1 0 1 1 0 1,2,27652,1064,1051840
2,19,0 0 0 0 0 0 0 0 0 0 0 1 0 0 1 1 0 0 0 1,2,27640,1026,1051346
2,19,0 0 0 0 0 0 0 0 0 0 0 1 0 0 1 1 0 1 0 1,2,27559,969,1048211
2,19,0 0 0 0 0 0 0 0 0 0 0 1 0 0 1 1 1 0 0 1,2,27406,874,1042302
2,19,0 0 0 0 0 0 0 0 0 0 0 1 0 0 1 1 1 1 0 1,2,27588,1102,1049446
2,19,0 0 0 0 0 0 0 0 0 0 0 1 0 1 0 0 0 0 0 1,2,27505,1045,1046235
2,19,0 0 0 0 0 0 0 0 0 0 0 1 0 1 0 0 0 1 0 1,2,27577,1083,1049009
2,19,0 0 0 0 0 0 0 0 0 0 0 1 0 1 0 0 1 0 0 1,2,27474,950,1044962
2,19,0 0 0 0 0 0 0 0 0 0 0 1 0 1 0 0 1 1 0 1,2,27370,969,1041029
2,19,0 0 0 0 0 0 0 0 0 0 0 1 0 1 0 1 0 0 0 1,2,27642,950,1051346
2,19,0 0 0 0 0 0 0 0 0 0 0 1 0 1 0 1 0 1 0 1,2,27539,969,1047451
2,19,0 0 0 0 0 0 0 0 0 0 0 1 0 1 0 1 1 0 0 1,2,27408,1083,1042587
2,19,0 0 0 0 0 0 0 0 0 0 0 1 0 1 0 1 1 1 0 1,2,27419,1026,1042948
2,19,0 0 0 0 0 0 0 0 0 0 0 1 0 1 1 0 0 0 0 1,2,27719,1159,1054481
2,19,0 0 0 0 0 0 0 0 0 0 0 1 0 1 1 0 0 1 0 1,2,27572,1007,1048743
2,19,0 0 0 0 0 0 0 0 0 0 0 1 0 1 1 0 1 0 0 1,2,27727,1026,1054652
2,19,0 0 0 0 0 0 0 0 0 0 0 1 0 1 1 0 1 1 0 1,2,27436,1045,1043613
2,19,0 0 0 0 0 0 0 0 0 0 0 1 0 1 1 1 0 0 0 1,2,27517,1026,1046672
2,19,0 0 0 0 0 0 0 0 0 0 0 1 0 1 1 1 0 1 0 1,2,27766,912,1056020
2,19,0 0 0 0 0 0 0 0 0 0 0 1 0 1 1 1 1 0 0 1,2,27707,1026,1053892
2,19,0 0 0 0 0 0 0 0 0 0 0 1 0 1 1 1 1 1 0 1,2,27480,1140,1045380
2,19,0 0 0 0 0 0 0 0 0 0 0 1 1 0 0 0 0 0 0 1,2,27492,950,1045646
2,19,0 0 0 0 0 0 0 0 0 0 0 1 1 0 0 0 0 1 0 1,2,27339,988,1039870
2,19,0 0 0 0 0 0 0 0 0 0 0 1 1 0 0 0 1 0 0 1,2,27419,1026,1042948
2,19,0 0 0 0 0 0 0 0 0 0 0 1 1 0 0 0 1 1 0 1,2,27620,1064,1050624
2,19,0 0 0 0 0 0 0 0 0 0 0 1 1 0 0 1 0 0 0 1,2,27614,1007,1050339
2,19,0 0 0 0 0 0 0 0 0 0 0 1 1 0 0 1 0 1 0 1,2,27433,912,1043366
2,19,0 0 0 0 0 0 0 0 0 0 0 1 1 0 0 1 1 0 0 1,2,27608,1064,1050168
2,19,0 0 0 0 0 0 0 0 0 0 0 1 1 0 0 1 1 1 0 1,2,27563,1083,1048477
2,19,0 0 0 0 0 0 0 0 0 0 0 1 1 0 1 0 0 0 0 1,2,27555,1140,1048230
2,19,0 0 0 0 0 0 0 0 0 0 0 1 1 0 1 0 0 1 0 1,2,27528,1007,1047071
2,19,0 0 0 0 0 0 0 0 0 0 0 1 1 0 1 0 1 0 0 1,2,27549,1026,1047888
2,19,0 0 0 0 0 0 0 0 0 0 0 1 1 0 1 0 1 1 0 1,2,27573,1178,1048952
2,19,0 0 0 0 0 0 0 0 0 0 0 1 1 0 1 1 0 0 0 1,2,27607,1083,1050149
2,19,0 0 0 0 0 0 0 0 0 0 0 1 1 0 1 1 0 1 0 1,2,27545,1083,1047793
2,19,0 0 0 0 0 0 0 0 0 0 0 1 1 0 1 1 1 0 0 1,2,27626,1083,1050871
2,19,0 0 0 0 0 0 0 0 0 0 0 1 1 0 1 1 1 1 0 1,2,27416,969,1042777
2,19,0 0 0 0 0 0 0 0 0 0 0 1 1 1 0 0 0 0 0 1,2,27557,855,1048021
2,19,0 0 0 0 0 0 0 0 0 0 0 1 1 1 0 0 0 1 0 1,2,27685,1140,1053170
2,19,0 0 0 0 0 0 0 0 0 0 0 1 1 1 0 0 1 0 0 1,2,27369,950,1040972
2,19,0 0 0 0 0 0 0 0 0 0 0 1 1 1 0 0 1 1 0 1,2,27546,1045,1047793
2,19,0 0 0 0 0 0 0 0 0 0 0 1 1 1 0 1 0 0 0 1,2,27434,969,1043461
2,19,0 0 0 0 0 0 0 0 0 0 0 1 1 1 0 1 0 1 0 1,2,27599,893,1049655
2,19,0 0 0 0 0 0 0 0 0 0 0 1 1 1 0 1 1 0 0 1,2,27452,1083,1044259
2,19,0 0 0 0 0 0 0 0 0 0 0 1 1 1 0 1 1 1 0 1,2,27610,1083,1050263
2,19,0 0 0 0 0 0 0 0 0 0 0 1 1 1 1 0 0 0 0 1,2,27557,1083,1048249
2,19,0 0 0 0 0 0 0 0 0 0 0 1 1 1 1 0 0 1 0 1,2,27446,1007,1043955
2,19,0 0 0 0 0 0 0 0 0 0 0 1 1 1 1 0 1 0 0 1,2,27507,1045,1046311
2,19,0 0 0 0 0 0 0 0 0 0 0 1 1 1 1 0 1 1 0 1,2,27556,1140,1048268
2,19,0 0 0 0 0 0 0 0 0 0 0 1 1 1 1 1 0 0 0 1,2,27701,1007,1053645
2,19,0 0 0 0 0 0 0 0 0 0 0 1 1 1 1 1 0 1 0 1,2,27564,1102,1048534
2,19,0 0 0 0 0 0 0 0 0 0 0 1 1 1 1 1 1 0 0 1,2,27549,1064,1047926
2,19,0 0 0 0 0 0 0 0 0 0 0 1 1 1 1 1 1 1 0 1,2,27431,1159,1043537
2,19,0 0 0 0 0 0 0 0 0 0 1 0 0 0 0 0 0 0 0 1,2,27433,969,1043423
2,19,0 0 0 0 0 0 0 0 0 0 1 0 0 0 0 0 0 1 0 1,2,27566,1064,1048572
2,19,0 0 0 0 0 0 0 0 0 0 1 0 0 0 0 0 1 0 0 1,2,27589,931,1049313
2,19,0 0 0 0 0 0 0 0 0 0 1 0 0 0 0 0 1 1 0 1,2,27507,1102,1046368
2,19,0 0 0 0 0 0 0 0 0 0 1 0 0 0 0 1 0 0 0 1,2,27477,1064,1045190
2,19,0 0 0 0 0 0 0 0 0 0 1 0 0 0 0 1 0 1 0 1,2,27626,988,1050776
2,19,0 0 0 0 0 0 0 0 0 0 1 0 0 0 0 1 1 0 0 1,2,27510,1140,1046520
2,19,0 0 0 0 0 0 0 0 0 0 1 0 0 0 0 1 1 1 0 1,2,27556,1026,1048154
2,19,0 0 0 0 0 0 0 0 0 0 1 0 0 0 1 0 0 0 0 1,2,27700,1045,1053645
2,19,0 0 0 0 0 0 0 0 0 0 1 0 0 0 1 0 0 1 0 1,2,27591,1007,1049465
2,19,0 0 0 0 0 0 0 0 0 0 1 0 0 0 1 0 1 0 0 1,2,27646,1026,1051574
2,19,0 0 0 0 0 0 0 0 0 0 1 0 0 0 1 0 1 1 0 1,2,27612,1102,1050358
2,19,0 0 0 0 0 0 0 0 0 0 1 0 0 0 1 1 0 0 0 1,2,27670,1045,1052505
2,19,0 0 0 0 0 0 0 0 0 0 1 0 0 0 1 1 0 1 0 1,2,27472,1045,1044981
2,19,0 0 0 0 0 0 0 0 0 0 1 0 0 0 1 1 1 0 0 1,2,27453,1216,1044430
2,19,0 0 0 0 0 0 0 0 0 0 1 0 0 0 1 1 1 1 0 1,2,27584,931,1049123
2,19,0 0 0 0 0 0 0 0 0 0 1 0 0 1 0 0 0 0 0 1,2,27568,1064,1048648
2,19,0 0 0 0 0 0 0 0 0 0 1 0 0 1 0 0 0 1 0 1,2,27529,912,1047014
2,19,0 0 0 0 0 0 0 0 0 0 1 0 0 1 0 0 1 0 0 1,2,27674,1121,1052733
2,19,0 0 0 0 0 0 0 0 0 0 1 0 0 1 0 0 1 1 0 1,2,27322,1121,1039357
2,19,0 0 0 0 0 0 0 0 0 0 1 0 0 1 0 1 0 0 0 1,2,27645,1064,1051574
2,19,0 0 0 0 0 0 0 0 0 0 1 0 0 1 0 1 0 1 0 1,2,27452,1121,1044297
2,19,0 0 0 0 0 0 0 0 0 0 1 0 0 1 0 1 1 0 0 1,2,27748,950,1055374
2,19,0 0 0 0 0 0 0 0 0 0 1 0 0 1 0 1 1 1 0 1,2,27592,855,1049351
2,19,0 0 0 0 0 0 0 0 0 0 1 0 0 1 1 0 0 0 0 1,2,27678,950,1052714
2,19,0 0 0 0 0 0 0 0 0 0 1 0 0 1 1 0 0 1 0 1,2,27528,1197,1047261
2,19,0 0 0 0 0 0 0 0 0 0 1 0 0 1 1 0 1 0 0 1,2,27596,1045,1049693
2,19,0 0 0 0 0 0 0 0 0 0 1 0 0 1 1 0 1 1 0 1,2,27702,1083,1053759
2,19,0 0 0 0 0 0 0 0 0 0 1 0 0 1 1 1 0 0 0 1,2,27582,950,1049066
2,19,0 0 0 0 0 0 0 0 0 0 1 0 0 1 1 1 0 1 0 1,2,27660,969,1052049
2,19,0 0 0 0 0 0 0 0 0 0 1 0 0 1 1 1 1 0 0 1,2,27501,1007,1046045
2,19,0 0 0 0 0 0 0 0 0 0 1 0 0 1 1 1 1 1 0 1,2,27483,950,1045304
2,19,0 0 0 0 0 0 0 0 0 0 1 0 1 0 0 0 0 0 0 1,2,27618,912,1050396
2,19,0 0 0 0 0 0 0 0 0 0 1 0 1 0 0 0 0 1 0 1,2,27702,912,1053588
2,19,0 0 0 0 0 0 0 0 0 0 1 0 1 0 0 0 1 0 0 1,2,27567,874,1048420
2,19,0 0 0 0 0 0 0 0 0 0 1 0 1 0 0 0 1 1 0 1,2,27476,893,1044981
2,19,0 0 0 0 0 0 0 0 0 0 1 0 1 0 0 1 0 0 0 1,2,27550,1140,1048040
2,19,0 0 0 0 0 0 0 0 0 0 1 0 1 0 0 1 0 1 0 1,2,27501,988,1046026
2,19,0 0 0 0 0 0 0 0 0 0 1 0 1 0 0 1 1 0 0 1,2,27668,1083,1052467
2,19,0 0 0 0 0 0 0 0 0 0 1 0 1 0 0 1 1 1 0 1,2,27687,1121,1053227
2,19,0 0 0 0 0 0 0 0 0 0 1 0 1 0 1 0 0 0 0 1,2,27646,1045,1051593
2,19,0 0 0 0 0 0 0 0 0 0 1 0 1 0 1 0 0 1 0 1,2,27503,1121,1046235
2,19,0 0 0 0 0 0 0 0 0 0 1 0 1 0 1 0 1 0 0 1,2,27569,1083,1048705
2,19,0 0 0 0 0 0 0 0 0 0 1 0 1 0 1 0 1 1 0 1,2,27492,874,1045570
2,19,0 0 0 0 0 0 0 0 0 0 1 0 1 0 1 1 0 0 0 1,2,27529,1083,1047185
2,19,0 0 0 0 0 0 0 0 0 0 1 0 1 0 1 1 0 1 0 1,2,27729,1045,1054747
2,19,0 0 0 0 0 0 0 0 0 0 1 0 1 0 1 1 1 0 0 1,2,27640,1083,1051403
2,19,0 0 0 0 0 0 0 0 0 0 1 0 1 0 1 1 1 1 0 1,2,27630,969,1050909
2,19,0 0 0 0 0 0 0 0 0 0 1 0 1 1 0 0 0 0 0 1,2,27639,950,1051232
2,19,0 0 0 0 0 0 0 0 0 0 1 0 1 1 0 0 0 1 0 1,2,27583,912,1049066
2,19,0 0 0 0 0 0 0 0 0 0 1 0 1 1 0 0 1 0 0 1,2,27337,1178,1039984
2,19,0 0 0 0 0 0 0 0 0 0 1 0 1 1 0 0 1 1 0 1,2,27466,1045,1044753
2,19,0 0 0 0 0 0 0 0 0 0 1 0 1 1 0 1 0 0 0 1,2,27745,1045,1055355
2,19,0 0 0 0 0 0 0 0 0 0 1 0 1 1 0 1 0 1 0 1,2,27687,1083,1053189
2,19,0 0 0 0 0 0 0 0 0 0 1 0 1 1 0 1 1 0 0 1,2,27465,969,1044639
2,19,0 0 0 0 0 0 0 0 0 0 1 0 1 1 0 1 1 1 0 1,2,27630,1045,1050985
2,19,0 0 0 0 0 0 0 0 0 0 1 0 1 1 1 0 0 0 0 1,2,27478,1064,1045228
2,19,0 0 0 0 0 0 0 0 0 0 1 0 1 1 1 0 0 1 0 1,2,27359,1007,1040649
2,19,0 0 0 0 0 0 0 0 0 0 1 0 1 1 1 0 1 0 0 1,2,27619,931,1050453
2,19,0 0 0 0 0 0 0 0 0 0 1 0 1 1 1 0 1 1 0 1,2,27576,969,1048857
2,19,0 0 0 0 0 0 0 0 0 0 1 0 1 1 1 1 0 0 0 1,2,27533,1045,1047299
2,19,0 0 0 0 0 0 0 0 0 0 1 0 1 1 1 1 0 1 0 1,2,27484,1026,1045418
2,19,0 0 0 0 0 0 0 0 0 0 1 0 1 1 1 1 1 0 0 1,2,27573,1140,1048914
2,19,0 0 0 0 0 0 0 0 0 0 1 0 1 1 1 1 1 1 0 1,2,27549,1159,1048021
2,19,0 0 0 0 0 0 0 0 0 0 1 1 0 0 0 0 0 0 0 1,2,27579,1045,1049047
2,19,0 0 0 0 0 0 0 0 0 0 1 1 0 0 0 0 0 1 0 1,2,27496,988,1045836
2,19,0 0 0 0 0 0 0 0 0 0 1 1 0 0 0 0 1 0 0 1,2,27602,1007,1049883
2,19,0 0 0 0 0 0 0 0 0 0 1 1 0 0 0 0 1 1 0 1,2,27665,912,1052182
2,19,0 0 0 0 0 0 0 0 0 0 1 1 0 0 0 1 0 0 0 1,2,27647,988,1051574
2,19,0 0 0 0 0 0 0 0 0 0 1 1 0 0 0 1 0 1 0 1,2,27569,1064,1048686
2,19,0 0 0 0 0 0 0 0 0 0 1 1 0 0 0 1 1 0 0 1,2,27541,950,1047508
2,19,0 0 0 0 0 0 0 0 0 0 1 1 0 0 0 1 1 1 0 1,2,27363,1064,1040858
2,19,0 0 0 0 0 0 0 0 0 0 1 1 0 0 1 0 0 0 0 1,2,27759,1045,1055887
2,19,0 0 0 0 0 0 0 0 0 0 1 1 0 0 1 0 0 1 0 1,2,27532,969,1047185
2,19,0 0 0 0 0 0 0 0 0 0 1 1 0 0 1 0 1 0 0 1,2,27588,1026,1049370
2,19,0 0 0 0 0 0 0 0 0 0 1 1 0 0 1 0 1 1 0 1,2,27592,912,1049408
2,19,0 0 0 0 0 0 0 0 0 0 1 1 0 0 1 1 0 0 0 1,2,27625,1007,1050757
2,19,0 0 0 0 0 0 0 0 0 0 1 1 0 0 1 1 0 1 0 1,2,27718,969,1054253
2,19,0 0 0 0 0 0 0 0 0 0 1 1 0 0 1 1 1 0 0 1,2,27598,912,1049636
2,19,0 0 0 0 0 0 0 0 0 0 1 1 0 0 1 1 1 1 0 1,2,27447,969,1043955
2,19,0 0 0 0 0 0 0 0 0 0 1 1 0 1 0 0 0 0 0 1,2,27325,988,1039338
2,19,0 0 0 0 0 0 0 0 0 0 1 1 0 1 0 0 0 1 0 1,2,27642,1026,1051422
2,19,0 0 0 0 0 0 0 0 0 0 1 1 0 1 0 0 1 0 0 1,2,27698,1007,1053531
2,19,0 0 0 0 0 0 0 0 0 0 1 1 0 1 0 0 1 1 0 1,2,27518,1197,1046881
2,19,0 0 0 0 0 0 0 0 0 0 1 1 0 1 0 1 0 0 0 1,2,27398,1178,1042302
2,19,0 0 0 0 0 0 0 0 0 0 1 1 0 1 0 1 0 1 0 1,2,27452,1045,1044221
2,19,0 0 0 0 0 0 0 0 0 0 1 1 0 1 0 1 1 0 0 1,2,27728,1102,1054766
2,19,0 0 0 0 0 0 0 0 0 0 1 1 0 1 0 1 1 1 0 1,2,27581,1007,1049085
2,19,0 0 0 0 0 0 0 0 0 0 1 1 0 1 1 0 0 0 0 1,2,27572,1102,1048838
2,19,0 0 0 0 0 0 0 0 0 0 1 1 0 1 1 0 0 1 0 1,2,27626,969,1050757
2,19,0 0 0 0 0 0 0 0 0 0 1 1 0 1 1 0 1 0 0 1,2,27652,1121,1051897
2,19,0 0 0 0 0 0 0 0 0 0 1 1 0 1 1 0 1 1 0 1,2,27711,1235,1054253
2,19,0 0 0 0 0 0 0 0 0 0 1 1 0 1 1 1 0 0 0 1,2,27400,912,1042112
2,19,0 0 0 0 0 0 0 0 0 0 1 1 0 1 1 1 0 1 0 1,2,27765,1007,1056077
2,19,0 0 0 0 0 0 0 0 0 0 1 1 0 1 1 1 1 0 0 1,2,27526,855,1046843
2,19,0 0 0 0 0 0 0 0 0 0 1 1 0 1 1 1 1 1 0 1,2,27687,1026,1053132
2,19,0 0 0 0 0 0 0 0 0 0 1 1 1 0 0 0 0 0 0 1,2,27512,1102,1046558
2,19,0 0 0 0 0 0 0 0 0 0 1 1 1 0 0 0 0 1 0 1,2,27459,1064,1044506
2,19,0 0 0 0 0 0 0 0 0 0 1 1 1 0 0 0 1 0 0 1,2,27590,1178,1049598
2,19,0 0 0 0 0 0 0 0 0 0 1 1 1 0 0 0 1 1 0 1,2,27569,1007,1048629
2,19,0 0 0 0 0 0 0 0 0 0 1 1 1 0 0 1 0 0 0 1,2,27450,912,1044012
2,19,0 0 0 0 0 0 0 0 0 0 1 1 1 0 0 1 0 1 0 1,2,27673,1140,1052714
2,19,0 0 0 0 0 0 0 0 0 0 1 1 1 0 0 1 1 0 0 1,2,27299,1045,1038407
2,19,0 0 0 0 0 0 0 0 0 0 1 1 1 0 0 1 1 1 0 1,2,27593,1007,1049541
2,19,0 0 0 0 0 0 0 0 0 0 1 1 1 0 1 0 0 0 0 1,2,27433,893,1043347
2,19,0 0 0 0 0 0 0 0 0 0 1 1 1 0 1 0 0 1 0 1,2,27504,1007,1046159
2,19,0 0 0 0 0 0 0 0 0 0 1 1 1 0 1 0 1 0 0 1,2,27479,1007,1045209
2,19,0 0 0 0 0 0 0 0 0 0 1 1 1 0 1 0 1 1 0 1,2,27692,950,1053246
2,19,0 0 0 0 0 0 0 0 0 0 1 1 1 0 1 1 0 0 0 1,2,27772,1045,1056381
2,19,0 0 0 0 0 0 0 0 0 0 1 1 1 0 1 1 0 1 0 1,2,27737,969,1054975
2,19,0 0 0 0 0 0 0 0 0 0 1 1 1 0 1 1 1 0 0 1,2,27591,1159,1049617
2,19,0 0 0 0 0 0 0 0 0 0 1 1 1 0 1 1 1 1 0 1,2,27575,1121,1048971
2,19,0 0 0 0 0 0 0 0 0 0 1 1 1 1 0 0 0 0 0 1,2,27614,1026,1050358
2,19,0 0 0 0 0 0 0 0 0 0 1 1 1 1 0 0 0 1 0 1,2,27791,950,1057008
2,19,0 0 0 0 0 0 0 0 0 0 1 1 1 1 0 0 1 0 0 1,2,27617,1064,1050510
2,19,0 0 0 0 0 0 0 0 0 0 1 1 1 1 0 0 1 1 0 1,2,27621,931,1050529
2,19,0 0 0 0 0 0 0 0 0 0 1 1 1 1 0 1 0 0 0 1,2,27600,969,1049769
2,19,0 0 0 0 0 0 0 0 0 0 1 1 1 1 0 1 0 1 0 1,2,27680,1007,1052847
2,19,0 0 0 0 0 0 0 0 0 0 1 1 1 1 0 1 1 0 0 1,2,27663,969,1052163
2,19,0 0 0 0 0 0 0 0 0 0 1 1 1 1 0 1 1 1 0 1,2,27582,1083,1049199
2,19,0 0 0 0 0 0 0 0 0 0 1 1 1 1 1 0 0 0 0 1,2,27900,988,1061188
2,19,0 0 0 0 0 0 0 0 0 0 1 1 1 1 1 0 0 1 0 1,2,27707,1007,1053873
2,19,0 0 0 0 0 0 0 0 0 0 1 1 1 1 1 0 1 0 0 1,2,27673,1121,1052695
2,19,0 0 0 0 0 0 0 0 0 0 1 1 1 1 1 0 1 1 0 1,2,27745,1007,1055317
2,19,0 0 0 0 0 0 0 0 0 0 1 1 1 1 1 1 0 0 0 1,2,27517,969,1046615
2,19,0 0 0 0 0 0 0 0 0 0 1 1 1 1 1 1 0 1 0 1,2,27635,1026,1051156
2,19,0 0 0 0 0 0 0 0 0 0 1 1 1 1 1 1 1 0 0 1,2,27494,1216,1045988
2,19,0 0 0 0 0 0 0 0 0 0 1 1 1 1 1 1 1 1 0 1,2,27601,931,1049769
2,20,0 0 0 0 0 0 0 0 0 0 0 0 0 0 0 0 0 0 0 0 1,2,52039,2096,2083656
2,20,0 0 0 0 0 0 0 0 0 0 0 0 0 0 0 0 0 0 0 1 1,2,52156,2200,2088440
2,20,0 0 0 0 0 0 0 0 0 0 0 0 0 0 0 0 0 0 1 0 1,1,52030,1980,2083180
2,20,0 0 0 0 0 0 0 0 0 0 0 0 0 0 0 0 0 1 0 0 1,1,52352,1840,2095920
2,20,0 0 0 0 0 0 0 0 0 0 0 0 0 0 0 0 0 1 0 1 1,2,52581,1980,2105220
2,20,0 0 0 0 0 0 0 0 0 0 0 0 0 0 0 0 0 1 1 0 1,2,52250,1880,2091880
2,20,0 0 0 0 0 0 0 0 0 0 0 0 0 0 0 0 1 0 0 1 1,2,52751,2040,2112080
2,20,0 0 0 0 0 0 0 0 0 0 0 0 0 0 0 0 1 0 1 0 1,1,52064,2240,2084800
2,20,0 0 0 0 0 0 0 0 0 0 0 0 0 0 0 0 1 1 0 0 1,1,52748,2064,2111984
2,20,0 0 0 0 0 0 0 0 0 0 0 0 0 0 0 0 1 1 0 1 1,2,52618,2220,2106940
2,20,0 0 0 0 0 0 0 0 0 0 0 0 0 0 0 1 0 0 0 0 1,2,52458,2120,2100440
2,20,0 0 0 0 0 0 0 0 0 0 0 0 0 0 0 1 0 0 0 1 1,2,52478,1980,2101100
2,20,0 0 0 0 0 0 0 0 0 0 0 0 0 0 0 1 0 0 1 0 1,2,52288,2020,2093540
2,20,0 0 0 0 0 0 0 0 0 0 0 0 0 0 0 1 0 1 0 0 1,2,52316,2060,2094700
2,20,0 0 0 0 0 0 0 0 0 0 0 0 0 0 0 1 0 1 0 1 1,2,52357,1900,2096180
2,20,0 0 0 0 0 0 0 0 0 0 0 0 0 0 0 1 0 1 1 0 1,2,52533,2180,2103500
2,20,0 0 0 0 0 0 0 0 0 0 0 0 0 0 0 1 1 0 0 1 1,2,52568,1960,2104680
2,20,0 0 0 0 0 0 0 0 0 0 0 0 0 0 0 1 1 0 1 0 1,2,52558,1940,2104260
2,20,0 0 0 0 0 0 0 0 0 0 0 0 0 0 0 1 1 1 0 0 1,2,52246,2300,2092140
2,20,0 0 0 0 0 0 0 0 0 0 0 0 0 0 0 1 1 1 0 1 1,2,52330,2220,2095420
2,20,0 0 0 0 0 0 0 0 0 0 0 0 0 0 1 0 0 0 0 0 1,2,52071,2070,2084910
2,20,0 0 0 0 0 0 0 0 0 0 0 0 0 0 1 0 0 0 0 1 1,2,52139,1860,2087420
2,20,0 0 0 0 0 0 0 0 0 0 0 0 0 0 1 0 0 0 1 0 1,2,51887,2060,2077540
2,20,0 0 0 0 0 0 0 0 0 0 0 0 0 0 1 0 0 1 0 0 1,2,52277,2000,2093080
2,20,0 0 0 0 0 0 0 0 0 0 0 0 0 0 1 0 0 1 0 1 1,2,52711,2120,2110560
2,20,0 0 0 0 0 0 0 0 0 0 0 0 0 0 1 0 0 1 1 0 1,2,52477,2040,2101120
2,20,0 0 0 0 0 0 0 0 0 0 0 0 0 0 1 0 1 0 0 1 1,2,52246,2040,2091880
2,20,0 0 0 0 0 0 0 0 0 0 0 0 0 0 1 0 1 0 1 0 1,2,52211,2220,2090660
2,20,0 0 0 0 0 0 0 0 0 0 0 0 0 0 1 0 1 1 0 0 1,2,52459,2120,2100480
2,20,0 0 0 0 0 0 0 0 0 0 0 0 0 0 1 0 1 1 0 1 1,2,52306,2080,2094320
2,20,0 0 0 0 0 0 0 0 0 0 0 0 0 0 1 1 0 0 0 0 1,2,52542,1960,2103640
2,20,0 0 0 0 0 0 0 0 0 0 0 0 0 0 1 1 0 0 0 1 1,2,52244,2240,2092000
2,20,0 0 0 0 0 0 0 0 0 0 0 0 0 0 1 1 0 1 0 1 1,2,52317,2120,2094800
2,20,0 0 0 0 0 0 0 0 0 0 0 0 0 0 1 1 0 1 1 0 1,2,52556,2240,2104480
2,20,0 0 0 0 0 0 0 0 0 0 0 0 0 0 1 1 1 0 0 1 1,2,52232,2020,2091300
2,20,0 0 0 0 0 0 0 0 0 0 0 0 0 0 1 1 1 1 0 1 1,2,52256,2120,2092360
2,20,0 0 0 0 0 0 0 0 0 0 0 0 0 1 0 0 0 0 0 0 1,2,52461,2020,2100460
2,20,0 0 0 0 0 0 0 0 0 0 0 0 0 1 0 0 0 0 0 1 1,2,52285,1940,2093340
2,20,0 0 0 0 0 0 0 0 0 0 0 0 0 1 0 0 0 0 1 0 1,2,52364,2000,2096560
2,20,0 0 0 0 0 0 0 0 0 0 0 0 0 1 0 0 0 1 0 0 1,2,52163,1960,2088480
2,20,0 0 0 0 0 0 0 0 0 0 0 0 0 1 0 0 0 1 0 1 1,2,52299,1960,2093920
2,20,0 0 0 0 0 0 0 0 0 0 0 0 0 1 0 0 0 1 1 0 1,2,52280,1820,2093020
2,20,0 0 0 0 0 0 0 0 0 0 0 0 0 1 0 0 1 0 0 1 1,2,52142,2080,2087760
2,20,0 0 0 0 0 0 0 0 0 0 0 0 0 1 0 0 1 0 1 0 1,2,52602,1920,2106000
2,20,0 0 0 0 0 0 0 0 0 0 0 0 0 1 0 0 1 1 0 0 1,2,52459,2000,2100360
2,20,0 0 0 0 0 0 0 0 0 0 0 0 0 1 0 0 1 1 0 1 1,2,52315,2180,2094780
2,20,0 0 0 0 0 0 0 0 0 0 0 0 0 1 0 1 0 0 0 0 1,2,52505,2020,2102220
2,20,0 0 0 0 0 0 0 0 0 0 0 0 0 1 0 1 0 0 0 1 1,2,52477,1800,2100880
2,20,0 0 0 0 0 0 0 0 0 0 0 0 0 1 0 1 0 0 1 0 1,2,52571,2000,2104840
2,20,0 0 0 0 0 0 0 0 0 0 0 0 0 1 0 1 0 1 0 0 1,2,52357,1960,2096240
2,20,0 0 0 0 0 0 0 0 0 0 0 0 0 1 0 1 0 1 0 1 1,2,52204,2220,2090380
2,20,0 0 0 0 0 0 0 0 0 0 0 0 0 1 0 1 0 1 1 0 1,2,52372,2020,2096900
2,20,0 0 0 0 0 0 0 0 0 0 0 0 0 1 0 1 1 0 0 1 1,2,52402,2060,2098140
2,20,0 0 0 0 0 0 0 0 0 0 0 0 0 1 0 1 1 0 1 0 1,2,52704,2080,2110240
2,20,0 0 0 0 0 0 0 0 0 0 0 0 0 1 0 1 1 1 0 0 1,2,52390,1720,2097320
2,20,0 0 0 0 0 0 0 0 0 0 0 0 0 1 0 1 1 1 0 1 1,2,52357,1880,2096160
2,20,0 0 0 0 0 0 0 0 0 0 0 0 0 1 1 0 0 0 0 0 1,2,52542,2060,2103740
2,20,0 0 0 0 0 0 0 0 0 0 0 0 0 1 1 0 0 0 0 1 1,2,52239,2040,2091600
2,20,0 0 0 0 0 0 0 0 0 0 0 0 0 1 1 0 0 0 1 0 1,1,52490,2240,2101840
2,20,0 0 0 0 0 0 0 0 0 0 0 0 0 1 1 0 0 1 0 0 1,1,52442,1840,2099520
2,20,0 0 0 0 0 0 0 0 0 0 0 0 0 1 1 0 0 1 0 1 1,2,52663,2140,2108660
2,20,0 0 0 0 0 0 0 0 0 0 0 0 0 1 1 0 0 1 1 0 1,2,52321,1940,2094780
2,20,0 0 0 0 0 0 0 0 0 0 0 0 0 1 1 0 1 0 0 1 1,2,52289,2000,2093560
2,20,0 0 0 0 0 0 0 0 0 0 0 0 0 1 1 0 1 0 1 0 1,1,52282,1960,2093240
2,20,0 0 0 0 0 0 0 0 0 0 0 0 0 1 1 0 1 1 0 0 1,1,52230,2040,2091240
2,20,0 0 0 0 0 0 0 0 0 0 0 0 0 1 1 0 1 1 0 1 1,2,52457,1860,2100140
2,20,0 0 0 0 0 0 0 0 0 0 0 0 0 1 1 1 0 0 0 0 1,2,52362,1940,2096420
2,20,0 0 0 0 0 0 0 0 0 0 0 0 0 1 1 1 0 0 0 1 1,2,52347,2140,2096020
2,20,0 0 0 0 0 0 0 0 0 0 0 0 0 1 1 1 0 1 0 1 1,2,52178,2020,2089140
2,20,0 0 0 0 0 0 0 0 0 0 0 0 0 1 1 1 0 1 1 0 1,2,52487,2140,2101620
2,20,0 0 0 0 0 0 0 0 0 0 0 0 0 1 1 1 1 0 0 1 1,2,52199,2160,2090120
2,20,0 0 0 0 0 0 0 0 0 0 0 0 0 1 1 1 1 1 0 1 1,2,52385,2020,2097420
2,20,0 0 0 0 0 0 0 0 0 0 0 0 1 0 0 0 0 0 0 0 1,2,51841,2280,2075920
2,20,0 0 0 0 0 0 0 0 0 0 0 0 1 0 0 0 0 0 0 1 1,2,52198,1980,2089900
2,20,0 0 0 0 0 0 0 0 0 0 0 0 1 0 0 0 0 0 1 0 1,1,52052,1900,2083980
2,20,0 0 0 0 0 0 0 0 0 0 0 0 1 0 0 0 0 1 0 0 1,1,52506,2160,2102400
2,20,0 0 0 0 0 0 0 0 0 0 0 0 1 0 0 0 0 1 0 1 1,2,52520,1980,2102780
2,20,0 0 0 0 0 0 0 0 0 0 0 0 1 0 0 0 0 1 1 0 1,2,52148,2080,2088000
2,20,0 0 0 0 0 0 0 0 0 0 0 0 1 0 0 0 1 0 0 1 1,2,52374,2100,2097060
2,20,0 0 0 0 0 0 0 0 0 0 0 0 1 0 0 0 1 0 1 0 1,1,51946,2152,2079992
2,20,0 0 0 0 0 0 0 0 0 0 0 0 1 0 0 0 1 1 0 0 1,1,52190,2080,2089680
2,20,0 0 0 0 0 0 0 0 0 0 0 0 1 0 0 0 1 1 0 1 1,2,52145,2160,2087960
2,20,0 0 0 0 0 0 0 0 0 0 0 0 1 0 0 1 0 0 0 0 1,2,52238,2080,2091600
2,20,0 0 0 0 0 0 0 0 0 0 0 0 1 0 0 1 0 0 0 1 1,2,52404,2064,2098224
2,20,0 0 0 0 0 0 0 0 0 0 0 0 1 0 0 1 0 0 1 0 1,2,52534,2100,2103460
2,20,0 0 0 0 0 0 0 0 0 0 0 0 1 0 0 1 0 1 0 0 1,2,52286,1900,2093340
2,20,0 0 0 0 0 0 0 0 0 0 0 0 1 0 0 1 0 1 0 1 1,2,52282,2200,2093480
2,20,0 0 0 0 0 0 0 0 0 0 0 0 1 0 0 1 0 1 1 0 1,2,52323,2140,2095060
2,20,0 0 0 0 0 0 0 0 0 0 0 0 1 0 0 1 1 0 0 1 1,2,52296,2300,2094140
2,20,0 0 0 0 0 0 0 0 0 0 0 0 1 0 0 1 1 0 1 0 1,2,52560,2340,2104740
2,20,0 0 0 0 0 0 0 0 0 0 0 0 1 0 0 1 1 1 0 0 1,2,52358,1980,2096300
2,20,0 0 0 0 0 0 0 0 0 0 0 0 1 0 0 1 1 1 0 1 1,2,52515,2040,2102640
2,20,0 0 0 0 0 0 0 0 0 0 0 0 1 0 1 0 0 0 0 0 1,2,52201,1970,2090010
2,20,0 0 0 0 0 0 0 0 0 0 0 0 1 0 1 0 0 0 0 1 1,2,52296,2160,2094000
2,20,0 0 0 0 0 0 0 0 0 0 0 0 1 0 1 0 0 1 0 1 1,2,52419,2200,2098960
2,20,0 0 0 0 0 0 0 0 0 0 0 0 1 0 1 0 0 1 1 0 1,2,52591,2400,2106040
2,20,0 0 0 0 0 0 0 0 0 0 0 0 1 0 1 0 1 0 0 1 1,2,52328,2040,2095160
2,20,0 0 0 0 0 0 0 0 0 0 0 0 1 0 1 0 1 1 0 1 1,2,52429,1840,2099000
2,20,0 0 0 0 0 0 0 0 0 0 0 0 1 0 1 1 0 0 0 0 1,2,52550,1840,2103840
2,20,0 0 0 0 0 0 0 0 0 0 0 0 1 0 1 1 0 0 0 1 1,2,52599,1960,2105920
2,20,0 0 0 0 0 0 0 0 0 0 0 0 1 0 1 1 0 1 0 1 1,2,52250,2120,2092120
2,20,0 0 0 0 0 0 0 0 0 0 0 0 1 0 1 1 0 1 1 0 1,2,52434,2000,2099360
2,20,0 0 0 0 0 0 0 0 0 0 0 0 1 0 1 1 1 0 0 1 1,2,52121,2120,2086960
2,20,0 0 0 0 0 0 0 0 0 0 0 0 1 0 1 1 1 1 0 1 1,2,52408,2060,2098380
2,20,0 0 0 0 0 0 0 0 0 0 0 0 1 1 0 0 0 0 0 0 1,2,52231,2060,2091300
2,20,0 0 0 0 0 0 0 0 0 0 0 0 1 1 0 0 0 0 0 1 1,2,52515,2080,2102680
2,20,0 0 0 0 0 0 0 0 0 0 0 0 1 1 0 0 0 1 0 1 1,2,52431,2060,2099300
2,20,0 0 0 0 0 0 0 0 0 0 0 0 1 1 0 0 0 1 1 0 1,2,52304,2060,2094220
2,20,0 0 0 0 0 0 0 0 0 0 0 0 1 1 0 0 1 0 0 1 1,2,52441,2040,2099680
2,20,0 0 0 0 0 0 0 0 0 0 0 0 1 1 0 0 1 1 0 1 1,2,52371,1960,2096800
2,20,0 0 0 0 0 0 0 0 0 0 0 0 1 1 0 1 0 0 0 0 1,2,52467,1940,2100620
2,20,0 0 0 0 0 0 0 0 0 0 0 0 1 1 0 1 0 0 0 1 1,2,52489,2040,2101600
2,20,0 0 0 0 0 0 0 0 0 0 0 0 1 1 0 1 0 0 1 0 1,2,52591,2120,2105760
2,20,0 0 0 0 0 0 0 0 0 0 0 0 1 1 0 1 0 1 0 0 1,2,52211,2080,2090520
2,20,0 0 0 0 0 0 0 0 0 0 0 0 1 1 0 1 0 1 0 1 1,2,52524,2120,2103080
2,20,0 0 0 0 0 0 0 0 0 0 0 0 1 1 0 1 0 1 1 0 1,2,52202,1980,2090060
2,20,0 0 0 0 0 0 0 0 0 0 0 0 1 1 0 1 1 0 0 1 1,2,52526,2080,2103120
2,20,0 0 0 0 0 0 0 0 0 0 0 0 1 1 0 1 1 0 1 0 1,2,52410,1800,2098200
2,20,0 0 0 0 0 0 0 0 0 0 0 0 1 1 0 1 1 1 0 0 1,2,52442,2160,2099840
2,20,0 0 0 0 0 0 0 0 0 0 0 0 1 1 0 1 1 1 0 1 1,2,52247,1960,2091840
2,20,0 0 0 0 0 0 0 0 0 0 0 0 1 1 1 0 0 0 0 0 1,2,52514,2020,2102580
2,20,0 0 0 0 0 0 0 0 0 0 0 0 1 1 1 0 0 0 0 1 1,2,52382,2060,2097340
2,20,0 0 0 0 0 0 0 0 0 0 0 0 1 1 1 0 0 0 1 0 1,1,52490,1920,2101520
2,20,0 0 0 0 0 0 0 0 0 0 0 0 1 1 1 0 0 1 0 0 1,1,52204,2080,2090240
2,20,0 0 0 0 0 0 0 0 0 0 0 0 1 1 1 0 0 1 0 1 1,2,52532,1800,2103080
2,20,0 0 0 0 0 0 0 0 0 0 0 0 1 1 1 0 0 1 1 0 1,2,52661,1940,2108380
2,20,0 0 0 0 0 0 0 0 0 0 0 0 1 1 1 0 1 0 0 1 1,2,52463,2140,2100660
2,20,0 0 0 0 0 0 0 0 0 0 0 0 1 1 1 0 1 0 1 0 1,1,52414,2040,2098600
2,20,0 0 0 0 0 0 0 0 0 0 0 0 1 1 1 0 1 1 0 0 1,1,52260,1960,2092360
2,20,0 0 0 0 0 0 0 0 0 0 0 0 1 1 1 0 1 1 0 1 1,2,52505,2020,2102220
2,20,0 0 0 0 0 0 0 0 0 0 0 0 1 1 1 1 0 0 0 0 1,2,52362,2100,2096580
2,20,0 0 0 0 0 0 0 0 0 0 0 0 1 1 1 1 0 0 0 1 1,2,52294,1920,2093680
2,20,0 0 0 0 0 0 0 0 0 0 0 0 1 1 1 1 0 1 0 1 1,2,52512,1900,2102380
2,20,0 0 0 0 0 0 0 0 0 0 0 0 1 1 1 1 0 1 1 0 1,2,52417,2100,2098780
2,20,0 0 0 0 0 0 0 0 0 0 0 0 1 1 1 1 1 0 0 1 1,2,52314,2220,2094780
2,20,0 0 0 0 0 0 0 0 0 0 0 0 1 1 1 1 1 1 0 1 1,2,52092,2460,2086140
2,20,0 0 0 0 0 0 0 0 0 0 0 1 0 0 0 0 0 0 0 0 1,2,51990,2060,2081660
2,20,0 0 0 0 0 0 0 0 0 0 0 1 0 0 0 0 0 0 0 1 1,2,52374,2020,2096980
2,20,0 0 0 0 0 0 0 0 0 0 0 1 0 0 0 0 0 0 1 0 1,1,51904,1960,2078120
2,20,0 0 0 0 0 0 0 0 0 0 0 1 0 0 0 0 0 1 0 0 1,1,52574,2040,2105000
2,20,0 0 0 0 0 0 0 0 0 0 0 1 0 0 0 0 0 1 0 1 1,2,52335,1980,2095380
2,20,0 0 0 0 0 0 0 0 0 0 0 1 0 0 0 0 0 1 1 0 1,2,52367,2100,2096780
2,20,0 0 0 0 0 0 0 0 0 0 0 1 0 0 0 0 1 0 0 1 1,2,52516,2140,2102780
2,20,0 0 0 0 0 0 0 0 0 0 0 1 0 0 0 0 1 0 1 0 1,1,52082,2240,2085520
2,20,0 0 0 0 0 0 0 0 0 0 0 1 0 0 0 0 1 1 0 0 1,1,52364,1960,2096520
2,20,0 0 0 0 0 0 0 0 0 0 0 1 0 0 0 0 1 1 0 1 1,2,52304,2120,2094280
2,20,0 0 0 0 0 0 0 0 0 0 0 1 0 0 0 1 0 0 0 0 1,2,52412,2300,2098780
2,20,0 0 0 0 0 0 0 0 0 0 0 1 0 0 0 1 0 0 0 1 1,2,52460,2080,2100480
2,20,0 0 0 0 0 0 0 0 0 0 0 1 0 0 0 1 0 0 1 0 1,2,52368,2080,2096800
2,20,0 0 0 0 0 0 0 0 0 0 0 1 0 0 0 1 0 1 0 0 1,2,52329,2100,2095260
2,20,0 0 0 0 0 0 0 0 0 0 0 1 0 0 0 1 0 1 0 1 1,2,52193,2160,2089880
2,20,0 0 0 0 0 0 0 0 0 0 0 1 0 0 0 1 0 1 1 0 1,2,52340,2000,2095600
2,20,0 0 0 0 0 0 0 0 0 0 0 1 0 0 0 1 1 0 0 1 1,2,52506,1860,2102100
2,20,0 0 0 0 0 0 0 0 0 0 0 1 0 0 0 1 1 0 1 0 1,2,52309,2060,2094420
2,20,0 0 0 0 0 0 0 0 0 0 0 1 0 0 0 1 1 1 0 0 1,2,52520,2020,2102820
2,20,0 0 0 0 0 0 0 0 0 0 0 1 0 0 0 1 1 1 0 1 1,2,52420,1840,2098640
2,20,0 0 0 0 0 0 0 0 0 0 0 1 0 0 1 0 0 0 0 0 1,2,52222,1980,2090860
2,20,0 0 0 0 0 0 0 0 0 0 0 1 0 0 1 0 0 0 0 1 1,2,52396,2160,2098000
2,20,0 0 0 0 0 0 0 0 0 0 0 1 0 0 1 0 0 0 1 0 1,2,52284,2080,2093440
2,20,0 0 0 0 0 0 0 0 0 0 0 1 0 0 1 0 0 1 0 0 1,2,52313,2000,2094520
2,20,0 0 0 0 0 0 0 0 0 0 0 1 0 0 1 0 0 1 0 1 1,2,52086,2080,2085520
2,20,0 0 0 0 0 0 0 0 0 0 0 1 0 0 1 0 0 1 1 0 1,2,52311,1900,2094340
2,20,0 0 0 0 0 0 0 0 0 0 0 1 0 0 1 0 1 0 0 1 1,2,52516,2120,2102760
2,20,0 0 0 0 0 0 0 0 0 0 0 1 0 0 1 0 1 0 1 0 1,2,52376,1920,2096960
2,20,0 0 0 0 0 0 0 0 0 0 0 1 0 0 1 0 1 1 0 0 1,2,52645,2120,2107920
2,20,0 0 0 0 0 0 0 0 0 0 0 1 0 0 1 0 1 1 0 1 1,2,52818,1880,2114600
2,20,0 0 0 0 0 0 0 0 0 0 0 1 0 0 1 1 0 0 0 0 1,2,52323,2280,2095200
2,20,0 0 0 0 0 0 0 0 0 0 0 1 0 0 1 1 0 0 0 1 1,2,52341,2040,2095680
2,20,0 0 0 0 0 0 0 0 0 0 0 1 0 0 1 1 0 1 0 1 1,2,52259,2000,2092360
2,20,0 0 0 0 0 0 0 0 0 0 0 1 0 0 1 1 0 1 1 0 1,2,52473,1780,2100700
2,20,0 0 0 0 0 0 0 0 0 0 0 1 0 0 1 1 1 0 0 1 1,2,52477,1880,2100960
2,20,0 0 0 0 0 0 0 0 0 0 0 1 0 0 1 1 1 1 0 1 1,2,52497,2140,2102020
2,20,0 0 0 0 0 0 0 0 0 0 0 1 0 1 0 0 0 0 0 0 1,2,52491,2100,2101740
2,20,0 0 0 0 0 0 0 0 0 0 0 1 0 1 0 0 0 0 0 1 1,2,52349,2080,2096040
2,20,0 0 0 0 0 0 0 0 0 0 0 1 0 1 0 0 0 0 1 0 1,2,52437,2240,2099720
2,20,0 0 0 0 0 0 0 0 0 0 0 1 0 1 0 0 0 1 0 0 1,2,52547,1960,2103840
2,20,0 0 0 0 0 0 0 0 0 0 0 1 0 1 0 0 0 1 0 1 1,2,52318,2140,2094860
2,20,0 0 0 0 0 0 0 0 0 0 0 1 0 1 0 0 0 1 1 0 1,2,52603,2080,2106200
2,20,0 0 0 0 0 0 0 0 0 0 0 1 0 1 0 0 1 0 0 1 1,2,52595,2120,2105920
2,20,0 0 0 0 0 0 0 0 0 0 0 1 0 1 0 0 1 0 1 0 1,2,52381,1920,2097160
2,20,0 0 0 0 0 0 0 0 0 0 0 1 0 1 0 0 1 1 0 0 1,2,52523,2080,2103000
2,20,0 0 0 0 0 0 0 0 0 0 0 1 0 1 0 0 1 1 0 1 1,2,52264,2080,2092640
2,20,0 0 0 0 0 0 0 0 0 0 0 1 0 1 0 1 0 0 0 0 1,2,52309,1900,2094260
2,20,0 0 0 0 0 0 0 0 0 0 0 1 0 1 0 1 0 0 0 1 1,2,52315,1960,2094560
2,20,0 0 0 0 0 0 0 0 0 0 0 1 0 1 0 1 0 0 1 0 1,2,52330,2000,2095200
2,20,0 0 0 0 0 0 0 0 0 0 0 1 0 1 0 1 0 1 0 0 1,2,52474,2120,2101080
2,20,0 0 0 0 0 0 0 0 0 0 0 1 0 1 0 1 0 1 0 1 1,2,52423,1840,2098760
2,20,0 0 0 0 0 0 0 0 0 0 0 1 0 1 0 1 0 1 1 0 1,2,52360,2100,2096500
2,20,0 0 0 0 0 0 0 0 0 0 0 1 0 1 0 1 1 0 0 1 1,2,52412,2080,2098560
2,20,0 0 0 0 0 0 0 0 0 0 0 1 0 1 0 1 1 0 1 0 1,2,52298,2060,2093980
2,20,0 0 0 0 0 0 0 0 0 0 0 1 0 1 0 1 1 1 0 0 1,2,52568,2080,2104800
2,20,0 0 0 0 0 0 0 0 0 0 0 1 0 1 0 1 1 1 0 1 1,2,52326,2000,2095040
2,20,0 0 0 0 0 0 0 0 0 0 0 1 0 1 1 0 0 0 0 0 1,2,52730,2140,2111340
2,20,0 0 0 0 0 0 0 0 0 0 0 1 0 1 1 0 0 0 0 1 1,2,52538,1940,2103460
2,20,0 0 0 0 0 0 0 0 0 0 0 1 0 1 1 0 0 0 1 0 1,1,52504,2160,2102320
2,20,0 0 0 0 0 0 0 0 0 0 0 1 0 1 1 0 0 1 0 0 1,1,52586,1960,2105400
2,20,0 0 0 0 0 0 0 0 0 0 0 1 0 1 1 0 0 1 0 1 1,2,52339,1920,2095480
2,20,0 0 0 0 0 0 0 0 0 0 0 1 0 1 1 0 0 1 1 0 1,2,52527,1920,2103000
2,20,0 0 0 0 0 0 0 0 0 0 0 1 0 1 1 0 1 0 0 1 1,2,52515,2260,2102860
2,20,0 0 0 0 0 0 0 0 0 0 0 1 0 1 1 0 1 0 1 0 1,1,52774,2080,2113040
2,20,0 0 0 0 0 0 0 0 0 0 0 1 0 1 1 0 1 1 0 0 1,1,52346,2240,2096080
2,20,0 0 0 0 0 0 0 0 0 0 0 1 0 1 1 0 1 1 0 1 1,2,52538,2020,2103540
2,20,0 0 0 0 0 0 0 0 0 0 0 1 0 1 1 1 0 0 0 0 1,2,51973,1880,2080800
2,20,0 0 0 0 0 0 0 0 0 0 0 1 0 1 1 1 0 0 0 1 1,2,52146,2160,2088000
2,20,0 0 0 0 0 0 0 0 0 0 0 1 0 1 1 1 0 1 0 1 1,2,52327,2060,2095140
2,20,0 0 0 0 0 0 0 0 0 0 0 1 0 1 1 1 0 1 1 0 1,2,52397,2140,2098020
2,20,0 0 0 0 0 0 0 0 0 0 0 1 0 1 1 1 1 0 0 1 1,2,52532,1940,2103220
2,20,0 0 0 0 0 0 0 0 0 0 0 1 0 1 1 1 1 1 0 1 1,2,52027,1980,2083060
2,20,0 0 0 0 0 0 0 0 0 0 0 1 1 0 0 0 0 0 0 0 1,2,52042,2100,2083780
2,20,0 0 0 0 0 0 0 0 0 0 0 1 1 0 0 0 0 0 0 1 1,2,52346,2120,2095960
2,20,0 0 0 0 0 0 0 0 0 0 0 1 1 0 0 0 0 0 1 0 1,1,52168,2040,2088760
2,20,0 0 0 0 0 0 0 0 0 0 0 1 1 0 0 0 0 1 0 0 1,1,52008,2440,2082760
2,20,0 0 0 0 0 0 0 0 0 0 0 1 1 0 0 0 0 1 0 1 1,2,52346,2220,2096060
2,20,0 0 0 0 0 0 0 0 0 0 0 1 1 0 0 0 0 1 1 0 1,2,52491,1940,2101580
2,20,0 0 0 0 0 0 0 0 0 0 0 1 1 0 0 0 1 0 0 1 1,2,52147,1880,2087760
2,20,0 0 0 0 0 0 0 0 0 0 0 1 1 0 0 0 1 0 1 0 1,1,52446,1760,2099600
2,20,0 0 0 0 0 0 0 0 0 0 0 1 1 0 0 0 1 1 0 0 1,1,52290,1960,2093560
2,20,0 0 0 0 0 0 0 0 0 0 0 1 1 0 0 0 1 1 0 1 1,2,52491,1900,2101540
2,20,0 0 0 0 0 0 0 0 0 0 0 1 1 0 0 1 0 0 0 0 1,2,52446,1980,2099820
2,20,0 0 0 0 0 0 0 0 0 0 0 1 1 0 0 1 0 0 0 1 1,2,52338,2100,2095620
2,20,0 0 0 0 0 0 0 0 0 0 0 1 1 0 0 1 0 0 1 0 1,2,52122,1960,2086840
2,20,0 0 0 0 0 0 0 0 0 0 0 1 1 0 0 1 0 1 0 0 1,2,52375,2180,2097180
2,20,0 0 0 0 0 0 0 0 0 0 0 1 1 0 0 1 0 1 0 1 1,2,52212,1980,2090460
2,20,0 0 0 0 0 0 0 0 0 0 0 1 1 0 0 1 0 1 1 0 1,2,52402,2080,2098160
2,20,0 0 0 0 0 0 0 0 0 0 0 1 1 0 0 1 1 0 0 1 1,2,52264,2040,2092600
2,20,0 0 0 0 0 0 0 0 0 0 0 1 1 0 0 1 1 0 1 0 1,2,52587,2060,2105540
2,20,0 0 0 0 0 0 0 0 0 0 0 1 1 0 0 1 1 1 0 0 1,2,52408,2260,2098580
2,20,0 0 0 0 0 0 0 0 0 0 0 1 1 0 0 1 1 1 0 1 1,2,52489,2140,2101700
2,20,0 0 0 0 0 0 0 0 0 0 0 1 1 0 1 0 0 0 0 0 1,2,52326,2020,2095060
2,20,0 0 0 0 0 0 0 0 0 0 0 1 1 0 1 0 0 0 0 1 1,2,52501,1980,2102020
2,20,0 0 0 0 0 0 0 0 0 0 0 1 1 0 1 0 0 1 0 1 1,2,52310,1920,2094320
2,20,0 0 0 0 0 0 0 0 0 0 0 1 1 0 1 0 0 1 1 0 1,2,52435,2140,2099540
2,20,0 0 0 0 0 0 0 0 0 0 0 1 1 0 1 0 1 0 0 1 1,2,52216,2120,2090760
2,20,0 0 0 0 0 0 0 0 0 0 0 1 1 0 1 0 1 1 0 1 1,2,52663,2040,2108560
2,20,0 0 0 0 0 0 0 0 0 0 0 1 1 0 1 1 0 0 0 0 1,2,52393,2080,2097800
2,20,0 0 0 0 0 0 0 0 0 0 0 1 1 0 1 1 0 0 0 1 1,2,52206,2240,2090480
2,20,0 0 0 0 0 0 0 0 0 0 0 1 1 0 1 1 0 1 0 1 1,2,52380,1760,2096960
2,20,0 0 0 0 0 0 0 0 0 0 0 1 1 0 1 1 0 1 1 0 1,2,52387,2060,2097540
2,20,0 0 0 0 0 0 0 0 0 0 0 1 1 0 1 1 1 0 0 1 1,2,52478,1980,2101100
2,20,0 0 0 0 0 0 0 0 0 0 0 1 1 0 1 1 1 1 0 1 1,2,52337,1920,2095400
2,20,0 0 0 0 0 0 0 0 0 0 0 1 1 1 0 0 0 0 0 0 1,2,52537,2140,2103620
2,20,0 0 0 0 0 0 0 0 0 0 0 1 1 1 0 0 0 0 0 1 1,2,52295,1900,2093700
2,20,0 0 0 0 0 0 0 0 0 0 0 1 1 1 0 0 0 1 0 1 1,2,52454,2240,2100400
2,20,0 0 0 0 0 0 0 0 0 0 0 1 1 1 0 0 0 1 1 0 1,2,52567,2040,2104720
2,20,0 0 0 0 0 0 0 0 0 0 0 1 1 1 0 0 1 0 0 1 1,2,52480,2080,2101280
2,20,0 0 0 0 0 0 0 0 0 0 0 1 1 1 0 0 1 1 0 1 1,2,52626,2180,2107220
2,20,0 0 0 0 0 0 0 0 0 0 0 1 1 1 0 1 0 0 0 0 1,2,52403,1900,2098020
2,20,0 0 0 0 0 0 0 0 0 0 0 1 1 1 0 1 0 0 0 1 1,2,52389,2040,2097600
2,20,0 0 0 0 0 0 0 0 0 0 0 1 1 1 0 1 0 0 1 0 1,2,52346,2200,2096040
2,20,0 0 0 0 0 0 0 0 0 0 0 1 1 1 0 1 0 1 0 0 1,2,52426,2080,2099120
2,20,0 0 0 0 0 0 0 0 0 0 0 1 1 1 0 1 0 1 0 1 1,2,52403,2060,2098180
2,20,0 0 0 0 0 0 0 0 0 0 0 1 1 1 0 1 0 1 1 0 1,2,52340,2140,2095740
2,20,0 0 0 0 0 0 0 0 0 0 0 1 1 1 0 1 1 0 0 1 1,2,52120,1940,2086740
2,20,0 0 0 0 0 0 0 0 0 0 0 1 1 1 0 1 1 0 1 0 1,2,52328,2140,2095260
2,20,0 0 0 0 0 0 0 0 0 0 0 1 1 1 0 1 1 1 0 0 1,2,52502,1960,2102040
2,20,0 0 0 0 0 0 0 0 0 0 0 1 1 1 0 1 1 1 0 1 1,2,52528,2000,2103120
2,20,0 0 0 0 0 0 0 0 0 0 0 1 1 1 1 0 0 0 0 0 1,2,52354,2100,2096260
2,20,0 0 0 0 0 0 0 0 0 0 0 1 1 1 1 0 0 0 0 1 1,2,52255,2120,2092320
2,20,0 0 0 0 0 0 0 0 0 0 0 1 1 1 1 0 0 0 1 0 1,1,52382,1920,2097200
2,20,0 0 0 0 0 0 0 0 0 0 0 1 1 1 1 0 0 1 0 0 1,1,52564,2120,2104680
2,20,0 0 0 0 0 0 0 0 0 0 0 1 1 1 1 0 0 1 0 1 1,2,52408,1900,2098220
2,20,0 0 0 0 0 0 0 0 0 0 0 1 1 1 1 0 0 1 1 0 1,2,52115,2040,2086640
2,20,0 0 0 0 0 0 0 0 0 0 0 1 1 1 1 0 1 0 0 1 1,2,52449,2240,2100200
2,20,0 0 0 0 0 0 0 0 0 0 0 1 1 1 1 0 1 0 1 0 1,1,52232,1840,2091120
2,20,0 0 0 0 0 0 0 0 0 0 0 1 1 1 1 0 1 1 0 0 1,1,52316,2400,2095040
2,20,0 0 0 0 0 0 0 0 0 0 0 1 1 1 1 0 1 1 0 1 1,2,52414,2100,2098660
2,20,0 0 0 0 0 0 0 0 0 0 0 1 1 1 1 1 0 0 0 0 1,2,52377,2000,2097080
2,20,0 0 0 0 0 0 0 0 0 0 0 1 1 1 1 1 0 0 0 1 1,2,52293,2100,2093820
2,20,0 0 0 0 0 0 0 0 0 0 0 1 1 1 1 1 0 1 0 1 1,2,52347,2180,2096060
2,20,0 0 0 0 0 0 0 0 0 0 0 1 1 1 1 1 0 1 1 0 1,2,52209,1860,2090220
2,20,0 0 0 0 0 0 0 0 0 0 0 1 1 1 1 1 1 0 0 1 1,2,52281,2000,2093240
2,20,0 0 0 0 0 0 0 0 0 0 0 1 1 1 1 1 1 1 0 1 1,2,52514,1860,2102420
3,3,0 0 0 1,1,15,9,99
3,3,0 1 0 1,1,12,0,72
3,3,0 1 2 1,6,13,3,81
3,3,0 2 0 1,1,11,6,72
3,4,0 0 0 0 1,3,28,1,225
3,4,0 0 1 0 1,3,37,4,300
3,4,0 0 2 0 1,3,27,6,222
3,4,0 2 0 0 1,6,31,4,252
3,4,0 2 1 0 1,6,28,4,228
3,4,0 2 2 0 1,6,30,0,240
3,5,0 0 0 0 0 1,3,68,1,681
3,5,0 0 0 1 0 1,3,73,2,732
3,5,0 0 0 2 0 1,3,75,0,750
3,5,0 0 2 0 0 1,6,78,0,780
3,5,0 0 2 1 0 1,6,79,5,795
3,5,0 0 2 2 0 1,6,70,5,705
3,5,0 1 0 0 0 1,3,75,0,750
3,5,0 1 0 1 0 1,3,71,10,720
3,5,0 1 0 2 0 1,3,63,0,630
3,5,0 1 2 0 0 1,6,70,5,705
3,5,0 1 2 1 0 1,6,72,0,720
3,5,0 1 2 2 0 1,6,76,5,765
3,5,0 2 0 0 0 1,3,71,10,720
3,5,0 2 0 1 0 1,3,69,0,690
3,5,0 2 0 2 0 1,3,69,0,690
3,5,0 2 2 0 0 1,6,72,0,720
3,5,0 2 2 1 0 1,6,73,5,735
3,5,0 2 2 2 0 1,6,73,5,735
3,6,0 0 0 0 0 0 1,3,156,27,1899
3,6,0 0 0 0 1 0 1,3,204,0,2448
3,6,0 0 0 0 1 2 1,6,172,6,2070
3,6,0 0 0 0 2 0 1,3,178,6,2142
3,6,0 0 0 1 1 2 1,6,189,0,2268
3,6,0 0 0 2 1 2 1,6,183,0,2196
3,6,0 0 1 0 0 0 1,3,180,0,2160
3,6,0 0 1 0 1 0 1,1,198,0,2376
3,6,0 0 1 0 1 2 1,6,195,0,2340
3,6,0 0 1 0 2 0 1,3,166,6,1998
3,6,0 0 1 1 1 2 1,6,182,3,2187
3,6,0 0 1 2 1 0 1,2,180,0,2160
3,6,0 0 1 2 1 2 1,6,165,0,1980
3,6,0 0 2 0 0 0 1,3,184,6,2214
3,6,0 0 2 0 1 0 1,3,169,6,2034
3,6,0 0 2 0 1 2 1,6,181,6,2178
3,6,0 0 2 0 2 0 1,3,177,0,2124
3,6,0 0 2 1 1 2 1,6,193,6,2322
3,6,0 0 2 2 1 2 1,6,174,0,2088
3,6,0 1 0 0 1 2 1,6,180,0,2160
3,6,0 1 0 1 1 2 1,6,192,0,2304
3,6,0 1 0 2 1 0 1,6,172,6,2070
3,6,0 1 0 2 1 2 1,6,190,6,2286
3,6,0 1 1 0 1 2 1,6,175,6,2106
3,6,0 1 1 1 1 2 1,6,183,0,2196
3,6,0 1 1 2 1 0 1,2,186,9,2241
3,6,0 1 1 2 1 2 1,6,195,0,2340
3,6,0 1 2 0 1 2 1,6,166,6,1998
3,6,0 1 2 1 1 2 1,6,169,6,2034
3,6,0 1 2 2 1 0 1,6,183,0,2196
3,6,0 1 2 2 1 2 1,6,190,6,2286
3,6,0 2 0 0 0 0 1,6,178,6,2142
3,6,0 2 0 0 1 2 1,6,187,6,2250
3,6,0 2 0 0 2 0 1,6,192,0,2304
3,6,0 2 0 1 1 2 1,6,172,6,2070
3,6,0 2 0 2 1 2 1,6,184,6,2214
3,6,0 2 1 0 0 0 1,6,184,6,2214
3,6,0 2 1 0 1 0 1,2,189,0,2268
3,6,0 2 1 0 1 2 1,6,183,0,2196
3,6,0 2 1 0 2 0 1,6,184,6,2214
3,6,0 2 1 1 1 2 1,6,186,0,2232
3,6,0 2 1 2 1 0 1,2,189,0,2268
3,6,0 2 1 2 1 2 1,6,179,12,2160
3,6,0 2 2 0 0 0 1,6,189,0,2268
3,6,0 2 2 0 1 2 1,6,183,0,2196
3,6,0 2 2 0 2 0 1,6,186,0,2232
3,6,0 2 2 1 1 2 1,6,177,0,2124
3,6,0 2 2 2 1 2 1,6,189,0,2268
3,7,0 0 0 0 0 0 0 1,3,467,1,6539
3,7,0 0 0 0 0 1 0 1,3,466,0,6524
3,7,0 0 0 0 0 2 0 1,3,456,14,6398
3,7,0 0 0 0 2 0 0 1,6,466,0,6524
3,7,0 0 0 0 2 1 0 1,6,475,0,6650
3,7,0 0 0 0 2 2 0 1,6,479,7,6713
3,7,0 0 0 1 0 0 0 1,3,466,0,6524
3,7,0 0 0 1 0 1 0 1,3,475,0,6650
3,7,0 0 0 1 0 2 0 1,3,442,0,6188
3,7,0 0 0 1 2 0 0 1,6,473,7,6629
3,7,0 0 0 1 2 1 0 1,6,464,7,6503
3,7,0 0 0 1 2 2 0 1,6,451,0,6314
3,7,0 0 0 2 0 0 0 1,3,472,0,6608
3,7,0 0 0 2 0 1 0 1,3,514,0,7196
3,7,0 0 0 2 0 2 0 1,3,490,0,6860
3,7,0 0 0 2 2 0 0 1,6,455,7,6377
3,7,0 0 0 2 2 1 0 1,6,482,7,6755
3,7,0 0 0 2 2 2 0 1,6,460,0,6440
3,7,0 0 1 0 2 0 0 1,6,466,0,6524
3,7,0 0 1 0 2 1 0 1,6,466,0,6524
3,7,0 0 1 0 2 2 0 1,6,455,7,6377
3,7,0 0 1 1 2 0 0 1,6,469,0,6566
3,7,0 0 1 1 2 1 0 1,6,470,7,6587
3,7,0 0 1 1 2 2 0 1,6,472,0,6608
3,7,0 0 1 2 2 0 0 1,6,482,7,6755
3,7,0 0 1 2 2 1 0 1,6,478,0,6692
3,7,0 0 1 2 2 2 0 1,6,472,0,6608
3,7,0 0 2 0 0 0 0 1,6,458,7,6419
3,7,0 0 2 0 0 1 0 1,6,449,7,6293
3,7,0 0 2 0 0 2 0 1,6,470,7,6587
3,7,0 0 2 0 2 0 0 1,6,454,0,6356
3,7,0 0 2 0 2 1 0 1,6,476,7,6671
3,7,0 0 2 0 2 2 0 1,6,490,0,6860
3,7,0 0 2 1 0 0 0 1,6,491,7,6881
3,7,0 0 2 1 0 1 0 1,6,479,7,6713
3,7,0 0 2 1 0 2 0 1,6,466,0,6524
3,7,0 0 2 1 2 0 0 1,6,479,7,6713
3,7,0 0 2 1 2 1 0 1,6,476,7,6671
3,7,0 0 2 1 2 2 0 1,6,461,7,6461
3,7,0 0 2 2 0 0 0 1,6,466,0,6524
3,7,0 0 2 2 0 1 0 1,6,440,7,6167
3,7,0 0 2 2 0 2 0 1,6,466,0,6524
3,7,0 0 2 2 2 0 0 1,6,478,0,6692
3,7,0 0 2 2 2 1 0 1,6,454,0,6356
3,7,0 0 2 2 2 2 0 1,6,467,7,6545
3,7,0 1 0 0 0 0 0 1,3,493,0,6902
3,7,0 1 0 0 0 1 0 1,3,468,14,6566
3,7,0 1 0 0 0 2 0 1,3,496,0,6944
3,7,0 1 0 0 2 0 0 1,6,478,0,6692
3,7,0 1 0 0 2 1 0 1,6,487,0,6818
3,7,0 1 0 0 2 2 0 1,6,466,0,6524
3,7,0 1 0 1 0 0 0 1,3,453,14,6356
3,7,0 1 0 1 0 1 0 1,3,481,0,6734
3,7,0 1 0 1 0 2 0 1,3,481,0,6734
3,7,0 1 0 1 2 0 0 1,6,466,0,6524
3,7,0 1 0 1 2 1 0 1,6,472,0,6608
3,7,0 1 0 1 2 2 0 1,6,475,0,6650
3,7,0 1 0 2 0 0 0 1,3,457,0,6398
3,7,0 1 0 2 0 1 0 1,3,487,0,6818
3,7,0 1 0 2 0 2 0 1,3,471,14,6608
3,7,0 1 0 2 2 0 0 1,6,481,0,6734
3,7,0 1 0 2 2 1 0 1,6,464,7,6503
3,7,0 1 0 2 2 2 0 1,6,476,7,6671
3,7,0 1 1 0 2 0 0 1,6,460,0,6440
3,7,0 1 1 0 2 1 0 1,6,461,7,6461
3,7,0 1 1 0 2 2 0 1,6,463,0,6482
3,7,0 1 1 1 2 0 0 1,6,470,7,6587
3,7,0 1 1 1 2 1 0 1,6,487,0,6818
3,7,0 1 1 1 2 2 0 1,6,484,0,6776
3,7,0 1 1 2 2 0 0 1,6,478,0,6692
3,7,0 1 1 2 2 1 0 1,6,466,0,6524
3,7,0 1 1 2 2 2 0 1,6,458,7,6419
3,7,0 1 2 0 0 0 0 1,6,469,0,6566
3,7,0 1 2 0 0 1 0 1,6,469,0,6566
3,7,0 1 2 0 0 2 0 1,6,464,7,6503
3,7,0 1 2 0 2 0 0 1,6,490,0,6860
3,7,0 1 2 0 2 1 0 1,6,463,0,6482
3,7,0 1 2 0 2 2 0 1,6,448,0,6272
3,7,0 1 2 1 0 0 0 1,6,461,7,6461
3,7,0 1 2 1 0 1 0 1,6,452,7,6335
3,7,0 1 2 1 0 2 0 1,6,481,0,6734
3,7,0 1 2 1 2 0 0 1,6,442,0,6188
3,7,0 1 2 1 2 1 0 1,6,478,0,6692
3,7,0 1 2 1 2 2 0 1,6,482,7,6755
3,7,0 1 2 2 0 0 0 1,6,476,7,6671
3,7,0 1 2 2 0 1 0 1,6,448,0,6272
3,7,0 1 2 2 0 2 0 1,6,460,0,6440
3,7,0 1 2 2 2 0 0 1,6,446,7,6251
3,7,0 1 2 2 2 1 0 1,6,473,7,6629
3,7,0 1 2 2 2 2 0 1,6,476,7,6671
3,7,0 2 0 0 0 0 0 1,3,460,0,6440
3,7,0 2 0 0 0 1 0 1,3,478,0,6692
3,7,0 2 0 0 0 2 0 1,3,478,0,6692
3,7,0 2 0 0 2 0 0 1,6,478,0,6692
3,7,0 2 0 0 2 1 0 1,6,473,7,6629
3,7,0 2 0 0 2 2 0 1,6,472,0,6608
3,7,0 2 0 1 0 0 0 1,3,457,0,6398
3,7,0 2 0 1 0 1 0 1,3,448,0,6272
3,7,0 2 0 1 0 2 0 1,3,503,16,7058
3,7,0 2 0 1 2 0 0 1,6,478,0,6692
3,7,0 2 0 1 2 1 0 1,6,463,0,6482
3,7,0 2 0 1 2 2 0 1,6,451,0,6314
3,7,0 2 0 2 0 0 0 1,3,475,0,6650
3,7,0 2 0 2 0 1 0 1,3,457,0,6398
3,7,0 2 0 2 0 2 0 1,3,469,0,6566
3,7,0 2 0 2 2 0 0 1,6,467,7,6545
3,7,0 2 0 2 2 1 0 1,6,479,7,6713
3,7,0 2 0 2 2 2 0 1,6,467,7,6545
3,7,0 2 1 0 2 0 0 1,6,464,7,6503
3,7,0 2 1 0 2 1 0 1,6,472,0,6608
3,7,0 2 1 0 2 2 0 1,6,472,0,6608
3,7,0 2 1 1 2 0 0 1,6,460,0,6440
3,7,0 2 1 1 2 1 0 1,6,460,0,6440
3,7,0 2 1 1 2 2 0 1,6,488,7,6839
3,7,0 2 1 2 2 0 0 1,6,466,0,6524
3,7,0 2 1 2 2 1 0 1,6,460,0,6440
3,7,0 2 1 2 2 2 0 1,6,460,0,6440
3,7,0 2 2 0 0 0 0 1,6,485,7,6797
3,7,0 2 2 0 0 1 0 1,6,458,7,6419
3,7,0 2 2 0 0 2 0 1,6,460,0,6440
3,7,0 2 2 0 2 0 0 1,6,464,7,6503
3,7,0 2 2 0 2 1 0 1,6,460,0,6440
3,7,0 2 2 0 2 2 0 1,6,461,7,6461
3,7,0 2 2 1 0 0 0 1,6,469,0,6566
3,7,0 2 2 1 0 1 0 1,6,463,0,6482
3,7,0 2 2 1 0 2 0 1,6,488,7,6839
3,7,0 2 2 1 2 0 0 1,6,469,0,6566
3,7,0 2 2 1 2 1 0 1,6,449,7,6293
3,7,0 2 2 1 2 2 0 1,6,455,7,6377
3,7,0 2 2 2 0 0 0 1,6,452,7,6335
3,7,0 2 2 2 0 1 0 1,6,493,0,6902
3,7,0 2 2 2 0 2 0 1,6,469,0,6566
3,7,0 2 2 2 2 0 0 1,6,466,0,6524
3,7,0 2 2 2 2 1 0 1,6,449,7,6293
3,7,0 2 2 2 2 2 0 1,6,469,0,6566
3,8,0 0 0 0 0 0 0 0 1,3,1260,1,20161
3,8,0 0 0 0 0 0 1 0 1,3,1229,8,19672
3,8,0 0 0 0 0 0 2 0 1,3,1211,8,19384
3,8,0 0 0 0 0 2 0 0 1,6,1220,8,19528
3,8,0 0 0 0 0 2 1 0 1,6,1199,8,19192
3,8,0 0 0 0 0 2 2 0 1,6,1255,0,20080
3,8,0 0 0 0 1 0 0 0 1,3,1253,8,20056
3,8,0 0 0 0 1 0 1 0 1,3,1183,0,18928
3,8,0 0 0 0 1 0 2 0 1,3,1207,0,19312
3,8,0 0 0 0 1 2 0 0 1,6,1208,8,19336
3,8,0 0 0 0 1 2 1 0 1,6,1243,0,19888
3,8,0 0 0 0 1 2 2 0 1,6,1249,0,19984
3,8,0 0 0 0 2 0 0 0 1,3,1223,8,19576
3,8,0 0 0 0 2 0 1 0 1,3,1186,0,18976
3,8,0 0 0 0 2 0 2 0 1,3,1210,0,19360
3,8,0 0 0 0 2 2 0 0 1,6,1252,0,20032
3,8,0 0 0 0 2 2 1 0 1,6,1240,0,19840
3,8,0 0 0 0 2 2 2 0 1,6,1220,8,19528
3,8,0 0 0 1 0 2 0 0 1,6,1249,0,19984
3,8,0 0 0 1 0 2 1 0 1,6,1198,0,19168
3,8,0 0 0 1 0 2 2 0 1,6,1256,8,20104
3,8,0 0 0 1 1 2 0 0 1,6,1258,0,20128
3,8,0 0 0 1 1 2 1 0 1,6,1226,8,19624
3,8,0 0 0 1 1 2 2 0 1,6,1238,8,19816
3,8,0 0 0 1 2 2 0 0 1,6,1190,8,19048
3,8,0 0 0 1 2 2 1 0 1,6,1262,8,20200
3,8,0 0 0 1 2 2 2 0 1,6,1259,8,20152
3,8,0 0 0 2 0 0 0 0 1,6,1214,8,19432
3,8,0 0 0 2 0 0 1 0 1,6,1240,0,19840
3,8,0 0 0 2 0 0 2 0 1,6,1228,0,19648
3,8,0 0 0 2 0 2 0 0 1,6,1180,0,18880
3,8,0 0 0 2 0 2 1 0 1,6,1213,0,19408
3,8,0 0 0 2 0 2 2 0 1,6,1225,0,19600
3,8,0 0 0 2 1 0 0 0 1,6,1184,8,18952
3,8,0 0 0 2 1 0 1 0 1,6,1207,0,19312
3,8,0 0 0 2 1 0 2 0 1,6,1220,8,19528
3,8,0 0 0 2 1 2 0 0 1,6,1231,0,19696
3,8,0 0 0 2 1 2 1 0 1,6,1225,0,19600
3,8,0 0 0 2 1 2 2 0 1,6,1196,8,19144
3,8,0 0 0 2 2 0 0 0 1,6,1225,0,19600
3,8,0 0 0 2 2 0 1 0 1,6,1247,8,19960
3,8,0 0 0 2 2 0 2 0 1,6,1217,8,19480
3,8,0 0 0 2 2 2 0 0 1,6,1228,0,19648
3,8,0 0 0 2 2 2 1 0 1,6,1231,0,19696
3,8,0 0 0 2 2 2 2 0 1,6,1201,0,19216
3,8,0 0 1 0 0 0 0 0 1,3,1268,8,20296
3,8,0 0 1 0 0 0 1 0 1,3,1247,2,19954
3,8,0 0 1 0 0 0 2 0 1,3,1225,0,19600
3,8,0 0 1 0 0 2 0 0 1,6,1219,0,19504
3,8,0 0 1 0 0 2 1 0 1,6,1234,0,19744
3,8,0 0 1 0 0 2 2 0 1,6,1208,8,19336
3,8,0 0 1 0 1 0 0 0 1,3,1225,0,19600
3,8,0 0 1 0 1 0 1 0 1,3,1207,0,19312
3,8,0 0 1 0 1 0 2 0 1,3,1187,8,19000
3,8,0 0 1 0 1 2 0 0 1,6,1225,0,19600
3,8,0 0 1 0 1 2 1 0 1,6,1261,0,20176
3,8,0 0 1 0 1 2 2 0 1,6,1240,0,19840
3,8,0 0 1 0 2 0 0 0 1,3,1246,0,19936
3,8,0 0 1 0 2 0 1 0 1,3,1234,0,19744
3,8,0 0 1 0 2 0 2 0 1,3,1219,12,19516
3,8,0 0 1 0 2 2 0 0 1,6,1262,8,20200
3,8,0 0 1 0 2 2 1 0 1,6,1237,0,19792
3,8,0 0 1 0 2 2 2 0 1,6,1255,0,20080
3,8,0 0 1 1 0 2 0 0 1,6,1250,8,20008
3,8,0 0 1 1 0 2 1 0 1,6,1271,8,20344
3,8,0 0 1 1 0 2 2 0 1,6,1240,0,19840
3,8,0 0 1 1 1 2 0 0 1,6,1251,16,20032
3,8,0 0 1 1 1 2 1 0 1,6,1216,0,19456
3,8,0 0 1 1 1 2 2 0 1,6,1225,0,19600
3,8,0 0 1 1 2 2 0 0 1,6,1253,8,20056
3,8,0 0 1 1 2 2 1 0 1,6,1216,0,19456
3,8,0 0 1 1 2 2 2 0 1,6,1223,8,19576
3,8,0 0 1 2 0 0 0 0 1,6,1244,8,19912
3,8,0 0 1 2 0 0 1 0 1,6,1183,0,18928
3,8,0 0 1 2 0 0 2 0 1,6,1232,8,19720
3,8,0 0 1 2 0 2 0 0 1,6,1207,0,19312
3,8,0 0 1 2 0 2 1 0 1,6,1249,0,19984
3,8,0 0 1 2 0 2 2 0 1,6,1210,0,19360
3,8,0 0 1 2 1 0 0 0 1,6,1273,0,20368
3,8,0 0 1 2 1 0 1 0 1,6,1243,0,19888
3,8,0 0 1 2 1 0 2 0 1,6,1261,0,20176
3,8,0 0 1 2 1 2 0 0 1,6,1237,0,19792
3,8,0 0 1 2 1 2 1 0 1,6,1214,8,19432
3,8,0 0 1 2 1 2 2 0 1,6,1249,0,19984
3,8,0 0 1 2 2 0 0 0 1,6,1198,0,19168
3,8,0 0 1 2 2 0 1 0 1,6,1243,0,19888
3,8,0 0 1 2 2 0 2 0 1,6,1198,0,19168
3,8,0 0 1 2 2 2 0 0 1,6,1232,8,19720
3,8,0 0 1 2 2 2 1 0 1,6,1214,8,19432
3,8,0 0 1 2 2 2 2 0 1,6,1246,0,19936
3,8,0 0 2 0 0 0 0 0 1,3,1238,8,19816
3,8,0 0 2 0 0 0 1 0 1,3,1201,0,19216
3,8,0 0 2 0 0 0 2 0 1,3,1213,0,19408
3,8,0 0 2 0 0 2 0 0 1,6,1228,0,19648
3,8,0 0 2 0 0 2 1 0 1,6,1234,0,19744
3,8,0 0 2 0 0 2 2 0 1,6,1235,8,19768
3,8,0 0 2 0 1 0 0 0 1,3,1207,0,19312
3,8,0 0 2 0 1 0 1 0 1,3,1259,8,20152
3,8,0 0 2 0 1 0 2 0 1,3,1219,0,19504
3,8,0 0 2 0 1 2 0 0 1,6,1229,8,19672
3,8,0 0 2 0 1 2 1 0 1,6,1222,0,19552
3,8,0 0 2 0 1 2 2 0 1,6,1210,0,19360
3,8,0 0 2 0 2 0 0 0 1,3,1234,0,19744
3,8,0 0 2 0 2 0 1 0 1,3,1195,12,19132
3,8,0 0 2 0 2 0 2 0 1,3,1204,0,19264
3,8,0 0 2 0 2 2 0 0 1,6,1211,8,19384
3,8,0 0 2 0 2 2 1 0 1,6,1222,0,19552
3,8,0 0 2 0 2 2 2 0 1,6,1237,0,19792
3,8,0 0 2 1 0 2 0 0 1,6,1222,0,19552
3,8,0 0 2 1 0 2 1 0 1,6,1234,0,19744
3,8,0 0 2 1 0 2 2 0 1,6,1256,8,20104
3,8,0 0 2 1 1 2 0 0 1,6,1220,8,19528
3,8,0 0 2 1 1 2 1 0 1,6,1211,8,19384
3,8,0 0 2 1 1 2 2 0 1,6,1204,0,19264
3,8,0 0 2 1 2 2 0 0 1,6,1228,0,19648
3,8,0 0 2 1 2 2 1 0 1,6,1251,16,20032
3,8,0 0 2 1 2 2 2 0 1,6,1252,0,20032
3,8,0 0 2 2 0 0 0 0 1,6,1231,0,19696
3,8,0 0 2 2 0 0 1 0 1,6,1231,0,19696
3,8,0 0 2 2 0 0 2 0 1,6,1220,8,19528
3,8,0 0 2 2 0 2 0 0 1,6,1258,0,20128
3,8,0 0 2 2 0 2 1 0 1,6,1210,0,19360
3,8,0 0 2 2 0 2 2 0 1,6,1205,8,19288
3,8,0 0 2 2 1 0 0 0 1,6,1228,0,19648
3,8,0 0 2 2 1 0 1 0 1,6,1222,0,19552
3,8,0 0 2 2 1 0 2 0 1,6,1213,0,19408
3,8,0 0 2 2 1 2 0 0 1,6,1222,0,19552
3,8,0 0 2 2 1 2 1 0 1,6,1228,0,19648
3,8,0 0 2 2 1 2 2 0 1,6,1258,0,20128
3,8,0 0 2 2 2 0 0 0 1,6,1217,8,19480
3,8,0 0 2 2 2 0 1 0 1,6,1204,0,19264
3,8,0 0 2 2 2 0 2 0 1,6,1261,0,20176
3,8,0 0 2 2 2 2 0 0 1,6,1261,0,20176
3,8,0 0 2 2 2 2 1 0 1,6,1231,0,19696
3,8,0 0 2 2 2 2 2 0 1,6,1220,8,19528
3,8,0 1 0 0 0 2 0 0 1,6,1214,8,19432
3,8,0 1 0 0 0 2 1 0 1,6,1265,8,20248
3,8,0 1 0 0 0 2 2 0 1,6,1274,8,20392
3,8,0 1 0 0 1 2 0 0 1,6,1255,0,20080
3,8,0 1 0 0 1 2 1 0 1,6,1234,0,19744
3,8,0 1 0 0 1 2 2 0 1,6,1210,0,19360
3,8,0 1 0 0 2 2 0 0 1,6,1228,0,19648
3,8,0 1 0 0 2 2 1 0 1,6,1213,0,19408
3,8,0 1 0 0 2 2 2 0 1,6,1240,0,19840
3,8,0 1 0 1 0 2 0 0 1,6,1217,8,19480
3,8,0 1 0 1 0 2 1 0 1,6,1244,8,19912
3,8,0 1 0 1 0 2 2 0 1,6,1252,0,20032
3,8,0 1 0 1 1 2 0 0 1,6,1226,8,19624
3,8,0 1 0 1 1 2 1 0 1,6,1219,0,19504
3,8,0 1 0 1 1 2 2 0 1,6,1246,0,19936
3,8,0 1 0 1 2 2 0 0 1,6,1222,0,19552
3,8,0 1 0 1 2 2 1 0 1,6,1238,8,19816
3,8,0 1 0 1 2 2 2 0 1,6,1279,0,20464
3,8,0 1 0 2 0 0 0 0 1,6,1222,0,19552
3,8,0 1 0 2 0 0 1 0 1,6,1225,0,19600
3,8,0 1 0 2 0 0 2 0 1,6,1214,8,19432
3,8,0 1 0 2 0 2 0 0 1,6,1255,0,20080
3,8,0 1 0 2 0 2 1 0 1,6,1252,0,20032
3,8,0 1 0 2 0 2 2 0 1,6,1237,0,19792
3,8,0 1 0 2 1 0 0 0 1,6,1208,8,19336
3,8,0 1 0 2 1 0 1 0 1,6,1244,8,19912
3,8,0 1 0 2 1 0 2 0 1,6,1226,8,19624
3,8,0 1 0 2 1 2 0 0 1,6,1261,0,20176
3,8,0 1 0 2 1 2 1 0 1,6,1210,0,19360
3,8,0 1 0 2 1 2 2 0 1,6,1252,0,20032
3,8,0 1 0 2 2 0 0 0 1,6,1289,8,20632
3,8,0 1 0 2 2 0 1 0 1,6,1213,0,19408
3,8,0 1 0 2 2 0 2 0 1,6,1210,0,19360
3,8,0 1 0 2 2 2 0 0 1,6,1255,0,20080
3,8,0 1 0 2 2 2 1 0 1,6,1261,0,20176
3,8,0 1 0 2 2 2 2 0 1,6,1241,8,19864
3,8,0 1 1 0 0 2 0 0 1,6,1229,8,19672
3,8,0 1 1 0 0 2 1 0 1,6,1190,8,19048
3,8,0 1 1 0 0 2 2 0 1,6,1234,0,19744
3,8,0 1 1 0 1 2 0 0 1,6,1260,4,20164
3,8,0 1 1 0 1 2 1 0 1,6,1223,8,19576
3,8,0 1 1 0 1 2 2 0 1,6,1235,8,19768
3,8,0 1 1 0 2 2 0 0 1,6,1219,0,19504
3,8,0 1 1 0 2 2 1 0 1,6,1249,0,19984
3,8,0 1 1 0 2 2 2 0 1,6,1223,8,19576
3,8,0 1 1 1 0 2 0 0 1,6,1195,0,19120
3,8,0 1 1 1 0 2 1 0 1,6,1258,0,20128
3,8,0 1 1 1 0 2 2 0 1,6,1222,0,19552
3,8,0 1 1 1 1 2 0 0 1,6,1243,0,19888
3,8,0 1 1 1 1 2 1 0 1,6,1214,8,19432
3,8,0 1 1 1 1 2 2 0 1,6,1216,0,19456
3,8,0 1 1 1 2 2 0 0 1,6,1195,0,19120
3,8,0 1 1 1 2 2 1 0 1,6,1271,8,20344
3,8,0 1 1 1 2 2 2 0 1,6,1234,0,19744
3,8,0 1 1 2 0 0 0 0 1,6,1243,0,19888
3,8,0 1 1 2 0 0 1 0 1,6,1265,8,20248
3,8,0 1 1 2 0 0 2 0 1,6,1274,8,20392
3,8,0 1 1 2 0 2 0 0 1,6,1229,8,19672
3,8,0 1 1 2 0 2 1 0 1,6,1264,0,20224
3,8,0 1 1 2 0 2 2 0 1,6,1234,0,19744
3,8,0 1 1 2 1 0 0 0 1,6,1217,8,19480
3,8,0 1 1 2 1 0 1 0 1,6,1238,8,19816
3,8,0 1 1 2 1 0 2 0 1,6,1256,8,20104
3,8,0 1 1 2 1 2 0 0 1,6,1282,0,20512
3,8,0 1 1 2 1 2 1 0 1,6,1246,0,19936
3,8,0 1 1 2 1 2 2 0 1,6,1270,0,20320
3,8,0 1 1 2 2 0 0 0 1,6,1222,0,19552
3,8,0 1 1 2 2 0 1 0 1,6,1253,8,20056
3,8,0 1 1 2 2 0 2 0 1,6,1240,0,19840
3,8,0 1 1 2 2 2 0 0 1,6,1213,0,19408
3,8,0 1 1 2 2 2 1 0 1,6,1193,8,19096
3,8,0 1 1 2 2 2 2 0 1,6,1225,0,19600
3,8,0 1 2 0 0 2 0 0 1,6,1237,0,19792
3,8,0 1 2 0 0 2 1 0 1,6,1216,0,19456
3,8,0 1 2 0 0 2 2 0 1,6,1222,0,19552
3,8,0 1 2 0 1 2 0 0 1,6,1195,0,19120
3,8,0 1 2 0 1 2 1 0 1,6,1246,0,19936
3,8,0 1 2 0 1 2 2 0 1,6,1217,8,19480
3,8,0 1 2 0 2 2 0 0 1,6,1216,0,19456
3,8,0 1 2 0 2 2 1 0 1,6,1218,16,19504
3,8,0 1 2 0 2 2 2 0 1,6,1231,0,19696
3,8,0 1 2 1 0 2 0 0 1,6,1264,0,20224
3,8,0 1 2 1 0 2 1 0 1,6,1255,0,20080
3,8,0 1 2 1 0 2 2 0 1,6,1225,0,19600
3,8,0 1 2 1 1 2 0 0 1,6,1229,8,19672
3,8,0 1 2 1 1 2 1 0 1,6,1238,8,19816
3,8,0 1 2 1 1 2 2 0 1,6,1228,0,19648
3,8,0 1 2 1 2 2 0 0 1,6,1201,0,19216
3,8,0 1 2 1 2 2 1 0 1,6,1234,0,19744
3,8,0 1 2 1 2 2 2 0 1,6,1204,0,19264
3,8,0 1 2 2 0 0 0 0 1,6,1202,8,19240
3,8,0 1 2 2 0 0 1 0 1,6,1199,8,19192
3,8,0 1 2 2 0 0 2 0 1,6,1241,8,19864
3,8,0 1 2 2 0 2 0 0 1,6,1246,0,19936
3,8,0 1 2 2 0 2 1 0 1,6,1232,8,19720
3,8,0 1 2 2 0 2 2 0 1,6,1246,0,19936
3,8,0 1 2 2 1 0 0 0 1,6,1241,8,19864
3,8,0 1 2 2 1 0 1 0 1,6,1225,0,19600
3,8,0 1 2 2 1 0 2 0 1,6,1215,16,19456
3,8,0 1 2 2 1 2 0 0 1,6,1259,8,20152
3,8,0 1 2 2 1 2 1 0 1,6,1189,0,19024
3,8,0 1 2 2 1 2 2 0 1,6,1222,0,19552
3,8,0 1 2 2 2 0 0 0 1,6,1237,0,19792
3,8,0 1 2 2 2 0 1 0 1,6,1223,8,19576
3,8,0 1 2 2 2 0 2 0 1,6,1253,8,20056
3,8,0 1 2 2 2 2 0 0 1,6,1222,0,19552
3,8,0 1 2 2 2 2 1 0 1,6,1240,0,19840
3,8,0 1 2 2 2 2 2 0 1,6,1237,0,19792
3,8,0 2 0 0 0 0 0 0 1,6,1204,0,19264
3,8,0 2 0 0 0 0 1 0 1,6,1235,8,19768
3,8,0 2 0 0 0 0 2 0 1,6,1234,0,19744
3,8,0 2 0 0 0 2 0 0 1,6,1219,0,19504
3,8,0 2 0 0 0 2 1 0 1,6,1220,8,19528
3,8,0 2 0 0 0 2 2 0 1,6,1216,0,19456
3,8,0 2 0 0 1 0 0 0 1,6,1237,0,19792
3,8,0 2 0 0 1 0 1 0 1,6,1282,0,20512
3,8,0 2 0 0 1 0 2 0 1,6,1222,0,19552
3,8,0 2 0 0 1 2 0 0 1,6,1250,8,20008
3,8,0 2 0 0 1 2 1 0 1,6,1234,0,19744
3,8,0 2 0 0 1 2 2 0 1,6,1249,0,19984
3,8,0 2 0 0 2 0 0 0 1,6,1243,0,19888
3,8,0 2 0 0 2 0 1 0 1,6,1234,0,19744
3,8,0 2 0 0 2 0 2 0 1,6,1262,8,20200
3,8,0 2 0 0 2 2 0 0 1,6,1207,0,19312
3,8,0 2 0 0 2 2 1 0 1,6,1273,0,20368
3,8,0 2 0 0 2 2 2 0 1,6,1211,8,19384
3,8,0 2 0 1 0 2 0 0 1,6,1216,0,19456
3,8,0 2 0 1 0 2 1 0 1,6,1234,0,19744
3,8,0 2 0 1 0 2 2 0 1,6,1243,0,19888
3,8,0 2 0 1 1 2 0 0 1,6,1201,0,19216
3,8,0 2 0 1 1 2 1 0 1,6,1222,0,19552
3,8,0 2 0 1 1 2 2 0 1,6,1186,0,18976
3,8,0 2 0 1 2 2 0 0 1,6,1222,0,19552
3,8,0 2 0 1 2 2 1 0 1,6,1165,0,18640
3,8,0 2 0 1 2 2 2 0 1,6,1196,8,19144
3,8,0 2 0 2 0 0 0 0 1,6,1198,0,19168
3,8,0 2 0 2 0 0 1 0 1,6,1219,0,19504
3,8,0 2 0 2 0 0 2 0 1,6,1216,0,19456
3,8,0 2 0 2 0 2 0 0 1,6,1229,8,19672
3,8,0 2 0 2 0 2 1 0 1,6,1217,8,19480
3,8,0 2 0 2 0 2 2 0 1,6,1240,12,19852
3,8,0 2 0 2 1 0 0 0 1,6,1213,0,19408
3,8,0 2 0 2 1 0 1 0 1,6,1207,0,19312
3,8,0 2 0 2 1 0 2 0 1,6,1217,8,19480
3,8,0 2 0 2 1 2 0 0 1,6,1253,8,20056
3,8,0 2 0 2 1 2 1 0 1,6,1196,8,19144
3,8,0 2 0 2 1 2 2 0 1,6,1270,0,20320
3,8,0 2 0 2 2 0 0 0 1,6,1234,0,19744
3,8,0 2 0 2 2 0 1 0 1,6,1220,8,19528
3,8,0 2 0 2 2 0 2 0 1,6,1223,8,19576
3,8,0 2 0 2 2 2 0 0 1,6,1230,16,19696
3,8,0 2 0 2 2 2 1 0 1,6,1223,8,19576
3,8,0 2 0 2 2 2 2 0 1,6,1243,0,19888
3,8,0 2 1 0 0 0 0 0 1,6,1267,0,20272
3,8,0 2 1 0 0 0 1 0 1,6,1237,0,19792
3,8,0 2 1 0 0 0 2 0 1,6,1208,8,19336
3,8,0 2 1 0 0 2 0 0 1,6,1235,8,19768
3,8,0 2 1 0 0 2 1 0 1,6,1246,0,19936
3,8,0 2 1 0 0 2 2 0 1,6,1262,8,20200
3,8,0 2 1 0 1 0 0 0 1,6,1246,0,19936
3,8,0 2 1 0 1 0 1 0 1,6,1232,8,19720
3,8,0 2 1 0 1 0 2 0 1,6,1228,0,19648
3,8,0 2 1 0 1 2 0 0 1,6,1228,0,19648
3,8,0 2 1 0 1 2 1 0 1,6,1231,0,19696
3,8,0 2 1 0 1 2 2 0 1,6,1232,8,19720
3,8,0 2 1 0 2 0 0 0 1,6,1232,8,19720
3,8,0 2 1 0 2 0 1 0 1,6,1231,0,19696
3,8,0 2 1 0 2 0 2 0 1,6,1240,0,19840
3,8,0 2 1 0 2 2 0 0 1,6,1205,8,19288
3,8,0 2 1 0 2 2 1 0 1,6,1228,0,19648
3,8,0 2 1 0 2 2 2 0 1,6,1228,0,19648
3,8,0 2 1 1 0 2 0 0 1,6,1232,8,19720
3,8,0 2 1 1 0 2 1 0 1,6,1222,0,19552
3,8,0 2 1 1 0 2 2 0 1,6,1219,0,19504
3,8,0 2 1 1 1 2 0 0 1,6,1204,0,19264
3,8,0 2 1 1 1 2 1 0 1,6,1232,8,19720
3,8,0 2 1 1 1 2 2 0 1,6,1234,0,19744
3,8,0 2 1 1 2 2 0 0 1,6,1240,0,19840
3,8,0 2 1 1 2 2 1 0 1,6,1198,0,19168
3,8,0 2 1 1 2 2 2 0 1,6,1234,0,19744
3,8,0 2 1 2 0 0 0 0 1,6,1225,0,19600
3,8,0 2 1 2 0 0 1 0 1,6,1204,0,19264
3,8,0 2 1 2 0 0 2 0 1,6,1225,0,19600
3,8,0 2 1 2 0 2 0 0 1,6,1223,8,19576
3,8,0 2 1 2 0 2 1 0 1,6,1210,0,19360
3,8,0 2 1 2 0 2 2 0 1,6,1261,0,20176
3,8,0 2 1 2 1 0 0 0 1,6,1234,0,19744
3,8,0 2 1 2 1 0 1 0 1,6,1228,0,19648
3,8,0 2 1 2 1 0 2 0 1,6,1207,0,19312
3,8,0 2 1 2 1 2 0 0 1,6,1249,0,19984
3,8,0 2 1 2 1 2 1 0 1,6,1225,0,19600
3,8,0 2 1 2 1 2 2 0 1,6,1213,0,19408
3,8,0 2 1 2 2 0 0 0 1,6,1249,0,19984
3,8,0 2 1 2 2 0 1 0 1,6,1250,8,20008
3,8,0 2 1 2 2 0 2 0 1,6,1213,0,19408
3,8,0 2 1 2 2 2 0 0 1,6,1232,8,19720
3,8,0 2 1 2 2 2 1 0 1,6,1231,0,19696
3,8,0 2 1 2 2 2 2 0 1,6,1240,0,19840
3,8,0 2 2 0 0 0 0 0 1,6,1210,0,19360
3,8,0 2 2 0 0 0 1 0 1,6,1226,8,19624
3,8,0 2 2 0 0 0 2 0 1,6,1198,0,19168
3,8,0 2 2 0 0 2 0 0 1,6,1240,0,19840
3,8,0 2 2 0 0 2 1 0 1,6,1232,8,19720
3,8,0 2 2 0 0 2 2 0 1,6,1238,8,19816
3,8,0 2 2 0 1 0 0 0 1,6,1220,8,19528
3,8,0 2 2 0 1 0 1 0 1,6,1252,0,20032
3,8,0 2 2 0 1 0 2 0 1,6,1213,0,19408
3,8,0 2 2 0 1 2 0 0 1,6,1247,8,19960
3,8,0 2 2 0 1 2 1 0 1,6,1220,8,19528
3,8,0 2 2 0 1 2 2 0 1,6,1231,0,19696
3,8,0 2 2 0 2 0 0 0 1,6,1237,0,19792
3,8,0 2 2 0 2 0 1 0 1,6,1252,0,20032
3,8,0 2 2 0 2 0 2 0 1,6,1232,8,19720
3,8,0 2 2 0 2 2 0 0 1,6,1219,0,19504
3,8,0 2 2 0 2 2 1 0 1,6,1243,0,19888
3,8,0 2 2 0 2 2 2 0 1,6,1210,0,19360
3,8,0 2 2 1 0 2 0 0 1,6,1210,0,19360
3,8,0 2 2 1 0 2 1 0 1,6,1243,0,19888
3,8,0 2 2 1 0 2 2 0 1,6,1205,8,19288
3,8,0 2 2 1 1 2 0 0 1,6,1231,0,19696
3,8,0 2 2 1 1 2 1 0 1,6,1213,0,19408
3,8,0 2 2 1 1 2 2 0 1,6,1216,0,19456
3,8,0 2 2 1 2 2 0 0 1,6,1228,0,19648
3,8,0 2 2 1 2 2 1 0 1,6,1246,0,19936
3,8,0 2 2 1 2 2 2 0 1,6,1241,8,19864
3,8,0 2 2 2 0 0 0 0 1,6,1276,0,20416
3,8,0 2 2 2 0 0 1 0 1,6,1204,0,19264
3,8,0 2 2 2 0 0 2 0 1,6,1267,0,20272
3,8,0 2 2 2 0 2 0 0 1,6,1228,0,19648
3,8,0 2 2 2 0 2 1 0 1,6,1244,8,19912
3,8,0 2 2 2 0 2 2 0 1,6,1226,8,19624
3,8,0 2 2 2 1 0 0 0 1,6,1238,8,19816
3,8,0 2 2 2 1 0 1 0 1,6,1246,0,19936
3,8,0 2 2 2 1 0 2 0 1,6,1243,0,19888
3,8,0 2 2 2 1 2 0 0 1,6,1192,0,19072
3,8,0 2 2 2 1 2 1 0 1,6,1259,8,20152
3,8,0 2 2 2 1 2 2 0 1,6,1224,16,19600
3,8,0 2 2 2 2 0 0 0 1,6,1216,0,19456
3,8,0 2 2 2 2 0 1 0 1,6,1228,0,19648
3,8,0 2 2 2 2 0 2 0 1,6,1240,0,19840
3,8,0 2 2 2 2 2 0 0 1,6,1226,8,19624
3,8,0 2 2 2 2 2 1 0 1,6,1204,0,19264
3,8,0 2 2 2 2 2 2 0 1,6,1202,8,19240
3,9,0 0 0 0 0 0 0 0 0 1,1,3312,99,59715
3,9,0 0 0 0 0 0 0 1 0 1,3,3303,0,59454
3,9,0 0 0 0 0 0 0 1 2 1,6,3348,0,60264
3,9,0 0 0 0 0 0 0 2 0 1,3,3297,0,59346
3,9,0 0 0 0 0 0 1 1 2 1,6,3345,0,60210
3,9,0 0 0 0 0 0 2 1 2 1,6,3342,0,60156
3,9,0 0 0 0 0 1 0 0 0 1,3,3288,0,59184
3,9,0 0 0 0 0 1 0 1 0 1,3,3305,18,59508
3,9,0 0 0 0 0 1 0 1 2 1,6,3298,9,59373
3,9,0 0 0 0 0 1 0 2 0 1,3,3303,0,59454
3,9,0 0 0 0 0 1 1 1 2 1,6,3307,9,59535
3,9,0 0 0 0 0 1 2 0 0 1,6,3243,0,58374
3,9,0 0 0 0 0 1 2 1 2 1,6,3294,0,59292
3,9,0 0 0 0 0 2 0 0 0 1,3,3215,18,57888
3,9,0 0 0 0 0 2 0 1 0 1,3,3354,0,60372
3,9,0 0 0 0 0 2 0 1 2 1,6,3234,0,58212
3,9,0 0 0 0 0 2 0 2 0 1,3,3279,0,59022
3,9,0 0 0 0 0 2 1 1 2 1,6,3249,0,58482
3,9,0 0 0 0 0 2 2 0 0 1,6,3267,0,58806
3,9,0 0 0 0 0 2 2 1 2 1,6,3297,0,59346
3,9,0 0 0 0 1 0 0 1 2 1,6,3255,0,58590
3,9,0 0 0 0 1 0 1 1 2 1,6,3270,0,58860
3,9,0 0 0 0 1 0 2 1 2 1,6,3286,9,59157
3,9,0 0 0 0 1 1 0 1 2 1,6,3328,9,59913
3,9,0 0 0 0 1 1 1 1 2 1,6,3252,0,58536
3,9,0 0 0 0 1 1 2 1 2 1,6,3292,9,59265
3,9,0 0 0 0 1 2 0 1 2 1,6,3318,0,59724
3,9,0 0 0 0 1 2 1 1 2 1,6,3262,9,58725
3,9,0 0 0 0 1 2 2 1 2 1,6,3255,0,58590
3,9,0 0 0 0 2 0 0 0 0 1,6,3286,9,59157
3,9,0 0 0 0 2 0 0 1 0 1,6,3267,0,58806
3,9,0 0 0 0 2 0 0 1 2 1,6,3243,0,58374
3,9,0 0 0 0 2 0 0 2 0 1,6,3301,9,59427
3,9,0 0 0 0 2 0 1 1 2 1,6,3285,0,59130
3,9,0 0 0 0 2 0 2 1 2 1,6,3276,0,58968
3,9,0 0 0 0 2 1 0 1 0 1,6,3265,9,58779
3,9,0 0 0 0 2 1 0 1 2 1,6,3258,0,58644
3,9,0 0 0 0 2 1 0 2 0 1,6,3294,0,59292
3,9,0 0 0 0 2 1 1 1 2 1,6,3243,0,58374
3,9,0 0 0 0 2 1 2 1 2 1,6,3313,9,59643
3,9,0 0 0 0 2 2 0 1 0 1,6,3291,0,59238
3,9,0 0 0 0 2 2 0 1 2 1,6,3312,0,59616
3,9,0 0 0 0 2 2 0 2 0 1,6,3288,0,59184
3,9,0 0 0 0 2 2 1 1 2 1,6,3225,0,58050
3,9,0 0 0 0 2 2 2 1 2 1,6,3291,0,59238
3,9,0 0 0 1 0 0 0 0 0 1,1,3384,72,60984
3,9,0 0 0 1 0 0 0 1 0 1,3,3251,18,58536
3,9,0 0 0 1 0 0 0 1 2 1,6,3261,0,58698
3,9,0 0 0 1 0 0 0 2 0 1,3,3330,0,59940
3,9,0 0 0 1 0 0 1 1 2 1,6,3312,0,59616
3,9,0 0 0 1 0 0 2 0 0 1,6,3372,81,60777
3,9,0 0 0 1 0 0 2 1 2 1,6,3265,9,58779
3,9,0 0 0 1 0 1 0 0 0 1,3,3234,0,58212
3,9,0 0 0 1 0 1 0 1 0 1,3,3288,0,59184
3,9,0 0 0 1 0 1 0 1 2 1,6,3291,0,59238
3,9,0 0 0 1 0 1 0 2 0 1,3,3300,0,59400
3,9,0 0 0 1 0 1 1 1 2 1,6,3216,0,57888
3,9,0 0 0 1 0 1 2 0 0 1,6,3282,0,59076
3,9,0 0 0 1 0 1 2 1 2 1,6,3241,9,58347
3,9,0 0 0 1 0 2 0 0 0 1,3,3306,0,59508
3,9,0 0 0 1 0 2 0 1 0 1,3,3387,0,60966
3,9,0 0 0 1 0 2 0 1 2 1,6,3276,0,58968
3,9,0 0 0 1 0 2 0 2 0 1,3,3327,0,59886
3,9,0 0 0 1 0 2 1 1 2 1,6,3282,0,59076
3,9,0 0 0 1 0 2 2 0 0 1,6,3268,9,58833
3,9,0 0 0 1 0 2 2 1 2 1,6,3238,9,58293
3,9,0 0 0 1 1 0 0 1 2 1,6,3307,9,59535
3,9,0 0 0 1 1 0 1 1 2 1,6,3259,9,58671
3,9,0 0 0 1 1 0 2 0 0 1,6,3369,0,60642
3,9,0 0 0 1 1 0 2 1 2 1,6,3333,0,59994
3,9,0 0 0 1 1 1 0 1 2 1,6,3270,0,58860
3,9,0 0 0 1 1 1 1 1 2 1,6,3252,0,58536
3,9,0 0 0 1 1 1 2 1 2 1,6,3304,9,59481
3,9,0 0 0 1 1 2 0 1 2 1,6,3270,0,58860
3,9,0 0 0 1 1 2 1 1 2 1,6,3229,9,58131
3,9,0 0 0 1 1 2 2 1 2 1,6,3261,0,58698
3,9,0 0 0 1 2 0 0 1 0 1,6,3279,0,59022
3,9,0 0 0 1 2 0 0 1 2 1,6,3246,0,58428
3,9,0 0 0 1 2 0 0 2 0 1,6,3199,9,57591
3,9,0 0 0 1 2 0 1 1 2 1,6,3288,0,59184
3,9,0 0 0 1 2 0 2 1 2 1,6,3246,0,58428
3,9,0 0 0 1 2 1 0 1 0 1,6,3246,0,58428
3,9,0 0 0 1 2 1 0 1 2 1,6,3276,0,58968
3,9,0 0 0 1 2 1 0 2 0 1,6,3285,0,59130
3,9,0 0 0 1 2 1 1 1 2 1,6,3340,9,60129
3,9,0 0 0 1 2 1 2 1 2 1,6,3279,0,59022
3,9,0 0 0 1 2 2 0 1 0 1,6,3265,9,58779
3,9,0 0 0 1 2 2 0 1 2 1,6,3264,0,58752
3,9,0 0 0 1 2 2 0 2 0 1,6,3255,0,58590
3,9,0 0 0 1 2 2 1 1 2 1,6,3363,0,60534
3,9,0 0 0 1 2 2 2 1 2 1,6,3339,0,60102
3,9,0 0 0 2 0 0 0 0 0 1,1,3375,72,60822
3,9,0 0 0 2 0 0 0 1 0 1,3,3225,0,58050
3,9,0 0 0 2 0 0 0 1 2 1,6,3262,9,58725
3,9,0 0 0 2 0 0 0 2 0 1,3,3276,0,58968
3,9,0 0 0 2 0 0 1 1 2 1,6,3309,0,59562
3,9,0 0 0 2 0 0 2 1 2 1,6,3295,9,59319
3,9,0 0 0 2 0 1 0 0 0 1,3,3282,0,59076
3,9,0 0 0 2 0 1 0 1 0 1,3,3309,0,59562
3,9,0 0 0 2 0 1 0 1 2 1,6,3307,9,59535
3,9,0 0 0 2 0 1 0 2 0 1,3,3227,18,58104
3,9,0 0 0 2 0 1 1 1 2 1,6,3234,0,58212
3,9,0 0 0 2 0 1 2 0 0 1,6,3288,0,59184
3,9,0 0 0 2 0 1 2 1 2 1,6,3255,0,58590
3,9,0 0 0 2 0 2 0 0 0 1,3,3276,0,58968
3,9,0 0 0 2 0 2 0 1 0 1,3,3200,18,57618
3,9,0 0 0 2 0 2 0 1 2 1,6,3256,9,58617
3,9,0 0 0 2 0 2 0 2 0 1,3,3288,0,59184
3,9,0 0 0 2 0 2 1 1 2 1,6,3252,0,58536
3,9,0 0 0 2 0 2 2 0 0 1,6,3289,9,59211
3,9,0 0 0 2 0 2 2 1 2 1,6,3264,0,58752
3,9,0 0 0 2 1 0 0 1 2 1,6,3297,0,59346
3,9,0 0 0 2 1 0 1 1 2 1,6,3223,9,58023
3,9,0 0 0 2 1 0 2 1 2 1,6,3286,9,59157
3,9,0 0 0 2 1 1 0 1 2 1,6,3285,0,59130
3,9,0 0 0 2 1 1 1 1 2 1,6,3315,0,59670
3,9,0 0 0 2 1 1 2 1 2 1,6,3324,0,59832
3,9,0 0 0 2 1 2 0 1 2 1,6,3196,9,57537
3,9,0 0 0 2 1 2 1 1 2 1,6,3306,0,59508
3,9,0 0 0 2 1 2 2 1 2 1,6,3300,0,59400
3,9,0 0 0 2 2 0 0 1 0 1,6,3255,0,58590
3,9,0 0 0 2 2 0 0 1 2 1,6,3213,0,57834
3,9,0 0 0 2 2 0 0 2 0 1,6,3303,0,59454
3,9,0 0 0 2 2 0 1 1 2 1,6,3234,0,58212
3,9,0 0 0 2 2 0 2 1 2 1,6,3273,0,58914
3,9,0 0 0 2 2 1 0 1 0 1,6,3313,9,59643
3,9,0 0 0 2 2 1 0 1 2 1,6,3336,0,60048
3,9,0 0 0 2 2 1 0 2 0 1,6,3264,0,58752
3,9,0 0 0 2 2 1 1 1 2 1,6,3298,9,59373
3,9,0 0 0 2 2 1 2 1 2 1,6,3279,0,59022
3,9,0 0 0 2 2 2 0 1 0 1,6,3243,0,58374
3,9,0 0 0 2 2 2 0 1 2 1,6,3280,9,59049
3,9,0 0 0 2 2 2 0 2 0 1,6,3262,9,58725
3,9,0 0 0 2 2 2 1 1 2 1,6,3339,0,60102
3,9,0 0 0 2 2 2 2 1 2 1,6,3313,9,59643
3,9,0 0 1 0 0 0 0 1 2 1,6,3279,0,59022
3,9,0 0 1 0 0 0 1 1 2 1,6,3238,9,58293
3,9,0 0 1 0 0 0 2 1 2 1,6,3285,0,59130
3,9,0 0 1 0 0 1 0 1 2 1,6,3274,9,58941
3,9,0 0 1 0 0 1 1 1 2 1,6,3255,0,58590
3,9,0 0 1 0 0 1 2 0 0 1,6,3309,0,59562
3,9,0 0 1 0 0 1 2 1 2 1,6,3313,9,59643
3,9,0 0 1 0 0 2 0 1 2 1,6,3312,0,59616
3,9,0 0 1 0 0 2 1 1 2 1,6,3294,0,59292
3,9,0 0 1 0 0 2 2 0 0 1,6,3286,9,59157
3,9,0 0 1 0 0 2 2 1 2 1,6,3246,0,58428
3,9,0 0 1 0 1 0 0 1 2 1,6,3261,0,58698
3,9,0 0 1 0 1 0 1 1 2 1,6,3330,0,59940
3,9,0 0 1 0 1 0 2 1 2 1,6,3315,0,59670
3,9,0 0 1 0 1 1 0 1 2 1,6,3301,9,59427
3,9,0 0 1 0 1 1 1 1 2 1,6,3276,0,58968
3,9,0 0 1 0 1 1 2 1 2 1,6,3265,9,58779
3,9,0 0 1 0 1 2 0 1 2 1,6,3274,9,58941
3,9,0 0 1 0 1 2 1 1 2 1,6,3318,0,59724
3,9,0 0 1 0 1 2 2 1 2 1,6,3279,0,59022
3,9,0 0 1 0 2 0 0 0 0 1,6,3276,0,58968
3,9,0 0 1 0 2 0 0 1 0 1,6,3297,0,59346
3,9,0 0 1 0 2 0 0 1 2 1,6,3306,0,59508
3,9,0 0 1 0 2 0 0 2 0 1,6,3295,9,59319
3,9,0 0 1 0 2 0 1 1 2 1,6,3300,0,59400
3,9,0 0 1 0 2 0 2 1 2 1,6,3234,0,58212
3,9,0 0 1 0 2 1 0 1 0 1,6,3306,0,59508
3,9,0 0 1 0 2 1 0 1 2 1,6,3208,9,57753
3,9,0 0 1 0 2 1 0 2 0 1,6,3279,0,59022
3,9,0 0 1 0 2 1 1 1 2 1,6,3281,18,59076
3,9,0 0 1 0 2 1 2 1 2 1,6,3265,9,58779
3,9,0 0 1 0 2 2 0 1 0 1,6,3264,0,58752
3,9,0 0 1 0 2 2 0 1 2 1,6,3354,0,60372
3,9,0 0 1 0 2 2 0 2 0 1,6,3321,0,59778
3,9,0 0 1 0 2 2 1 1 2 1,6,3261,0,58698
3,9,0 0 1 0 2 2 2 1 2 1,6,3246,0,58428
3,9,0 0 1 1 0 0 0 1 2 1,6,3293,18,59292
3,9,0 0 1 1 0 0 1 1 2 1,6,3306,0,59508
3,9,0 0 1 1 0 0 2 0 0 1,6,3234,0,58212
3,9,0 0 1 1 0 0 2 1 2 1,6,3327,0,59886
3,9,0 0 1 1 0 1 0 1 2 1,6,3285,0,59130
3,9,0 0 1 1 0 1 1 1 2 1,6,3301,9,59427
3,9,0 0 1 1 0 1 2 0 0 1,6,3327,0,59886
3,9,0 0 1 1 0 1 2 1 2 1,6,3246,0,58428
3,9,0 0 1 1 0 2 0 1 2 1,6,3261,0,58698
3,9,0 0 1 1 0 2 1 1 2 1,6,3294,0,59292
3,9,0 0 1 1 0 2 2 0 0 1,6,3285,0,59130
3,9,0 0 1 1 0 2 2 1 2 1,6,3247,9,58455
3,9,0 0 1 1 1 0 0 1 2 1,6,3294,0,59292
3,9,0 0 1 1 1 0 1 1 2 1,6,3294,0,59292
3,9,0 0 1 1 1 0 2 0 0 1,6,3300,0,59400
3,9,0 0 1 1 1 0 2 1 2 1,6,3250,9,58509
3,9,0 0 1 1 1 1 0 1 2 1,6,3307,9,59535
3,9,0 0 1 1 1 1 1 1 2 1,6,3292,9,59265
3,9,0 0 1 1 1 1 2 1 2 1,6,3186,0,57348
3,9,0 0 1 1 1 2 0 1 2 1,6,3277,9,58995
3,9,0 0 1 1 1 2 1 1 2 1,6,3243,0,58374
3,9,0 0 1 1 1 2 2 1 2 1,6,3279,0,59022
3,9,0 0 1 1 2 0 0 1 0 1,6,3283,9,59103
3,9,0 0 1 1 2 0 0 1 2 1,6,3255,0,58590
3,9,0 0 1 1 2 0 0 2 0 1,6,3279,0,59022
3,9,0 0 1 1 2 0 1 1 2 1,6,3285,0,59130
3,9,0 0 1 1 2 0 2 1 2 1,6,3279,0,59022
3,9,0 0 1 1 2 1 0 1 0 1,6,3240,0,58320
3,9,0 0 1 1 2 1 0 1 2 1,6,3276,0,58968
3,9,0 0 1 1 2 1 0 2 0 1,6,3261,0,58698
3,9,0 0 1 1 2 1 1 1 2 1,6,3243,0,58374
3,9,0 0 1 1 2 1 2 1 2 1,6,3294,0,59292
3,9,0 0 1 1 2 2 0 1 0 1,6,3270,0,58860
3,9,0 0 1 1 2 2 0 1 2 1,6,3303,0,59454
3,9,0 0 1 1 2 2 0 2 0 1,6,3237,0,58266
3,9,0 0 1 1 2 2 1 1 2 1,6,3273,0,58914
3,9,0 0 1 1 2 2 2 1 2 1,6,3234,0,58212
3,9,0 0 1 2 0 0 0 1 2 1,6,3327,0,59886
3,9,0 0 1 2 0 0 1 1 2 1,6,3246,0,58428
3,9,0 0 1 2 0 0 2 1 2 1,6,3258,0,58644
3,9,0 0 1 2 0 1 0 1 2 1,6,3273,0,58914
3,9,0 0 1 2 0 1 1 1 2 1,6,3246,0,58428
3,9,0 0 1 2 0 1 2 0 0 1,6,3258,0,58644
3,9,0 0 1 2 0 1 2 1 2 1,6,3237,0,58266
3,9,0 0 1 2 0 2 0 1 2 1,6,3228,0,58104
3,9,0 0 1 2 0 2 1 1 2 1,6,3274,9,58941
3,9,0 0 1 2 0 2 2 0 0 1,6,3303,0,59454
3,9,0 0 1 2 0 2 2 1 2 1,6,3298,9,59373
3,9,0 0 1 2 1 0 0 1 2 1,6,3228,0,58104
3,9,0 0 1 2 1 0 1 1 2 1,6,3276,0,58968
3,9,0 0 1 2 1 0 2 1 2 1,6,3285,0,59130
3,9,0 0 1 2 1 1 0 1 2 1,6,3247,9,58455
3,9,0 0 1 2 1 1 1 1 2 1,6,3238,9,58293
3,9,0 0 1 2 1 1 2 1 2 1,6,3297,0,59346
3,9,0 0 1 2 1 2 0 1 2 1,6,3222,0,57996
3,9,0 0 1 2 1 2 1 1 2 1,6,3285,0,59130
3,9,0 0 1 2 1 2 2 1 2 1,6,3298,9,59373
3,9,0 0 1 2 2 0 0 1 0 1,6,3327,0,59886
3,9,0 0 1 2 2 0 0 1 2 1,6,3295,9,59319
3,9,0 0 1 2 2 0 0 2 0 1,6,3267,0,58806
3,9,0 0 1 2 2 0 1 1 2 1,6,3243,0,58374
3,9,0 0 1 2 2 0 2 1 2 1,6,3295,9,59319
3,9,0 0 1 2 2 1 0 1 0 1,6,3255,0,58590
3,9,0 0 1 2 2 1 0 1 2 1,6,3318,0,59724
3,9,0 0 1 2 2 1 0 2 0 1,6,3301,9,59427
3,9,0 0 1 2 2 1 1 1 2 1,6,3258,0,58644
3,9,0 0 1 2 2 1 2 1 2 1,6,3291,0,59238
3,9,0 0 1 2 2 2 0 1 0 1,6,3268,9,58833
3,9,0 0 1 2 2 2 0 1 2 1,6,3294,0,59292
3,9,0 0 1 2 2 2 0 2 0 1,6,3309,0,59562
3,9,0 0 1 2 2 2 1 1 2 1,6,3256,9,58617
3,9,0 0 1 2 2 2 2 1 2 1,6,3282,0,59076
3,9,0 0 2 0 0 0 0 0 0 1,6,3261,0,58698
3,9,0 0 2 0 0 0 0 1 0 1,6,3240,0,58320
3,9,0 0 2 0 0 0 0 1 2 1,6,3264,0,58752
3,9,0 0 2 0 0 0 0 2 0 1,6,3279,0,59022
3,9,0 0 2 0 0 0 1 1 2 1,6,3360,0,60480
3,9,0 0 2 0 0 0 2 1 2 1,6,3276,0,58968
3,9,0 0 2 0 0 1 0 0 0 1,6,3307,9,59535
3,9,0 0 2 0 0 1 0 1 0 1,6,3285,0,59130
3,9,0 0 2 0 0 1 0 1 2 1,6,3280,9,59049
3,9,0 0 2 0 0 1 0 2 0 1,6,3291,0,59238
3,9,0 0 2 0 0 1 1 1 2 1,6,3273,0,58914
3,9,0 0 2 0 0 1 2 0 0 1,6,3315,0,59670
3,9,0 0 2 0 0 1 2 1 2 1,6,3265,9,58779
3,9,0 0 2 0 0 2 0 0 0 1,6,3315,0,59670
3,9,0 0 2 0 0 2 0 1 0 1,6,3244,9,58401
3,9,0 0 2 0 0 2 0 1 2 1,6,3268,9,58833
3,9,0 0 2 0 0 2 0 2 0 1,6,3294,0,59292
3,9,0 0 2 0 0 2 1 1 2 1,6,3298,9,59373
3,9,0 0 2 0 0 2 2 0 0 1,6,3249,0,58482
3,9,0 0 2 0 0 2 2 1 2 1,6,3261,0,58698
3,9,0 0 2 0 1 0 0 1 2 1,6,3304,9,59481
3,9,0 0 2 0 1 0 1 1 2 1,6,3255,0,58590
3,9,0 0 2 0 1 0 2 1 2 1,6,3324,0,59832
3,9,0 0 2 0 1 1 0 1 2 1,6,3250,9,58509
3,9,0 0 2 0 1 1 1 1 2 1,6,3306,0,59508
3,9,0 0 2 0 1 1 2 1 2 1,6,3261,0,58698
3,9,0 0 2 0 1 2 0 1 2 1,6,3243,0,58374
3,9,0 0 2 0 1 2 1 1 2 1,6,3315,0,59670
3,9,0 0 2 0 1 2 2 1 2 1,6,3328,9,59913
3,9,0 0 2 0 2 0 0 0 0 1,6,3277,9,58995
3,9,0 0 2 0 2 0 0 1 0 1,6,3309,0,59562
3,9,0 0 2 0 2 0 0 1 2 1,6,3276,0,58968
3,9,0 0 2 0 2 0 0 2 0 1,6,3297,0,59346
3,9,0 0 2 0 2 0 1 1 2 1,6,3297,0,59346
3,9,0 0 2 0 2 0 2 0 0 1,2,3234,0,58212
3,9,0 0 2 0 2 0 2 1 2 1,6,3252,0,58536
3,9,0 0 2 0 2 1 0 1 0 1,6,3306,0,59508
3,9,0 0 2 0 2 1 0 1 2 1,6,3393,0,61074
3,9,0 0 2 0 2 1 0 2 0 1,6,3336,0,60048
3,9,0 0 2 0 2 1 1 1 2 1,6,3255,0,58590
3,9,0 0 2 0 2 1 2 1 2 1,6,3187,9,57375
3,9,0 0 2 0 2 2 0 1 0 1,6,3294,0,59292
3,9,0 0 2 0 2 2 0 1 2 1,6,3291,0,59238
3,9,0 0 2 0 2 2 0 2 0 1,6,3288,0,59184
3,9,0 0 2 0 2 2 1 1 2 1,6,3253,9,58563
3,9,0 0 2 0 2 2 2 1 2 1,6,3279,0,59022
3,9,0 0 2 1 0 0 0 0 0 1,6,3264,0,58752
3,9,0 0 2 1 0 0 0 1 0 1,6,3277,9,58995
3,9,0 0 2 1 0 0 0 1 2 1,6,3261,0,58698
3,9,0 0 2 1 0 0 0 2 0 1,6,3264,0,58752
3,9,0 0 2 1 0 0 1 1 2 1,6,3276,0,58968
3,9,0 0 2 1 0 0 2 0 0 1,6,3348,0,60264
3,9,0 0 2 1 0 0 2 1 2 1,6,3286,9,59157
3,9,0 0 2 1 0 1 0 0 0 1,6,3288,0,59184
3,9,0 0 2 1 0 1 0 1 0 1,6,3310,9,59589
3,9,0 0 2 1 0 1 0 1 2 1,6,3318,0,59724
3,9,0 0 2 1 0 1 0 2 0 1,6,3208,9,57753
3,9,0 0 2 1 0 1 1 1 2 1,6,3291,0,59238
3,9,0 0 2 1 0 1 2 0 0 1,6,3268,9,58833
3,9,0 0 2 1 0 1 2 1 2 1,6,3270,0,58860
3,9,0 0 2 1 0 2 0 0 0 1,6,3252,0,58536
3,9,0 0 2 1 0 2 0 1 0 1,6,3276,0,58968
3,9,0 0 2 1 0 2 0 1 2 1,6,3291,0,59238
3,9,0 0 2 1 0 2 0 2 0 1,6,3279,0,59022
3,9,0 0 2 1 0 2 1 1 2 1,6,3262,9,58725
3,9,0 0 2 1 0 2 2 0 0 1,6,3280,9,59049
3,9,0 0 2 1 0 2 2 1 2 1,6,3267,0,58806
3,9,0 0 2 1 1 0 0 1 2 1,6,3241,9,58347
3,9,0 0 2 1 1 0 1 1 2 1,6,3279,0,59022
3,9,0 0 2 1 1 0 2 0 0 1,6,3291,0,59238
3,9,0 0 2 1 1 0 2 1 2 1,6,3316,9,59697
3,9,0 0 2 1 1 1 0 1 2 1,6,3252,0,58536
3,9,0 0 2 1 1 1 1 1 2 1,6,3309,0,59562
3,9,0 0 2 1 1 1 2 1 2 1,6,3228,0,58104
3,9,0 0 2 1 1 2 0 1 2 1,6,3283,9,59103
3,9,0 0 2 1 1 2 1 1 2 1,6,3255,0,58590
3,9,0 0 2 1 1 2 2 1 2 1,6,3298,9,59373
3,9,0 0 2 1 2 0 0 1 0 1,6,3253,9,58563
3,9,0 0 2 1 2 0 0 1 2 1,6,3303,0,59454
3,9,0 0 2 1 2 0 0 2 0 1,6,3249,0,58482
3,9,0 0 2 1 2 0 1 1 2 1,6,3273,0,58914
3,9,0 0 2 1 2 0 2 0 0 1,2,3285,0,59130
3,9,0 0 2 1 2 0 2 1 2 1,6,3226,9,58077
3,9,0 0 2 1 2 1 0 1 0 1,6,3250,9,58509
3,9,0 0 2 1 2 1 0 1 2 1,6,3318,0,59724
3,9,0 0 2 1 2 1 0 2 0 1,6,3207,0,57726
3,9,0 0 2 1 2 1 1 1 2 1,6,3249,0,58482
3,9,0 0 2 1 2 1 2 1 2 1,6,3289,9,59211
3,9,0 0 2 1 2 2 0 1 0 1,6,3283,9,59103
3,9,0 0 2 1 2 2 0 1 2 1,6,3258,0,58644
3,9,0 0 2 1 2 2 0 2 0 1,6,3220,9,57969
3,9,0 0 2 1 2 2 1 1 2 1,6,3264,0,58752
3,9,0 0 2 1 2 2 2 1 2 1,6,3264,0,58752
3,9,0 0 2 2 0 0 0 0 0 1,6,3325,9,59859
3,9,0 0 2 2 0 0 0 1 0 1,6,3304,9,59481
3,9,0 0 2 2 0 0 0 1 2 1,6,3238,9,58293
3,9,0 0 2 2 0 0 0 2 0 1,6,3279,0,59022
3,9,0 0 2 2 0 0 1 1 2 1,6,3271,9,58887
3,9,0 0 2 2 0 0 2 1 2 1,6,3282,0,59076
3,9,0 0 2 2 0 1 0 0 0 1,6,3303,0,59454
3,9,0 0 2 2 0 1 0 1 0 1,6,3322,9,59805
3,9,0 0 2 2 0 1 0 1 2 1,6,3207,0,57726
3,9,0 0 2 2 0 1 0 2 0 1,6,3331,9,59967
3,9,0 0 2 2 0 1 1 1 2 1,6,3306,0,59508
3,9,0 0 2 2 0 1 2 0 0 1,6,3274,9,58941
3,9,0 0 2 2 0 1 2 1 2 1,6,3258,0,58644
3,9,0 0 2 2 0 2 0 0 0 1,6,3280,9,59049
3,9,0 0 2 2 0 2 0 1 0 1,6,3273,0,58914
3,9,0 0 2 2 0 2 0 1 2 1,6,3276,0,58968
3,9,0 0 2 2 0 2 0 2 0 1,6,3207,0,57726
3,9,0 0 2 2 0 2 1 1 2 1,6,3250,9,58509
3,9,0 0 2 2 0 2 2 0 0 1,6,3327,0,59886
3,9,0 0 2 2 0 2 2 1 2 1,6,3351,0,60318
3,9,0 0 2 2 1 0 0 1 2 1,6,3331,9,59967
3,9,0 0 2 2 1 0 1 1 2 1,6,3249,0,58482
3,9,0 0 2 2 1 0 2 1 2 1,6,3271,9,58887
3,9,0 0 2 2 1 1 0 1 2 1,6,3264,0,58752
3,9,0 0 2 2 1 1 1 1 2 1,6,3261,0,58698
3,9,0 0 2 2 1 1 2 1 2 1,6,3334,9,60021
3,9,0 0 2 2 1 2 0 1 2 1,6,3252,0,58536
3,9,0 0 2 2 1 2 1 1 2 1,6,3324,0,59832
3,9,0 0 2 2 1 2 2 1 2 1,6,3309,0,59562
3,9,0 0 2 2 2 0 0 1 0 1,6,3261,0,58698
3,9,0 0 2 2 2 0 0 1 2 1,6,3222,0,57996
3,9,0 0 2 2 2 0 0 2 0 1,6,3348,0,60264
3,9,0 0 2 2 2 0 1 1 2 1,6,3264,0,58752
3,9,0 0 2 2 2 0 2 0 0 1,2,3214,9,57861
3,9,0 0 2 2 2 0 2 1 2 1,6,3312,0,59616
3,9,0 0 2 2 2 1 0 1 0 1,6,3351,0,60318
3,9,0 0 2 2 2 1 0 1 2 1,6,3264,0,58752
3,9,0 0 2 2 2 1 0 2 0 1,6,3280,9,59049
3,9,0 0 2 2 2 1 1 1 2 1,6,3325,9,59859
3,9,0 0 2 2 2 1 2 1 2 1,6,3273,0,58914
3,9,0 0 2 2 2 2 0 1 0 1,6,3259,9,58671
3,9,0 0 2 2 2 2 0 1 2 1,6,3283,9,59103
3,9,0 0 2 2 2 2 0 2 0 1,6,3337,9,60075
3,9,0 0 2 2 2 2 1 1 2 1,6,3280,9,59049
3,9,0 0 2 2 2 2 2 1 2 1,6,3261,0,58698
3,9,0 1 0 0 0 0 0 0 0 1,1,3312,0,59616
3,9,0 1 0 0 0 0 0 1 0 1,3,3279,0,59022
3,9,0 1 0 0 0 0 0 1 2 1,6,3291,0,59238
3,9,0 1 0 0 0 0 0 2 0 1,3,3240,0,58320
3,9,0 1 0 0 0 0 1 1 2 1,6,3311,18,59616
3,9,0 1 0 0 0 0 2 1 2 1,6,3294,0,59292
3,9,0 1 0 0 0 1 0 0 0 1,3,3294,0,59292
3,9,0 1 0 0 0 1 0 1 0 1,3,3219,0,57942
3,9,0 1 0 0 0 1 0 1 2 1,6,3292,9,59265
3,9,0 1 0 0 0 1 0 2 0 1,3,3210,0,57780
3,9,0 1 0 0 0 1 1 1 2 1,6,3291,0,59238
3,9,0 1 0 0 0 1 2 0 0 1,6,3264,0,58752
3,9,0 1 0 0 0 1 2 1 2 1,6,3360,0,60480
3,9,0 1 0 0 0 2 0 0 0 1,3,3321,0,59778
3,9,0 1 0 0 0 2 0 1 0 1,3,3234,0,58212
3,9,0 1 0 0 0 2 0 1 2 1,6,3324,0,59832
3,9,0 1 0 0 0 2 0 2 0 1,3,3260,18,58698
3,9,0 1 0 0 0 2 1 1 2 1,6,3279,0,59022
3,9,0 1 0 0 0 2 2 0 0 1,6,3307,9,59535
3,9,0 1 0 0 0 2 2 1 2 1,6,3357,0,60426
3,9,0 1 0 0 1 0 0 1 2 1,6,3264,0,58752
3,9,0 1 0 0 1 0 1 1 2 1,6,3310,9,59589
3,9,0 1 0 0 1 0 2 1 2 1,6,3331,9,59967
3,9,0 1 0 0 1 1 0 1 2 1,6,3282,0,59076
3,9,0 1 0 0 1 1 1 1 2 1,6,3267,0,58806
3,9,0 1 0 0 1 1 2 1 2 1,6,3283,9,59103
3,9,0 1 0 0 1 2 0 1 2 1,6,3276,0,58968
3,9,0 1 0 0 1 2 1 1 2 1,6,3309,0,59562
3,9,0 1 0 0 1 2 2 1 2 1,6,3321,0,59778
3,9,0 1 0 0 2 0 0 0 0 1,6,3336,0,60048
3,9,0 1 0 0 2 0 0 1 0 1,6,3298,9,59373
3,9,0 1 0 0 2 0 0 1 2 1,6,3252,0,58536
3,9,0 1 0 0 2 0 0 2 0 1,6,3324,0,59832
3,9,0 1 0 0 2 0 1 1 2 1,6,3234,0,58212
3,9,0 1 0 0 2 0 2 1 2 1,6,3330,0,59940
3,9,0 1 0 0 2 1 0 1 0 1,6,3276,0,58968
3,9,0 1 0 0 2 1 0 1 2 1,6,3241,9,58347
3,9,0 1 0 0 2 1 0 2 0 1,6,3336,0,60048
3,9,0 1 0 0 2 1 1 1 2 1,6,3315,0,59670
3,9,0 1 0 0 2 1 2 1 2 1,6,3276,0,58968
3,9,0 1 0 0 2 2 0 1 0 1,6,3258,0,58644
3,9,0 1 0 0 2 2 0 1 2 1,6,3300,0,59400
3,9,0 1 0 0 2 2 0 2 0 1,6,3240,0,58320
3,9,0 1 0 0 2 2 1 1 2 1,6,3268,9,58833
3,9,0 1 0 0 2 2 2 1 2 1,6,3282,0,59076
3,9,0 1 0 1 0 0 0 0 0 1,1,3258,0,58644
3,9,0 1 0 1 0 0 0 1 0 1,3,3324,0,59832
3,9,0 1 0 1 0 0 0 1 2 1,6,3282,0,59076
3,9,0 1 0 1 0 0 0 2 0 1,3,3246,0,58428
3,9,0 1 0 1 0 0 1 1 2 1,6,3324,0,59832
3,9,0 1 0 1 0 0 2 0 0 1,6,3235,9,58239
3,9,0 1 0 1 0 0 2 1 2 1,6,3322,9,59805
3,9,0 1 0 1 0 1 0 0 0 1,3,3210,0,57780
3,9,0 1 0 1 0 1 0 1 0 1,3,3234,0,58212
3,9,0 1 0 1 0 1 0 1 2 1,6,3256,9,58617
3,9,0 1 0 1 0 1 0 2 0 1,3,3284,18,59130
3,9,0 1 0 1 0 1 1 1 2 1,6,3315,0,59670
3,9,0 1 0 1 0 1 2 0 0 1,6,3246,0,58428
3,9,0 1 0 1 0 1 2 1 2 1,6,3301,9,59427
3,9,0 1 0 1 0 2 0 0 0 1,3,3255,0,58590
3,9,0 1 0 1 0 2 0 1 0 1,3,3285,0,59130
3,9,0 1 0 1 0 2 0 1 2 1,6,3246,0,58428
3,9,0 1 0 1 0 2 0 2 0 1,3,3279,0,59022
3,9,0 1 0 1 0 2 1 1 2 1,6,3249,0,58482
3,9,0 1 0 1 0 2 2 0 0 1,6,3237,0,58266
3,9,0 1 0 1 0 2 2 1 2 1,6,3277,9,58995
3,9,0 1 0 1 1 0 0 1 2 1,6,3255,0,58590
3,9,0 1 0 1 1 0 1 1 2 1,6,3268,9,58833
3,9,0 1 0 1 1 0 2 0 0 1,6,3280,9,59049
3,9,0 1 0 1 1 0 2 1 2 1,6,3294,0,59292
3,9,0 1 0 1 1 1 0 1 2 1,6,3255,0,58590
3,9,0 1 0 1 1 1 1 1 2 1,6,3282,0,59076
3,9,0 1 0 1 1 1 2 1 2 1,6,3351,0,60318
3,9,0 1 0 1 1 2 0 1 2 1,6,3315,0,59670
3,9,0 1 0 1 1 2 1 1 2 1,6,3246,0,58428
3,9,0 1 0 1 1 2 2 1 2 1,6,3268,9,58833
3,9,0 1 0 1 2 0 0 1 0 1,6,3282,0,59076
3,9,0 1 0 1 2 0 0 1 2 1,6,3351,0,60318
3,9,0 1 0 1 2 0 0 2 0 1,6,3330,0,59940
3,9,0 1 0 1 2 0 1 1 2 1,6,3225,0,58050
3,9,0 1 0 1 2 0 2 1 2 1,6,3321,0,59778
3,9,0 1 0 1 2 1 0 1 0 1,6,3288,0,59184
3,9,0 1 0 1 2 1 0 1 2 1,6,3231,0,58158
3,9,0 1 0 1 2 1 0 2 0 1,6,3268,9,58833
3,9,0 1 0 1 2 1 1 1 2 1,6,3252,0,58536
3,9,0 1 0 1 2 1 2 1 2 1,6,3267,0,58806
3,9,0 1 0 1 2 2 0 1 0 1,6,3246,0,58428
3,9,0 1 0 1 2 2 0 1 2 1,6,3319,9,59751
3,9,0 1 0 1 2 2 0 2 0 1,6,3310,9,59589
3,9,0 1 0 1 2 2 1 1 2 1,6,3235,9,58239
3,9,0 1 0 1 2 2 2 1 2 1,6,3302,18,59454
3,9,0 1 0 2 0 0 0 0 0 1,1,3339,0,60102
3,9,0 1 0 2 0 0 0 1 0 1,3,3237,0,58266
3,9,0 1 0 2 0 0 0 1 2 1,6,3294,0,59292
3,9,0 1 0 2 0 0 0 2 0 1,3,3213,0,57834
3,9,0 1 0 2 0 0 1 1 2 1,6,3324,0,59832
3,9,0 1 0 2 0 0 2 1 2 1,6,3282,0,59076
3,9,0 1 0 2 0 1 0 0 0 1,3,3300,0,59400
3,9,0 1 0 2 0 1 0 1 0 1,3,3279,0,59022
3,9,0 1 0 2 0 1 0 1 2 1,6,3324,0,59832
3,9,0 1 0 2 0 1 0 2 0 1,3,3330,0,59940
3,9,0 1 0 2 0 1 1 1 2 1,6,3310,9,59589
3,9,0 1 0 2 0 1 2 0 0 1,6,3303,0,59454
3,9,0 1 0 2 0 1 2 1 2 1,6,3277,9,58995
3,9,0 1 0 2 0 2 0 0 0 1,3,3357,0,60426
3,9,0 1 0 2 0 2 0 1 0 1,3,3348,0,60264
3,9,0 1 0 2 0 2 0 1 2 1,6,3318,0,59724
3,9,0 1 0 2 0 2 0 2 0 1,3,3240,0,58320
3,9,0 1 0 2 0 2 1 1 2 1,6,3261,0,58698
3,9,0 1 0 2 0 2 2 0 0 1,6,3253,9,58563
3,9,0 1 0 2 0 2 2 1 2 1,6,3264,0,58752
3,9,0 1 0 2 1 0 0 1 2 1,6,3303,0,59454
3,9,0 1 0 2 1 0 1 1 2 1,6,3294,0,59292
3,9,0 1 0 2 1 0 2 1 2 1,6,3228,0,58104
3,9,0 1 0 2 1 1 0 1 2 1,6,3273,0,58914
3,9,0 1 0 2 1 1 1 1 2 1,6,3306,0,59508
3,9,0 1 0 2 1 1 2 1 2 1,6,3303,0,59454
3,9,0 1 0 2 1 2 0 1 2 1,6,3285,0,59130
3,9,0 1 0 2 1 2 1 1 2 1,6,3235,9,58239
3,9,0 1 0 2 1 2 2 1 2 1,6,3300,0,59400
3,9,0 1 0 2 2 0 0 1 0 1,6,3289,9,59211
3,9,0 1 0 2 2 0 0 1 2 1,6,3337,9,60075
3,9,0 1 0 2 2 0 0 2 0 1,6,3301,9,59427
3,9,0 1 0 2 2 0 1 1 2 1,6,3271,9,58887
3,9,0 1 0 2 2 0 2 1 2 1,6,3234,0,58212
3,9,0 1 0 2 2 1 0 1 0 1,6,3283,9,59103
3,9,0 1 0 2 2 1 0 1 2 1,6,3303,0,59454
3,9,0 1 0 2 2 1 0 2 0 1,6,3315,0,59670
3,9,0 1 0 2 2 1 1 1 2 1,6,3252,0,58536
3,9,0 1 0 2 2 1 2 1 2 1,6,3283,9,59103
3,9,0 1 0 2 2 2 0 1 0 1,6,3315,0,59670
3,9,0 1 0 2 2 2 0 1 2 1,6,3271,9,58887
3,9,0 1 0 2 2 2 0 2 0 1,6,3279,0,59022
3,9,0 1 0 2 2 2 1 1 2 1,6,3253,9,58563
3,9,0 1 0 2 2 2 2 1 2 1,6,3327,0,59886
3,9,0 1 1 0 0 0 0 1 2 1,6,3319,9,59751
3,9,0 1 1 0 0 0 1 1 2 1,6,3286,9,59157
3,9,0 1 1 0 0 0 2 1 2 1,6,3349,9,60291
3,9,0 1 1 0 0 1 0 1 2 1,6,3219,0,57942
3,9,0 1 1 0 0 1 1 1 2 1,6,3285,0,59130
3,9,0 1 1 0 0 1 2 0 0 1,6,3340,9,60129
3,9,0 1 1 0 0 1 2 1 2 1,6,3228,0,58104
3,9,0 1 1 0 0 2 0 1 2 1,6,3291,0,59238
3,9,0 1 1 0 0 2 1 1 2 1,6,3273,0,58914
3,9,0 1 1 0 0 2 2 0 0 1,6,3303,0,59454
3,9,0 1 1 0 0 2 2 1 2 1,6,3336,0,60048
3,9,0 1 1 0 1 0 0 1 2 1,6,3280,9,59049
3,9,0 1 1 0 1 0 1 1 2 1,6,3231,0,58158
3,9,0 1 1 0 1 0 2 1 2 1,6,3302,18,59454
3,9,0 1 1 0 1 1 0 1 2 1,6,3198,0,57564
3,9,0 1 1 0 1 1 1 1 2 1,6,3279,0,59022
3,9,0 1 1 0 1 1 2 1 2 1,6,3279,0,59022
3,9,0 1 1 0 1 2 0 1 2 1,6,3271,9,58887
3,9,0 1 1 0 1 2 1 1 2 1,6,3327,0,59886
3,9,0 1 1 0 1 2 2 1 2 1,6,3255,0,58590
3,9,0 1 1 0 2 0 0 0 0 1,6,3267,0,58806
3,9,0 1 1 0 2 0 0 1 0 1,6,3251,18,58536
3,9,0 1 1 0 2 0 0 1 2 1,6,3342,0,60156
3,9,0 1 1 0 2 0 0 2 0 1,6,3273,0,58914
3,9,0 1 1 0 2 0 1 1 2 1,6,3279,0,59022
3,9,0 1 1 0 2 0 2 1 2 1,6,3322,9,59805
3,9,0 1 1 0 2 1 0 1 0 1,6,3216,0,57888
3,9,0 1 1 0 2 1 0 1 2 1,6,3279,0,59022
3,9,0 1 1 0 2 1 0 2 0 1,6,3318,0,59724
3,9,0 1 1 0 2 1 1 1 2 1,6,3330,0,59940
3,9,0 1 1 0 2 1 2 1 2 1,6,3294,0,59292
3,9,0 1 1 0 2 2 0 1 0 1,6,3222,0,57996
3,9,0 1 1 0 2 2 0 1 2 1,6,3234,0,58212
3,9,0 1 1 0 2 2 0 2 0 1,6,3286,9,59157
3,9,0 1 1 0 2 2 1 1 2 1,6,3270,0,58860
3,9,0 1 1 0 2 2 2 1 2 1,6,3246,0,58428
3,9,0 1 1 1 0 0 0 1 2 1,6,3282,0,59076
3,9,0 1 1 1 0 0 1 1 2 1,6,3334,9,60021
3,9,0 1 1 1 0 0 2 0 0 1,6,3262,9,58725
3,9,0 1 1 1 0 0 2 1 2 1,6,3261,0,58698
3,9,0 1 1 1 0 1 0 1 2 1,6,3309,0,59562
3,9,0 1 1 1 0 1 1 1 2 1,6,3238,9,58293
3,9,0 1 1 1 0 1 2 0 0 1,6,3276,0,58968
3,9,0 1 1 1 0 1 2 1 2 1,6,3247,9,58455
3,9,0 1 1 1 0 2 0 1 2 1,6,3307,9,59535
3,9,0 1 1 1 0 2 1 1 2 1,6,3261,0,58698
3,9,0 1 1 1 0 2 2 0 0 1,6,3315,0,59670
3,9,0 1 1 1 0 2 2 1 2 1,6,3249,0,58482
3,9,0 1 1 1 1 0 0 1 2 1,6,3301,9,59427
3,9,0 1 1 1 1 0 1 1 2 1,6,3292,9,59265
3,9,0 1 1 1 1 0 2 0 0 1,6,3258,0,58644
3,9,0 1 1 1 1 0 2 1 2 1,6,3246,0,58428
3,9,0 1 1 1 1 1 0 1 2 1,6,3357,0,60426
3,9,0 1 1 1 1 1 1 1 2 1,6,3316,9,59697
3,9,0 1 1 1 1 1 2 1 2 1,6,3243,0,58374
3,9,0 1 1 1 1 2 0 1 2 1,6,3268,9,58833
3,9,0 1 1 1 1 2 1 1 2 1,6,3345,0,60210
3,9,0 1 1 1 1 2 2 1 2 1,6,3283,9,59103
3,9,0 1 1 1 2 0 0 1 0 1,6,3306,0,59508
3,9,0 1 1 1 2 0 0 1 2 1,6,3304,9,59481
3,9,0 1 1 1 2 0 0 2 0 1,6,3294,0,59292
3,9,0 1 1 1 2 0 1 1 2 1,6,3273,0,58914
3,9,0 1 1 1 2 0 2 1 2 1,6,3333,0,59994
3,9,0 1 1 1 2 1 0 1 0 1,6,3279,0,59022
3,9,0 1 1 1 2 1 0 1 2 1,6,3258,0,58644
3,9,0 1 1 1 2 1 0 2 0 1,6,3225,0,58050
3,9,0 1 1 1 2 1 1 1 2 1,6,3285,0,59130
3,9,0 1 1 1 2 1 2 1 2 1,6,3234,0,58212
3,9,0 1 1 1 2 2 0 1 0 1,6,3226,9,58077
3,9,0 1 1 1 2 2 0 1 2 1,6,3267,0,58806
3,9,0 1 1 1 2 2 0 2 0 1,6,3258,0,58644
3,9,0 1 1 1 2 2 1 1 2 1,6,3210,0,57780
3,9,0 1 1 1 2 2 2 1 2 1,6,3253,9,58563
3,9,0 1 1 2 0 0 0 1 2 1,6,3300,0,59400
3,9,0 1 1 2 0 0 1 1 2 1,6,3276,0,58968
3,9,0 1 1 2 0 0 2 1 2 1,6,3279,0,59022
3,9,0 1 1 2 0 1 0 1 2 1,6,3237,0,58266
3,9,0 1 1 2 0 1 1 1 2 1,6,3306,0,59508
3,9,0 1 1 2 0 1 2 0 0 1,6,3318,0,59724
3,9,0 1 1 2 0 1 2 1 2 1,6,3285,0,59130
3,9,0 1 1 2 0 2 0 1 2 1,6,3288,0,59184
3,9,0 1 1 2 0 2 1 1 2 1,6,3250,9,58509
3,9,0 1 1 2 0 2 2 0 0 1,6,3256,9,58617
3,9,0 1 1 2 0 2 2 1 2 1,6,3199,9,57591
3,9,0 1 1 2 1 0 0 1 2 1,6,3303,0,59454
3,9,0 1 1 2 1 0 1 1 2 1,6,3208,9,57753
3,9,0 1 1 2 1 0 2 1 2 1,6,3339,0,60102
3,9,0 1 1 2 1 1 0 1 2 1,6,3282,0,59076
3,9,0 1 1 2 1 1 1 1 2 1,6,3252,0,58536
3,9,0 1 1 2 1 1 2 1 2 1,6,3263,18,58752
3,9,0 1 1 2 1 2 0 1 2 1,6,3267,0,58806
3,9,0 1 1 2 1 2 1 1 2 1,6,3288,0,59184
3,9,0 1 1 2 1 2 2 1 2 1,6,3318,0,59724
3,9,0 1 1 2 2 0 0 1 0 1,6,3324,0,59832
3,9,0 1 1 2 2 0 0 1 2 1,6,3261,0,58698
3,9,0 1 1 2 2 0 0 2 0 1,6,3304,9,59481
3,9,0 1 1 2 2 0 1 1 2 1,6,3282,0,59076
3,9,0 1 1 2 2 0 2 1 2 1,6,3252,0,58536
3,9,0 1 1 2 2 1 0 1 0 1,6,3355,9,60399
3,9,0 1 1 2 2 1 0 1 2 1,6,3253,9,58563
3,9,0 1 1 2 2 1 0 2 0 1,6,3258,0,58644
3,9,0 1 1 2 2 1 1 1 2 1,6,3339,0,60102
3,9,0 1 1 2 2 1 2 1 2 1,6,3211,9,57807
3,9,0 1 1 2 2 2 0 1 0 1,6,3270,0,58860
3,9,0 1 1 2 2 2 0 1 2 1,6,3300,0,59400
3,9,0 1 1 2 2 2 0 2 0 1,6,3297,0,59346
3,9,0 1 1 2 2 2 1 1 2 1,6,3348,0,60264
3,9,0 1 1 2 2 2 2 1 2 1,6,3267,0,58806
3,9,0 1 2 0 0 0 0 1 0 1,6,3321,0,59778
3,9,0 1 2 0 0 0 0 1 2 1,6,3273,0,58914
3,9,0 1 2 0 0 0 0 2 0 1,6,3306,0,59508
3,9,0 1 2 0 0 0 1 1 2 1,6,3298,9,59373
3,9,0 1 2 0 0 0 2 1 2 1,6,3217,9,57915
3,9,0 1 2 0 0 1 0 0 0 1,6,3249,0,58482
3,9,0 1 2 0 0 1 0 1 0 1,6,3348,0,60264
3,9,0 1 2 0 0 1 0 1 2 1,6,3274,9,58941
3,9,0 1 2 0 0 1 0 2 0 1,6,3303,0,59454
3,9,0 1 2 0 0 1 1 1 2 1,6,3303,0,59454
3,9,0 1 2 0 0 1 2 0 0 1,6,3306,0,59508
3,9,0 1 2 0 0 1 2 1 2 1,6,3297,0,59346
3,9,0 1 2 0 0 2 0 0 0 1,6,3343,9,60183
3,9,0 1 2 0 0 2 0 1 0 1,6,3297,0,59346
3,9,0 1 2 0 0 2 0 1 2 1,6,3322,9,59805
3,9,0 1 2 0 0 2 0 2 0 1,6,3279,0,59022
3,9,0 1 2 0 0 2 1 1 2 1,6,3291,0,59238
3,9,0 1 2 0 0 2 2 0 0 1,6,3226,9,58077
3,9,0 1 2 0 0 2 2 1 2 1,6,3360,0,60480
3,9,0 1 2 0 1 0 0 1 2 1,6,3253,9,58563
3,9,0 1 2 0 1 0 1 1 2 1,6,3250,9,58509
3,9,0 1 2 0 1 0 2 1 2 1,6,3189,0,57402
3,9,0 1 2 0 1 1 0 1 2 1,6,3301,9,59427
3,9,0 1 2 0 1 1 1 1 2 1,6,3312,0,59616
3,9,0 1 2 0 1 1 2 1 2 1,6,3297,0,59346
3,9,0 1 2 0 1 2 0 1 2 1,6,3237,0,58266
3,9,0 1 2 0 1 2 1 1 2 1,6,3306,0,59508
3,9,0 1 2 0 1 2 2 1 2 1,6,3291,0,59238
3,9,0 1 2 0 2 0 0 0 0 1,6,3262,9,58725
3,9,0 1 2 0 2 0 0 1 0 1,6,3265,9,58779
3,9,0 1 2 0 2 0 0 1 2 1,6,3265,9,58779
3,9,0 1 2 0 2 0 0 2 0 1,6,3300,0,59400
3,9,0 1 2 0 2 0 1 1 2 1,6,3289,9,59211
3,9,0 1 2 0 2 0 2 0 0 1,2,3186,0,57348
3,9,0 1 2 0 2 0 2 1 2 1,6,3249,0,58482
3,9,0 1 2 0 2 1 0 1 0 1,6,3285,0,59130
3,9,0 1 2 0 2 1 0 1 2 1,6,3195,0,57510
3,9,0 1 2 0 2 1 0 2 0 1,6,3244,9,58401
3,9,0 1 2 0 2 1 1 1 2 1,6,3250,9,58509
3,9,0 1 2 0 2 1 2 1 2 1,6,3337,9,60075
3,9,0 1 2 0 2 2 0 1 0 1,6,3295,9,59319
3,9,0 1 2 0 2 2 0 1 2 1,6,3324,0,59832
3,9,0 1 2 0 2 2 0 2 0 1,6,3279,0,59022
3,9,0 1 2 0 2 2 1 1 2 1,6,3309,0,59562
3,9,0 1 2 0 2 2 2 1 2 1,6,3267,0,58806
3,9,0 1 2 1 0 0 0 1 0 1,6,3255,0,58590
3,9,0 1 2 1 0 0 0 1 2 1,6,3273,0,58914
3,9,0 1 2 1 0 0 0 2 0 1,6,3318,0,59724
3,9,0 1 2 1 0 0 1 1 2 1,6,3357,0,60426
3,9,0 1 2 1 0 0 2 0 0 1,6,3280,9,59049
3,9,0 1 2 1 0 0 2 1 2 1,6,3273,0,58914
3,9,0 1 2 1 0 1 0 0 0 1,6,3286,9,59157
3,9,0 1 2 1 0 1 0 1 0 1,6,3306,0,59508
3,9,0 1 2 1 0 1 0 1 2 1,6,3279,0,59022
3,9,0 1 2 1 0 1 0 2 0 1,6,3288,0,59184
3,9,0 1 2 1 0 1 1 1 2 1,6,3301,9,59427
3,9,0 1 2 1 0 1 2 0 0 1,6,3321,0,59778
3,9,0 1 2 1 0 1 2 1 2 1,6,3270,0,58860
3,9,0 1 2 1 0 2 0 0 0 1,6,3249,0,58482
3,9,0 1 2 1 0 2 0 1 0 1,6,3207,0,57726
3,9,0 1 2 1 0 2 0 1 2 1,6,3244,9,58401
3,9,0 1 2 1 0 2 0 2 0 1,6,3277,9,58995
3,9,0 1 2 1 0 2 1 1 2 1,6,3238,9,58293
3,9,0 1 2 1 0 2 2 0 0 1,6,3264,0,58752
3,9,0 1 2 1 0 2 2 1 2 1,6,3319,9,59751
3,9,0 1 2 1 1 0 0 1 2 1,6,3246,0,58428
3,9,0 1 2 1 1 0 1 1 2 1,6,3312,0,59616
3,9,0 1 2 1 1 0 2 0 0 1,6,3232,9,58185
3,9,0 1 2 1 1 0 2 1 2 1,6,3325,9,59859
3,9,0 1 2 1 1 1 0 1 2 1,6,3343,9,60183
3,9,0 1 2 1 1 1 1 1 2 1,6,3297,0,59346
3,9,0 1 2 1 1 1 2 1 2 1,6,3283,9,59103
3,9,0 1 2 1 1 2 0 1 2 1,6,3264,0,58752
3,9,0 1 2 1 1 2 1 1 2 1,6,3307,9,59535
3,9,0 1 2 1 1 2 2 1 2 1,6,3289,9,59211
3,9,0 1 2 1 2 0 0 1 0 1,6,3276,0,58968
3,9,0 1 2 1 2 0 0 1 2 1,6,3285,0,59130
3,9,0 1 2 1 2 0 0 2 0 1,6,3268,9,58833
3,9,0 1 2 1 2 0 1 1 2 1,6,3255,0,58590
3,9,0 1 2 1 2 0 2 0 0 1,2,3214,9,57861
3,9,0 1 2 1 2 0 2 1 2 1,6,3246,0,58428
3,9,0 1 2 1 2 1 0 1 0 1,6,3253,9,58563
3,9,0 1 2 1 2 1 0 1 2 1,6,3327,0,59886
3,9,0 1 2 1 2 1 0 2 0 1,6,3295,9,59319
3,9,0 1 2 1 2 1 1 1 2 1,6,3327,0,59886
3,9,0 1 2 1 2 1 2 1 2 1,6,3324,0,59832
3,9,0 1 2 1 2 2 0 1 0 1,6,3300,0,59400
3,9,0 1 2 1 2 2 0 1 2 1,6,3295,9,59319
3,9,0 1 2 1 2 2 0 2 0 1,6,3283,9,59103
3,9,0 1 2 1 2 2 1 1 2 1,6,3225,0,58050
3,9,0 1 2 1 2 2 2 1 2 1,6,3253,9,58563
3,9,0 1 2 2 0 0 0 1 0 1,6,3288,0,59184
3,9,0 1 2 2 0 0 0 1 2 1,6,3340,9,60129
3,9,0 1 2 2 0 0 0 2 0 1,6,3223,9,58023
3,9,0 1 2 2 0 0 1 1 2 1,6,3300,0,59400
3,9,0 1 2 2 0 0 2 1 2 1,6,3237,0,58266
3,9,0 1 2 2 0 1 0 0 0 1,6,3295,9,59319
3,9,0 1 2 2 0 1 0 1 0 1,6,3210,0,57780
3,9,0 1 2 2 0 1 0 1 2 1,6,3295,9,59319
3,9,0 1 2 2 0 1 0 2 0 1,6,3294,0,59292
3,9,0 1 2 2 0 1 1 1 2 1,6,3280,9,59049
3,9,0 1 2 2 0 1 2 0 0 1,6,3312,0,59616
3,9,0 1 2 2 0 1 2 1 2 1,6,3312,0,59616
3,9,0 1 2 2 0 2 0 0 0 1,6,3309,0,59562
3,9,0 1 2 2 0 2 0 1 0 1,6,3241,9,58347
3,9,0 1 2 2 0 2 0 1 2 1,6,3282,0,59076
3,9,0 1 2 2 0 2 0 2 0 1,6,3319,9,59751
3,9,0 1 2 2 0 2 1 1 2 1,6,3306,0,59508
3,9,0 1 2 2 0 2 2 0 0 1,6,3352,9,60345
3,9,0 1 2 2 0 2 2 1 2 1,6,3264,0,58752
3,9,0 1 2 2 1 0 0 1 2 1,6,3295,9,59319
3,9,0 1 2 2 1 0 1 1 2 1,6,3261,0,58698
3,9,0 1 2 2 1 0 2 1 2 1,6,3307,9,59535
3,9,0 1 2 2 1 1 0 1 2 1,6,3285,0,59130
3,9,0 1 2 2 1 1 1 1 2 1,6,3352,9,60345
3,9,0 1 2 2 1 1 2 1 2 1,6,3267,0,58806
3,9,0 1 2 2 1 2 0 1 2 1,6,3258,0,58644
3,9,0 1 2 2 1 2 1 1 2 1,6,3285,0,59130
3,9,0 1 2 2 1 2 2 1 2 1,6,3223,9,58023
3,9,0 1 2 2 2 0 0 1 0 1,6,3279,0,59022
3,9,0 1 2 2 2 0 0 1 2 1,6,3255,0,58590
3,9,0 1 2 2 2 0 0 2 0 1,6,3243,0,58374
3,9,0 1 2 2 2 0 1 1 2 1,6,3286,9,59157
3,9,0 1 2 2 2 0 2 0 0 1,2,3369,0,60642
3,9,0 1 2 2 2 0 2 1 2 1,6,3201,0,57618
3,9,0 1 2 2 2 1 0 1 0 1,6,3243,0,58374
3,9,0 1 2 2 2 1 0 1 2 1,6,3298,9,59373
3,9,0 1 2 2 2 1 0 2 0 1,6,3223,9,58023
3,9,0 1 2 2 2 1 1 1 2 1,6,3294,0,59292
3,9,0 1 2 2 2 1 2 1 2 1,6,3315,0,59670
3,9,0 1 2 2 2 2 0 1 0 1,6,3333,0,59994
3,9,0 1 2 2 2 2 0 1 2 1,6,3282,0,59076
3,9,0 1 2 2 2 2 0 2 0 1,6,3246,0,58428
3,9,0 1 2 2 2 2 1 1 2 1,6,3306,0,59508
3,9,0 1 2 2 2 2 2 1 2 1,6,3204,0,57672
3,9,0 2 0 0 0 0 0 0 0 1,1,3303,0,59454
3,9,0 2 0 0 0 0 0 1 0 1,3,3369,0,60642
3,9,0 2 0 0 0 0 0 1 2 1,6,3280,9,59049
3,9,0 2 0 0 0 0 0 2 0 1,3,3288,0,59184
3,9,0 2 0 0 0 0 1 1 2 1,6,3258,0,58644
3,9,0 2 0 0 0 0 2 1 2 1,6,3273,0,58914
3,9,0 2 0 0 0 1 0 0 0 1,3,3303,0,59454
3,9,0 2 0 0 0 1 0 1 0 1,3,3270,0,58860
3,9,0 2 0 0 0 1 0 1 2 1,6,3306,0,59508
3,9,0 2 0 0 0 1 0 2 0 1,3,3327,0,59886
3,9,0 2 0 0 0 1 1 1 2 1,6,3261,0,58698
3,9,0 2 0 0 0 1 2 0 0 1,6,3288,0,59184
3,9,0 2 0 0 0 1 2 1 2 1,6,3243,0,58374
3,9,0 2 0 0 0 2 0 0 0 1,3,3252,0,58536
3,9,0 2 0 0 0 2 0 1 0 1,3,3230,18,58158
3,9,0 2 0 0 0 2 0 1 2 1,6,3247,9,58455
3,9,0 2 0 0 0 2 0 2 0 1,3,3315,0,59670
3,9,0 2 0 0 0 2 1 1 2 1,6,3267,0,58806
3,9,0 2 0 0 0 2 2 0 0 1,6,3304,9,59481
3,9,0 2 0 0 0 2 2 1 2 1,6,3291,0,59238
3,9,0 2 0 0 1 0 0 1 2 1,6,3333,0,59994
3,9,0 2 0 0 1 0 1 1 2 1,6,3265,9,58779
3,9,0 2 0 0 1 0 2 1 2 1,6,3285,0,59130
3,9,0 2 0 0 1 1 0 1 2 1,6,3222,0,57996
3,9,0 2 0 0 1 1 1 1 2 1,6,3306,0,59508
3,9,0 2 0 0 1 1 2 1 2 1,6,3253,9,58563
3,9,0 2 0 0 1 2 0 1 2 1,6,3304,9,59481
3,9,0 2 0 0 1 2 1 1 2 1,6,3262,9,58725
3,9,0 2 0 0 1 2 2 1 2 1,6,3258,0,58644
3,9,0 2 0 0 2 0 0 0 0 1,6,3309,0,59562
3,9,0 2 0 0 2 0 0 1 0 1,6,3280,9,59049
3,9,0 2 0 0 2 0 0 1 2 1,6,3250,9,58509
3,9,0 2 0 0 2 0 0 2 0 1,6,3285,0,59130
3,9,0 2 0 0 2 0 1 1 2 1,6,3267,0,58806
3,9,0 2 0 0 2 0 2 0 0 1,6,3333,0,59994
3,9,0 2 0 0 2 0 2 1 2 1,6,3285,0,59130
3,9,0 2 0 0 2 1 0 1 0 1,6,3321,0,59778
3,9,0 2 0 0 2 1 0 1 2 1,6,3291,0,59238
3,9,0 2 0 0 2 1 0 2 0 1,6,3357,0,60426
3,9,0 2 0 0 2 1 1 1 2 1,6,3328,9,59913
3,9,0 2 0 0 2 1 2 1 2 1,6,3291,0,59238
3,9,0 2 0 0 2 2 0 1 0 1,6,3327,0,59886
3,9,0 2 0 0 2 2 0 1 2 1,6,3226,9,58077
3,9,0 2 0 0 2 2 0 2 0 1,6,3228,0,58104
3,9,0 2 0 0 2 2 1 1 2 1,6,3192,0,57456
3,9,0 2 0 0 2 2 2 1 2 1,6,3248,18,58482
3,9,0 2 0 1 0 0 0 0 0 1,1,3348,0,60264
3,9,0 2 0 1 0 0 0 1 0 1,3,3264,0,58752
3,9,0 2 0 1 0 0 0 1 2 1,6,3264,0,58752
3,9,0 2 0 1 0 0 0 2 0 1,3,3273,0,58914
3,9,0 2 0 1 0 0 1 1 2 1,6,3255,0,58590
3,9,0 2 0 1 0 0 2 0 0 1,6,3315,0,59670
3,9,0 2 0 1 0 0 2 1 2 1,6,3219,0,57942
3,9,0 2 0 1 0 1 0 0 0 1,3,3318,0,59724
3,9,0 2 0 1 0 1 0 1 0 1,3,3218,18,57942
3,9,0 2 0 1 0 1 0 1 2 1,6,3334,9,60021
3,9,0 2 0 1 0 1 0 2 0 1,3,3234,0,58212
3,9,0 2 0 1 0 1 1 1 2 1,6,3310,9,59589
3,9,0 2 0 1 0 1 2 0 0 1,6,3208,9,57753
3,9,0 2 0 1 0 1 2 1 2 1,6,3301,9,59427
3,9,0 2 0 1 0 2 0 0 0 1,3,3345,0,60210
3,9,0 2 0 1 0 2 0 1 0 1,3,3288,0,59184
3,9,0 2 0 1 0 2 0 1 2 1,6,3312,0,59616
3,9,0 2 0 1 0 2 0 2 0 1,3,3291,0,59238
3,9,0 2 0 1 0 2 1 1 2 1,6,3309,0,59562
3,9,0 2 0 1 0 2 2 0 0 1,6,3331,9,59967
3,9,0 2 0 1 0 2 2 1 2 1,6,3307,9,59535
3,9,0 2 0 1 1 0 0 1 2 1,6,3309,0,59562
3,9,0 2 0 1 1 0 1 1 2 1,6,3244,9,58401
3,9,0 2 0 1 1 0 2 0 0 1,6,3273,0,58914
3,9,0 2 0 1 1 0 2 1 2 1,6,3247,9,58455
3,9,0 2 0 1 1 1 0 1 2 1,6,3265,9,58779
3,9,0 2 0 1 1 1 1 1 2 1,6,3316,9,59697
3,9,0 2 0 1 1 1 2 1 2 1,6,3292,9,59265
3,9,0 2 0 1 1 2 0 1 2 1,6,3276,0,58968
3,9,0 2 0 1 1 2 1 1 2 1,6,3288,0,59184
3,9,0 2 0 1 1 2 2 1 2 1,6,3309,0,59562
3,9,0 2 0 1 2 0 0 1 0 1,6,3277,9,58995
3,9,0 2 0 1 2 0 0 1 2 1,6,3271,9,58887
3,9,0 2 0 1 2 0 0 2 0 1,6,3297,0,59346
3,9,0 2 0 1 2 0 1 1 2 1,6,3363,0,60534
3,9,0 2 0 1 2 0 2 0 0 1,6,3291,0,59238
3,9,0 2 0 1 2 0 2 1 2 1,6,3312,0,59616
3,9,0 2 0 1 2 1 0 1 0 1,6,3252,0,58536
3,9,0 2 0 1 2 1 0 1 2 1,6,3250,9,58509
3,9,0 2 0 1 2 1 0 2 0 1,6,3240,0,58320
3,9,0 2 0 1 2 1 1 1 2 1,6,3318,0,59724
3,9,0 2 0 1 2 1 2 1 2 1,6,3322,9,59805
3,9,0 2 0 1 2 2 0 1 0 1,6,3294,0,59292
3,9,0 2 0 1 2 2 0 1 2 1,6,3297,0,59346
3,9,0 2 0 1 2 2 0 2 0 1,6,3301,9,59427
3,9,0 2 0 1 2 2 1 1 2 1,6,3333,0,59994
3,9,0 2 0 1 2 2 2 1 2 1,6,3303,0,59454
3,9,0 2 0 2 0 0 0 0 0 1,1,3123,0,56214
3,9,0 2 0 2 0 0 0 1 0 1,3,3311,18,59616
3,9,0 2 0 2 0 0 0 1 2 1,6,3315,0,59670
3,9,0 2 0 2 0 0 0 2 0 1,3,3267,0,58806
3,9,0 2 0 2 0 0 1 1 2 1,6,3247,9,58455
3,9,0 2 0 2 0 0 2 1 2 1,6,3258,0,58644
3,9,0 2 0 2 0 1 0 0 0 1,3,3354,0,60372
3,9,0 2 0 2 0 1 0 1 0 1,3,3279,0,59022
3,9,0 2 0 2 0 1 0 1 2 1,6,3309,0,59562
3,9,0 2 0 2 0 1 0 2 0 1,3,3249,0,58482
3,9,0 2 0 2 0 1 1 1 2 1,6,3312,0,59616
3,9,0 2 0 2 0 1 2 0 0 1,6,3217,9,57915
3,9,0 2 0 2 0 1 2 1 2 1,6,3250,9,58509
3,9,0 2 0 2 0 2 0 0 0 1,3,3273,0,58914
3,9,0 2 0 2 0 2 0 1 0 1,3,3264,0,58752
3,9,0 2 0 2 0 2 0 1 2 1,6,3288,0,59184
3,9,0 2 0 2 0 2 0 2 0 1,3,3194,18,57510
3,9,0 2 0 2 0 2 1 1 2 1,6,3294,0,59292
3,9,0 2 0 2 0 2 2 0 0 1,6,3261,0,58698
3,9,0 2 0 2 0 2 2 1 2 1,6,3330,0,59940
3,9,0 2 0 2 1 0 0 1 2 1,6,3268,9,58833
3,9,0 2 0 2 1 0 1 1 2 1,6,3333,0,59994
3,9,0 2 0 2 1 0 2 1 2 1,6,3219,0,57942
3,9,0 2 0 2 1 1 0 1 2 1,6,3294,0,59292
3,9,0 2 0 2 1 1 1 1 2 1,6,3300,0,59400
3,9,0 2 0 2 1 1 2 1 2 1,6,3301,9,59427
3,9,0 2 0 2 1 2 0 1 2 1,6,3282,0,59076
3,9,0 2 0 2 1 2 1 1 2 1,6,3259,9,58671
3,9,0 2 0 2 1 2 2 1 2 1,6,3219,0,57942
3,9,0 2 0 2 2 0 0 1 0 1,6,3282,0,59076
3,9,0 2 0 2 2 0 0 1 2 1,6,3312,0,59616
3,9,0 2 0 2 2 0 0 2 0 1,6,3291,0,59238
3,9,0 2 0 2 2 0 1 1 2 1,6,3222,0,57996
3,9,0 2 0 2 2 0 2 0 0 1,6,3325,9,59859
3,9,0 2 0 2 2 0 2 1 2 1,6,3261,0,58698
3,9,0 2 0 2 2 1 0 1 0 1,6,3319,9,59751
3,9,0 2 0 2 2 1 0 1 2 1,6,3231,0,58158
3,9,0 2 0 2 2 1 0 2 0 1,6,3255,0,58590
3,9,0 2 0 2 2 1 1 1 2 1,6,3229,9,58131
3,9,0 2 0 2 2 1 2 1 2 1,6,3318,0,59724
3,9,0 2 0 2 2 2 0 1 0 1,6,3285,0,59130
3,9,0 2 0 2 2 2 0 1 2 1,6,3309,0,59562
3,9,0 2 0 2 2 2 0 2 0 1,6,3283,9,59103
3,9,0 2 0 2 2 2 1 1 2 1,6,3270,0,58860
3,9,0 2 0 2 2 2 2 1 2 1,6,3258,0,58644
3,9,0 2 1 0 0 0 0 1 2 1,6,3321,0,59778
3,9,0 2 1 0 0 0 1 1 2 1,6,3234,0,58212
3,9,0 2 1 0 0 0 2 1 2 1,6,3255,0,58590
3,9,0 2 1 0 0 1 0 1 2 1,6,3315,0,59670
3,9,0 2 1 0 0 1 1 1 2 1,6,3258,0,58644
3,9,0 2 1 0 0 1 2 0 0 1,6,3294,0,59292
3,9,0 2 1 0 0 1 2 1 2 1,6,3303,0,59454
3,9,0 2 1 0 0 2 0 1 2 1,6,3246,0,58428
3,9,0 2 1 0 0 2 1 1 2 1,6,3354,0,60372
3,9,0 2 1 0 0 2 2 0 0 1,6,3246,0,58428
3,9,0 2 1 0 0 2 2 1 2 1,6,3255,0,58590
3,9,0 2 1 0 1 0 0 1 2 1,6,3342,0,60156
3,9,0 2 1 0 1 0 1 1 2 1,6,3241,9,58347
3,9,0 2 1 0 1 0 2 1 2 1,6,3255,0,58590
3,9,0 2 1 0 1 1 0 1 2 1,6,3214,9,57861
3,9,0 2 1 0 1 1 1 1 2 1,6,3249,0,58482
3,9,0 2 1 0 1 1 2 1 2 1,6,3264,0,58752
3,9,0 2 1 0 1 2 0 1 2 1,6,3219,0,57942
3,9,0 2 1 0 1 2 1 1 2 1,6,3282,0,59076
3,9,0 2 1 0 1 2 2 1 2 1,6,3273,0,58914
3,9,0 2 1 0 2 0 0 0 0 1,6,3276,0,58968
3,9,0 2 1 0 2 0 0 1 0 1,6,3282,0,59076
3,9,0 2 1 0 2 0 0 1 2 1,6,3291,0,59238
3,9,0 2 1 0 2 0 0 2 0 1,6,3276,0,58968
3,9,0 2 1 0 2 0 1 1 2 1,6,3306,0,59508
3,9,0 2 1 0 2 0 2 0 0 1,6,3262,9,58725
3,9,0 2 1 0 2 0 2 1 2 1,6,3276,0,58968
3,9,0 2 1 0 2 1 0 1 0 1,6,3273,0,58914
3,9,0 2 1 0 2 1 0 1 2 1,6,3279,0,59022
3,9,0 2 1 0 2 1 0 2 0 1,6,3300,0,59400
3,9,0 2 1 0 2 1 1 1 2 1,6,3291,0,59238
3,9,0 2 1 0 2 1 2 1 2 1,6,3243,0,58374
3,9,0 2 1 0 2 2 0 1 0 1,6,3246,0,58428
3,9,0 2 1 0 2 2 0 1 2 1,6,3301,9,59427
3,9,0 2 1 0 2 2 0 2 0 1,6,3252,0,58536
3,9,0 2 1 0 2 2 1 1 2 1,6,3251,18,58536
3,9,0 2 1 0 2 2 2 1 2 1,6,3282,0,59076
3,9,0 2 1 1 0 0 0 1 2 1,6,3300,0,59400
3,9,0 2 1 1 0 0 1 1 2 1,6,3268,9,58833
3,9,0 2 1 1 0 0 2 0 0 1,6,3291,0,59238
3,9,0 2 1 1 0 0 2 1 2 1,6,3310,9,59589
3,9,0 2 1 1 0 1 0 1 2 1,6,3322,9,59805
3,9,0 2 1 1 0 1 1 1 2 1,6,3243,0,58374
3,9,0 2 1 1 0 1 2 0 0 1,6,3291,0,59238
3,9,0 2 1 1 0 1 2 1 2 1,6,3267,0,58806
3,9,0 2 1 1 0 2 0 1 2 1,6,3300,0,59400
3,9,0 2 1 1 0 2 1 1 2 1,6,3339,0,60102
3,9,0 2 1 1 0 2 2 0 0 1,6,3285,0,59130
3,9,0 2 1 1 0 2 2 1 2 1,6,3294,0,59292
3,9,0 2 1 1 1 0 0 1 2 1,6,3231,0,58158
3,9,0 2 1 1 1 0 1 1 2 1,6,3264,0,58752
3,9,0 2 1 1 1 0 2 0 0 1,6,3274,9,58941
3,9,0 2 1 1 1 0 2 1 2 1,6,3351,0,60318
3,9,0 2 1 1 1 1 0 1 2 1,6,3222,0,57996
3,9,0 2 1 1 1 1 1 1 2 1,6,3211,9,57807
3,9,0 2 1 1 1 1 2 1 2 1,6,3325,9,59859
3,9,0 2 1 1 1 2 0 1 2 1,6,3307,9,59535
3,9,0 2 1 1 1 2 1 1 2 1,6,3322,9,59805
3,9,0 2 1 1 1 2 2 1 2 1,6,3291,0,59238
3,9,0 2 1 1 2 0 0 1 0 1,6,3297,0,59346
3,9,0 2 1 1 2 0 0 1 2 1,6,3294,0,59292
3,9,0 2 1 1 2 0 0 2 0 1,6,3304,9,59481
3,9,0 2 1 1 2 0 1 1 2 1,6,3270,0,58860
3,9,0 2 1 1 2 0 2 0 0 1,6,3261,0,58698
3,9,0 2 1 1 2 0 2 1 2 1,6,3330,0,59940
3,9,0 2 1 1 2 1 0 1 0 1,6,3321,0,59778
3,9,0 2 1 1 2 1 0 1 2 1,6,3348,0,60264
3,9,0 2 1 1 2 1 0 2 0 1,6,3357,0,60426
3,9,0 2 1 1 2 1 1 1 2 1,6,3275,18,58968
3,9,0 2 1 1 2 1 2 1 2 1,6,3309,0,59562
3,9,0 2 1 1 2 2 0 1 0 1,6,3300,0,59400
3,9,0 2 1 1 2 2 0 1 2 1,6,3331,9,59967
3,9,0 2 1 1 2 2 0 2 0 1,6,3291,0,59238
3,9,0 2 1 1 2 2 1 1 2 1,6,3294,0,59292
3,9,0 2 1 1 2 2 2 1 2 1,6,3288,0,59184
3,9,0 2 1 2 0 0 0 1 2 1,6,3294,0,59292
3,9,0 2 1 2 0 0 1 1 2 1,6,3280,9,59049
3,9,0 2 1 2 0 0 2 1 2 1,6,3297,0,59346
3,9,0 2 1 2 0 1 0 1 2 1,6,3285,0,59130
3,9,0 2 1 2 0 1 1 1 2 1,6,3295,9,59319
3,9,0 2 1 2 0 1 2 0 0 1,6,3250,9,58509
3,9,0 2 1 2 0 1 2 1 2 1,6,3213,0,57834
3,9,0 2 1 2 0 2 0 1 2 1,6,3219,0,57942
3,9,0 2 1 2 0 2 1 1 2 1,6,3321,0,59778
3,9,0 2 1 2 0 2 2 0 0 1,6,3213,0,57834
3,9,0 2 1 2 0 2 2 1 2 1,6,3241,9,58347
3,9,0 2 1 2 1 0 0 1 2 1,6,3243,0,58374
3,9,0 2 1 2 1 0 1 1 2 1,6,3348,0,60264
3,9,0 2 1 2 1 0 2 1 2 1,6,3321,0,59778
3,9,0 2 1 2 1 1 0 1 2 1,6,3297,0,59346
3,9,0 2 1 2 1 1 1 1 2 1,6,3247,9,58455
3,9,0 2 1 2 1 1 2 1 2 1,6,3297,0,59346
3,9,0 2 1 2 1 2 0 1 2 1,6,3310,9,59589
3,9,0 2 1 2 1 2 1 1 2 1,6,3246,0,58428
3,9,0 2 1 2 1 2 2 1 2 1,6,3336,0,60048
3,9,0 2 1 2 2 0 0 1 0 1,6,3264,0,58752
3,9,0 2 1 2 2 0 0 1 2 1,6,3301,9,59427
3,9,0 2 1 2 2 0 0 2 0 1,6,3258,0,58644
3,9,0 2 1 2 2 0 1 1 2 1,6,3283,9,59103
3,9,0 2 1 2 2 0 2 0 0 1,6,3237,0,58266
3,9,0 2 1 2 2 0 2 1 2 1,6,3265,9,58779
3,9,0 2 1 2 2 1 0 1 0 1,6,3279,0,59022
3,9,0 2 1 2 2 1 0 1 2 1,6,3288,0,59184
3,9,0 2 1 2 2 1 0 2 0 1,6,3315,0,59670
3,9,0 2 1 2 2 1 1 1 2 1,6,3303,0,59454
3,9,0 2 1 2 2 1 2 1 2 1,6,3313,9,59643
3,9,0 2 1 2 2 2 0 1 0 1,6,3255,0,58590
3,9,0 2 1 2 2 2 0 1 2 1,6,3291,0,59238
3,9,0 2 1 2 2 2 0 2 0 1,6,3318,0,59724
3,9,0 2 1 2 2 2 1 1 2 1,6,3261,0,58698
3,9,0 2 1 2 2 2 2 1 2 1,6,3286,9,59157
3,9,0 2 2 0 0 0 0 1 0 1,6,3301,9,59427
3,9,0 2 2 0 0 0 0 1 2 1,6,3285,0,59130
3,9,0 2 2 0 0 0 0 2 0 1,6,3316,9,59697
3,9,0 2 2 0 0 0 1 1 2 1,6,3315,0,59670
3,9,0 2 2 0 0 0 2 1 2 1,6,3252,0,58536
3,9,0 2 2 0 0 1 0 0 0 1,6,3267,0,58806
3,9,0 2 2 0 0 1 0 1 0 1,6,3280,9,59049
3,9,0 2 2 0 0 1 0 1 2 1,6,3283,9,59103
3,9,0 2 2 0 0 1 0 2 0 1,6,3301,9,59427
3,9,0 2 2 0 0 1 1 1 2 1,6,3246,0,58428
3,9,0 2 2 0 0 1 2 0 0 1,6,3210,0,57780
3,9,0 2 2 0 0 1 2 1 2 1,6,3279,0,59022
3,9,0 2 2 0 0 2 0 0 0 1,6,3216,0,57888
3,9,0 2 2 0 0 2 0 1 0 1,6,3264,0,58752
3,9,0 2 2 0 0 2 0 1 2 1,6,3270,0,58860
3,9,0 2 2 0 0 2 0 2 0 1,6,3307,9,59535
3,9,0 2 2 0 0 2 1 1 2 1,6,3234,0,58212
3,9,0 2 2 0 0 2 2 0 0 1,6,3279,0,59022
3,9,0 2 2 0 0 2 2 1 2 1,6,3263,18,58752
3,9,0 2 2 0 1 0 0 1 2 1,6,3294,0,59292
3,9,0 2 2 0 1 0 1 1 2 1,6,3291,0,59238
3,9,0 2 2 0 1 0 2 1 2 1,6,3268,9,58833
3,9,0 2 2 0 1 1 0 1 2 1,6,3342,0,60156
3,9,0 2 2 0 1 1 1 1 2 1,6,3282,0,59076
3,9,0 2 2 0 1 1 2 1 2 1,6,3229,9,58131
3,9,0 2 2 0 1 2 0 1 2 1,6,3297,0,59346
3,9,0 2 2 0 1 2 1 1 2 1,6,3277,9,58995
3,9,0 2 2 0 1 2 2 1 2 1,6,3273,0,58914
3,9,0 2 2 0 2 0 0 0 0 1,6,3342,0,60156
3,9,0 2 2 0 2 0 0 1 0 1,6,3244,9,58401
3,9,0 2 2 0 2 0 0 1 2 1,6,3294,0,59292
3,9,0 2 2 0 2 0 0 2 0 1,6,3220,9,57969
3,9,0 2 2 0 2 0 1 1 2 1,6,3306,0,59508
3,9,0 2 2 0 2 0 2 0 0 1,2,3286,9,59157
3,9,0 2 2 0 2 0 2 1 2 1,6,3277,9,58995
3,9,0 2 2 0 2 1 0 1 0 1,6,3271,9,58887
3,9,0 2 2 0 2 1 0 1 2 1,6,3270,0,58860
3,9,0 2 2 0 2 1 0 2 0 1,6,3318,0,59724
3,9,0 2 2 0 2 1 1 1 2 1,6,3273,0,58914
3,9,0 2 2 0 2 1 2 1 2 1,6,3327,0,59886
3,9,0 2 2 0 2 2 0 1 0 1,6,3264,0,58752
3,9,0 2 2 0 2 2 0 1 2 1,6,3277,9,58995
3,9,0 2 2 0 2 2 0 2 0 1,6,3261,0,58698
3,9,0 2 2 0 2 2 1 1 2 1,6,3291,0,59238
3,9,0 2 2 0 2 2 2 1 2 1,6,3282,0,59076
3,9,0 2 2 1 0 0 0 1 0 1,6,3246,0,58428
3,9,0 2 2 1 0 0 0 1 2 1,6,3271,9,58887
3,9,0 2 2 1 0 0 0 2 0 1,6,3303,0,59454
3,9,0 2 2 1 0 0 1 1 2 1,6,3259,9,58671
3,9,0 2 2 1 0 0 2 0 0 1,6,3294,0,59292
3,9,0 2 2 1 0 0 2 1 2 1,6,3294,0,59292
3,9,0 2 2 1 0 1 0 0 0 1,6,3208,9,57753
3,9,0 2 2 1 0 1 0 1 0 1,6,3216,0,57888
3,9,0 2 2 1 0 1 0 1 2 1,6,3213,0,57834
3,9,0 2 2 1 0 1 0 2 0 1,6,3268,9,58833
3,9,0 2 2 1 0 1 1 1 2 1,6,3292,9,59265
3,9,0 2 2 1 0 1 2 0 0 1,6,3334,9,60021
3,9,0 2 2 1 0 1 2 1 2 1,6,3208,9,57753
3,9,0 2 2 1 0 2 0 0 0 1,6,3264,0,58752
3,9,0 2 2 1 0 2 0 1 0 1,6,3306,0,59508
3,9,0 2 2 1 0 2 0 1 2 1,6,3282,0,59076
3,9,0 2 2 1 0 2 0 2 0 1,6,3241,9,58347
3,9,0 2 2 1 0 2 1 1 2 1,6,3270,0,58860
3,9,0 2 2 1 0 2 2 0 0 1,6,3330,0,59940
3,9,0 2 2 1 0 2 2 1 2 1,6,3258,0,58644
3,9,0 2 2 1 1 0 0 1 2 1,6,3294,0,59292
3,9,0 2 2 1 1 0 1 1 2 1,6,3291,0,59238
3,9,0 2 2 1 1 0 2 0 0 1,6,3282,0,59076
3,9,0 2 2 1 1 0 2 1 2 1,6,3273,0,58914
3,9,0 2 2 1 1 1 0 1 2 1,6,3279,0,59022
3,9,0 2 2 1 1 1 1 1 2 1,6,3198,0,57564
3,9,0 2 2 1 1 1 2 1 2 1,6,3294,0,59292
3,9,0 2 2 1 1 2 0 1 2 1,6,3319,9,59751
3,9,0 2 2 1 1 2 1 1 2 1,6,3309,0,59562
3,9,0 2 2 1 1 2 2 1 2 1,6,3240,0,58320
3,9,0 2 2 1 2 0 0 1 0 1,6,3309,0,59562
3,9,0 2 2 1 2 0 0 1 2 1,6,3288,0,59184
3,9,0 2 2 1 2 0 0 2 0 1,6,3207,0,57726
3,9,0 2 2 1 2 0 1 1 2 1,6,3321,0,59778
3,9,0 2 2 1 2 0 2 0 0 1,2,3252,0,58536
3,9,0 2 2 1 2 0 2 1 2 1,6,3226,9,58077
3,9,0 2 2 1 2 1 0 1 0 1,6,3349,9,60291
3,9,0 2 2 1 2 1 0 1 2 1,6,3270,0,58860
3,9,0 2 2 1 2 1 0 2 0 1,6,3240,0,58320
3,9,0 2 2 1 2 1 1 1 2 1,6,3252,0,58536
3,9,0 2 2 1 2 1 2 1 2 1,6,3268,9,58833
3,9,0 2 2 1 2 2 0 1 0 1,6,3271,9,58887
3,9,0 2 2 1 2 2 0 1 2 1,6,3306,0,59508
3,9,0 2 2 1 2 2 0 2 0 1,6,3258,0,58644
3,9,0 2 2 1 2 2 1 1 2 1,6,3273,0,58914
3,9,0 2 2 1 2 2 2 1 2 1,6,3268,9,58833
3,9,0 2 2 2 0 0 0 1 0 1,6,3264,0,58752
3,9,0 2 2 2 0 0 0 1 2 1,6,3282,0,59076
3,9,0 2 2 2 0 0 0 2 0 1,6,3262,9,58725
3,9,0 2 2 2 0 0 1 1 2 1,6,3303,0,59454
3,9,0 2 2 2 0 0 2 1 2 1,6,3295,9,59319
3,9,0 2 2 2 0 1 0 0 0 1,6,3229,9,58131
3,9,0 2 2 2 0 1 0 1 0 1,6,3286,9,59157
3,9,0 2 2 2 0 1 0 1 2 1,6,3277,9,58995
3,9,0 2 2 2 0 1 0 2 0 1,6,3288,0,59184
3,9,0 2 2 2 0 1 1 1 2 1,6,3240,0,58320
3,9,0 2 2 2 0 1 2 0 0 1,6,3228,0,58104
3,9,0 2 2 2 0 1 2 1 2 1,6,3306,0,59508
3,9,0 2 2 2 0 2 0 0 0 1,6,3196,9,57537
3,9,0 2 2 2 0 2 0 1 0 1,6,3348,0,60264
3,9,0 2 2 2 0 2 0 1 2 1,6,3301,9,59427
3,9,0 2 2 2 0 2 0 2 0 1,6,3243,0,58374
3,9,0 2 2 2 0 2 1 1 2 1,6,3211,9,57807
3,9,0 2 2 2 0 2 2 0 0 1,6,3252,0,58536
3,9,0 2 2 2 0 2 2 1 2 1,6,3303,0,59454
3,9,0 2 2 2 1 0 0 1 2 1,6,3237,0,58266
3,9,0 2 2 2 1 0 1 1 2 1,6,3200,18,57618
3,9,0 2 2 2 1 0 2 1 2 1,6,3270,0,58860
3,9,0 2 2 2 1 1 0 1 2 1,6,3259,9,58671
3,9,0 2 2 2 1 1 1 1 2 1,6,3297,0,59346
3,9,0 2 2 2 1 1 2 1 2 1,6,3306,0,59508
3,9,0 2 2 2 1 2 0 1 2 1,6,3289,9,59211
3,9,0 2 2 2 1 2 1 1 2 1,6,3288,0,59184
3,9,0 2 2 2 1 2 2 1 2 1,6,3256,9,58617
3,9,0 2 2 2 2 0 0 1 0 1,6,3300,0,59400
3,9,0 2 2 2 2 0 0 1 2 1,6,3312,0,59616
3,9,0 2 2 2 2 0 0 2 0 1,6,3337,9,60075
3,9,0 2 2 2 2 0 1 1 2 1,6,3276,0,58968
3,9,0 2 2 2 2 0 2 0 0 1,2,3213,0,57834
3,9,0 2 2 2 2 0 2 1 2 1,6,3295,9,59319
3,9,0 2 2 2 2 1 0 1 0 1,6,3255,0,58590
3,9,0 2 2 2 2 1 0 1 2 1,6,3312,0,59616
3,9,0 2 2 2 2 1 0 2 0 1,6,3240,0,58320
3,9,0 2 2 2 2 1 1 1 2 1,6,3217,9,57915
3,9,0 2 2 2 2 1 2 1 2 1,6,3274,9,58941
3,9,0 2 2 2 2 2 0 1 0 1,6,3277,9,58995
3,9,0 2 2 2 2 2 0 1 2 1,6,3270,0,58860
3,9,0 2 2 2 2 2 0 2 0 1,6,3301,9,59427
3,9,0 2 2 2 2 2 1 1 2 1,6,3223,9,58023
3,9,0 2 2 2 2 2 2 1 2 1,6,3336,0,60048
3,10,0 0 0 0 0 0 0 0 0 0 1,3,8938,1,178761
3,10,0 0 0 0 0 0 0 0 1 0 1,3,8873,0,177460
3,10,0 0 0 0 0 0 0 0 2 0 1,3,8757,10,175150
3,10,0 0 0 0 0 0 0 2 0 0 1,6,8905,0,178100
3,10,0 0 0 0 0 0 0 2 1 0 1,6,8862,10,177250
3,10,0 0 0 0 0 0 0 2 2 0 1,6,8855,0,177100
3,10,0 0 0 0 0 0 1 0 0 0 1,3,9076,0,181520
3,10,0 0 0 0 0 0 1 0 1 0 1,3,8887,0,177740
3,10,0 0 0 0 0 0 1 0 2 0 1,3,8999,0,179980
3,10,0 0 0 0 0 0 1 2 0 0 1,6,8808,0,176160
3,10,0 0 0 0 0 0 1 2 1 0 1,6,8842,0,176840
3,10,0 0 0 0 0 0 1 2 2 0 1,6,8791,10,175830
3,10,0 0 0 0 0 0 2 0 0 0 1,3,8980,0,179600
3,10,0 0 0 0 0 0 2 0 1 0 1,3,8892,10,177850
3,10,0 0 0 0 0 0 2 0 2 0 1,3,9076,0,181520
3,10,0 0 0 0 0 0 2 2 0 0 1,6,8837,0,176740
3,10,0 0 0 0 0 0 2 2 1 0 1,6,8811,10,176230
3,10,0 0 0 0 0 0 2 2 2 0 1,6,8782,0,175640
3,10,0 0 0 0 0 1 0 2 0 0 1,6,8933,0,178660
3,10,0 0 0 0 0 1 0 2 1 0 1,6,8898,0,177960
3,10,0 0 0 0 0 1 0 2 2 0 1,6,8868,0,177360
3,10,0 0 0 0 0 1 1 2 0 0 1,6,8850,0,177000
3,10,0 0 0 0 0 1 1 2 1 0 1,6,8807,20,176160
3,10,0 0 0 0 0 1 1 2 2 0 1,6,8836,10,176730
3,10,0 0 0 0 0 1 2 2 0 0 1,6,8854,10,177090
3,10,0 0 0 0 0 1 2 2 1 0 1,6,8844,10,176890
3,10,0 0 0 0 0 1 2 2 2 0 1,6,8841,0,176820
3,10,0 0 0 0 0 2 0 0 0 0 1,6,8911,0,178220
3,10,0 0 0 0 0 2 0 0 1 0 1,6,8901,0,178020
3,10,0 0 0 0 0 2 0 0 2 0 1,6,8856,0,177120
3,10,0 0 0 0 0 2 0 2 0 0 1,6,8934,0,178680
3,10,0 0 0 0 0 2 0 2 1 0 1,6,8940,0,178800
3,10,0 0 0 0 0 2 0 2 2 0 1,6,8869,0,177380
3,10,0 0 0 0 0 2 1 0 0 0 1,6,8934,10,178690
3,10,0 0 0 0 0 2 1 0 1 0 1,6,8872,0,177440
3,10,0 0 0 0 0 2 1 0 2 0 1,6,8919,10,178390
3,10,0 0 0 0 0 2 1 2 0 0 1,6,8829,0,176580
3,10,0 0 0 0 0 2 1 2 1 0 1,6,8947,0,178940
3,10,0 0 0 0 0 2 1 2 2 0 1,6,8802,0,176040
3,10,0 0 0 0 0 2 2 0 0 0 1,6,8878,0,177560
3,10,0 0 0 0 0 2 2 0 1 0 1,6,8993,10,179870
3,10,0 0 0 0 0 2 2 0 2 0 1,6,8831,0,176620
3,10,0 0 0 0 0 2 2 2 0 0 1,6,8872,0,177440
3,10,0 0 0 0 0 2 2 2 1 0 1,6,8806,0,176120
3,10,0 0 0 0 0 2 2 2 2 0 1,6,8826,0,176520
3,10,0 0 0 0 1 0 0 0 0 0 1,3,8739,0,174780
3,10,0 0 0 0 1 0 0 0 1 0 1,3,9003,10,180070
3,10,0 0 0 0 1 0 0 0 2 0 1,3,8798,0,175960
3,10,0 0 0 0 1 0 0 2 0 0 1,6,8806,10,176130
3,10,0 0 0 0 1 0 0 2 1 0 1,6,8995,0,179900
3,10,0 0 0 0 1 0 0 2 2 0 1,6,8893,10,177870
3,10,0 0 0 0 1 0 1 0 0 0 1,3,8793,0,175860
3,10,0 0 0 0 1 0 1 0 1 0 1,3,8876,0,177520
3,10,0 0 0 0 1 0 1 0 2 0 1,3,8860,0,177200
3,10,0 0 0 0 1 0 1 2 0 0 1,6,8829,0,176580
3,10,0 0 0 0 1 0 1 2 1 0 1,6,8957,10,179150
3,10,0 0 0 0 1 0 1 2 2 0 1,6,8837,10,176750
3,10,0 0 0 0 1 0 2 0 0 0 1,3,8842,10,176850
3,10,0 0 0 0 1 0 2 0 1 0 1,3,8765,0,175300
3,10,0 0 0 0 1 0 2 0 2 0 1,3,8952,10,179050
3,10,0 0 0 0 1 0 2 2 0 0 1,6,8908,0,178160
3,10,0 0 0 0 1 0 2 2 1 0 1,6,8742,10,174850
3,10,0 0 0 0 1 0 2 2 2 0 1,6,8868,0,177360
3,10,0 0 0 0 1 1 0 2 0 0 1,6,8894,10,177890
3,10,0 0 0 0 1 1 0 2 1 0 1,6,8880,10,177610
3,10,0 0 0 0 1 1 0 2 2 0 1,6,8870,0,177400
3,10,0 0 0 0 1 1 1 2 0 0 1,6,8914,10,178290
3,10,0 0 0 0 1 1 1 2 1 0 1,6,8878,0,177560
3,10,0 0 0 0 1 1 1 2 2 0 1,6,8843,0,176860
3,10,0 0 0 0 1 1 2 2 0 0 1,6,8886,0,177720
3,10,0 0 0 0 1 1 2 2 1 0 1,6,8997,0,179940
3,10,0 0 0 0 1 1 2 2 2 0 1,6,8899,10,177990
3,10,0 0 0 0 1 2 0 0 0 0 1,6,8861,10,177230
3,10,0 0 0 0 1 2 0 0 1 0 1,6,8911,0,178220
3,10,0 0 0 0 1 2 0 0 2 0 1,6,8840,0,176800
3,10,0 0 0 0 1 2 0 2 0 0 1,6,8834,0,176680
3,10,0 0 0 0 1 2 0 2 1 0 1,6,8828,0,176560
3,10,0 0 0 0 1 2 0 2 2 0 1,6,8799,0,175980
3,10,0 0 0 0 1 2 1 0 0 0 1,6,8812,0,176240
3,10,0 0 0 0 1 2 1 0 1 0 1,6,8931,0,178620
3,10,0 0 0 0 1 2 1 0 2 0 1,6,8975,0,179500
3,10,0 0 0 0 1 2 1 2 0 0 1,6,8915,0,178300
3,10,0 0 0 0 1 2 1 2 1 0 1,6,8909,0,178180
3,10,0 0 0 0 1 2 1 2 2 0 1,6,8772,0,175440
3,10,0 0 0 0 1 2 2 0 0 0 1,6,8820,0,176400
3,10,0 0 0 0 1 2 2 0 1 0 1,6,8813,0,176260
3,10,0 0 0 0 1 2 2 0 2 0 1,6,8828,0,176560
3,10,0 0 0 0 1 2 2 2 0 0 1,6,8929,0,178580
3,10,0 0 0 0 1 2 2 2 1 0 1,6,8898,0,177960
3,10,0 0 0 0 1 2 2 2 2 0 1,6,8832,0,176640
3,10,0 0 0 0 2 0 0 0 0 0 1,3,8957,0,179140
3,10,0 0 0 0 2 0 0 0 1 0 1,3,8818,0,176360
3,10,0 0 0 0 2 0 0 0 2 0 1,3,8831,0,176620
3,10,0 0 0 0 2 0 0 2 0 0 1,6,8940,0,178800
3,10,0 0 0 0 2 0 0 2 1 0 1,6,8966,0,179320
3,10,0 0 0 0 2 0 0 2 2 0 1,6,8819,0,176380
3,10,0 0 0 0 2 0 1 0 0 0 1,3,8947,10,178950
3,10,0 0 0 0 2 0 1 0 1 0 1,3,8722,0,174440
3,10,0 0 0 0 2 0 1 0 2 0 1,3,8916,0,178320
3,10,0 0 0 0 2 0 1 2 0 0 1,6,8855,10,177110
3,10,0 0 0 0 2 0 1 2 1 0 1,6,8743,0,174860
3,10,0 0 0 0 2 0 1 2 2 0 1,6,8859,0,177180
3,10,0 0 0 0 2 0 2 0 0 0 1,3,8896,0,177920
3,10,0 0 0 0 2 0 2 0 1 0 1,3,8844,10,176890
3,10,0 0 0 0 2 0 2 0 2 0 1,3,8987,10,179750
3,10,0 0 0 0 2 0 2 2 0 0 1,6,8831,0,176620
3,10,0 0 0 0 2 0 2 2 1 0 1,6,8841,0,176820
3,10,0 0 0 0 2 0 2 2 2 0 1,6,8795,0,175900
3,10,0 0 0 0 2 1 0 2 0 0 1,6,8850,10,177010
3,10,0 0 0 0 2 1 0 2 1 0 1,6,8834,0,176680
3,10,0 0 0 0 2 1 0 2 2 0 1,6,8969,0,179380
3,10,0 0 0 0 2 1 1 2 0 0 1,6,8957,0,179140
3,10,0 0 0 0 2 1 1 2 1 0 1,6,8829,10,176590
3,10,0 0 0 0 2 1 1 2 2 0 1,6,8869,0,177380
3,10,0 0 0 0 2 1 2 2 0 0 1,6,8867,0,177340
3,10,0 0 0 0 2 1 2 2 1 0 1,6,8841,10,176830
3,10,0 0 0 0 2 1 2 2 2 0 1,6,8931,10,178630
3,10,0 0 0 0 2 2 0 0 0 0 1,6,9071,0,181420
3,10,0 0 0 0 2 2 0 0 1 0 1,6,8888,0,177760
3,10,0 0 0 0 2 2 0 0 2 0 1,6,8858,10,177170
3,10,0 0 0 0 2 2 0 2 0 0 1,6,8864,0,177280
3,10,0 0 0 0 2 2 0 2 1 0 1,6,8825,10,176510
3,10,0 0 0 0 2 2 0 2 2 0 1,6,8787,10,175750
3,10,0 0 0 0 2 2 1 0 0 0 1,6,8891,0,177820
3,10,0 0 0 0 2 2 1 0 1 0 1,6,8903,10,178070
3,10,0 0 0 0 2 2 1 0 2 0 1,6,8809,0,176180
3,10,0 0 0 0 2 2 1 2 0 0 1,6,8727,10,174550
3,10,0 0 0 0 2 2 1 2 1 0 1,6,8951,0,179020
3,10,0 0 0 0 2 2 1 2 2 0 1,6,8789,0,175780
3,10,0 0 0 0 2 2 2 0 0 0 1,6,8836,0,176720
3,10,0 0 0 0 2 2 2 0 1 0 1,6,8878,0,177560
3,10,0 0 0 0 2 2 2 0 2 0 1,6,8931,0,178620
3,10,0 0 0 0 2 2 2 2 0 0 1,6,8854,0,177080
3,10,0 0 0 0 2 2 2 2 1 0 1,6,8871,0,177420
3,10,0 0 0 0 2 2 2 2 2 0 1,6,8876,0,177520
3,10,0 0 0 1 0 0 0 2 0 0 1,6,8948,0,178960
3,10,0 0 0 1 0 0 0 2 1 0 1,6,8897,10,177950
3,10,0 0 0 1 0 0 0 2 2 0 1,6,8712,0,174240
3,10,0 0 0 1 0 0 1 2 0 0 1,6,8801,0,176020
3,10,0 0 0 1 0 0 1 2 1 0 1,6,8834,10,176690
3,10,0 0 0 1 0 0 1 2 2 0 1,6,8939,10,178790
3,10,0 0 0 1 0 0 2 2 0 0 1,6,8957,10,179150
3,10,0 0 0 1 0 0 2 2 1 0 1,6,8782,0,175640
3,10,0 0 0 1 0 0 2 2 2 0 1,6,8891,10,177830
3,10,0 0 0 1 0 1 0 2 0 0 1,6,8811,10,176230
3,10,0 0 0 1 0 1 0 2 1 0 1,6,8901,0,178020
3,10,0 0 0 1 0 1 0 2 2 0 1,6,8883,0,177660
3,10,0 0 0 1 0 1 1 2 0 0 1,6,9029,0,180580
3,10,0 0 0 1 0 1 1 2 1 0 1,6,8895,0,177900
3,10,0 0 0 1 0 1 1 2 2 0 1,6,8837,0,176740
3,10,0 0 0 1 0 1 2 2 0 0 1,6,8796,0,175920
3,10,0 0 0 1 0 1 2 2 1 0 1,6,8799,0,175980
3,10,0 0 0 1 0 1 2 2 2 0 1,6,8781,10,175630
3,10,0 0 0 1 0 2 0 0 0 0 1,6,8892,0,177840
3,10,0 0 0 1 0 2 0 0 1 0 1,6,8954,0,179080
3,10,0 0 0 1 0 2 0 0 2 0 1,6,8774,20,175500
3,10,0 0 0 1 0 2 0 2 0 0 1,6,8779,10,175590
3,10,0 0 0 1 0 2 0 2 1 0 1,6,8808,10,176170
3,10,0 0 0 1 0 2 0 2 2 0 1,6,8844,0,176880
3,10,0 0 0 1 0 2 1 0 0 0 1,6,8770,0,175400
3,10,0 0 0 1 0 2 1 0 1 0 1,6,8884,10,177690
3,10,0 0 0 1 0 2 1 0 2 0 1,6,8760,10,175210
3,10,0 0 0 1 0 2 1 2 0 0 1,6,8869,0,177380
3,10,0 0 0 1 0 2 1 2 1 0 1,6,8886,0,177720
3,10,0 0 0 1 0 2 1 2 2 0 1,6,8940,10,178810
3,10,0 0 0 1 0 2 2 0 0 0 1,6,8790,20,175820
3,10,0 0 0 1 0 2 2 0 1 0 1,6,8891,10,177830
3,10,0 0 0 1 0 2 2 0 2 0 1,6,8907,10,178150
3,10,0 0 0 1 0 2 2 2 0 0 1,6,8808,0,176160
3,10,0 0 0 1 0 2 2 2 1 0 1,6,8879,0,177580
3,10,0 0 0 1 0 2 2 2 2 0 1,6,8923,0,178460
3,10,0 0 0 1 1 0 0 2 0 0 1,6,8824,0,176480
3,10,0 0 0 1 1 0 0 2 1 0 1,6,8881,0,177620
3,10,0 0 0 1 1 0 0 2 2 0 1,6,8850,0,177000
3,10,0 0 0 1 1 0 1 2 0 0 1,6,8804,0,176080
3,10,0 0 0 1 1 0 1 2 1 0 1,6,8909,0,178180
3,10,0 0 0 1 1 0 1 2 2 0 1,6,8766,0,175320
3,10,0 0 0 1 1 0 2 2 0 0 1,6,8914,10,178290
3,10,0 0 0 1 1 0 2 2 1 0 1,6,8940,0,178800
3,10,0 0 0 1 1 0 2 2 2 0 1,6,8899,10,177990
3,10,0 0 0 1 1 1 0 2 0 0 1,6,8928,0,178560
3,10,0 0 0 1 1 1 0 2 1 0 1,6,8825,0,176500
3,10,0 0 0 1 1 1 0 2 2 0 1,6,8862,0,177240
3,10,0 0 0 1 1 1 1 2 0 0 1,6,8856,0,177120
3,10,0 0 0 1 1 1 1 2 1 0 1,6,8849,0,176980
3,10,0 0 0 1 1 1 1 2 2 0 1,6,8956,0,179120
3,10,0 0 0 1 1 1 2 2 0 0 1,6,8795,10,175910
3,10,0 0 0 1 1 1 2 2 1 0 1,6,8925,0,178500
3,10,0 0 0 1 1 1 2 2 2 0 1,6,8887,0,177740
3,10,0 0 0 1 1 2 0 0 0 0 1,6,8895,10,177910
3,10,0 0 0 1 1 2 0 0 1 0 1,6,8862,0,177240
3,10,0 0 0 1 1 2 0 0 2 0 1,6,8818,10,176370
3,10,0 0 0 1 1 2 0 2 0 0 1,6,8824,0,176480
3,10,0 0 0 1 1 2 0 2 1 0 1,6,8871,0,177420
3,10,0 0 0 1 1 2 0 2 2 0 1,6,8779,0,175580
3,10,0 0 0 1 1 2 1 0 0 0 1,6,8852,0,177040
3,10,0 0 0 1 1 2 1 0 1 0 1,6,8797,0,175940
3,10,0 0 0 1 1 2 1 0 2 0 1,6,8847,10,176950
3,10,0 0 0 1 1 2 1 2 0 0 1,6,8853,0,177060
3,10,0 0 0 1 1 2 1 2 1 0 1,6,8795,10,175910
3,10,0 0 0 1 1 2 1 2 2 0 1,6,8826,10,176530
3,10,0 0 0 1 1 2 2 0 0 0 1,6,8832,0,176640
3,10,0 0 0 1 1 2 2 0 1 0 1,6,8893,0,177860
3,10,0 0 0 1 1 2 2 0 2 0 1,6,8809,0,176180
3,10,0 0 0 1 1 2 2 2 0 0 1,6,8819,10,176390
3,10,0 0 0 1 1 2 2 2 1 0 1,6,8860,0,177200
3,10,0 0 0 1 1 2 2 2 2 0 1,6,8885,0,177700
3,10,0 0 0 1 2 0 0 2 0 0 1,6,8835,10,176710
3,10,0 0 0 1 2 0 0 2 1 0 1,6,8874,0,177480
3,10,0 0 0 1 2 0 0 2 2 0 1,6,8858,0,177160
3,10,0 0 0 1 2 0 1 2 0 0 1,6,8851,10,177030
3,10,0 0 0 1 2 0 1 2 1 0 1,6,8895,0,177900
3,10,0 0 0 1 2 0 1 2 2 0 1,6,8914,0,178280
3,10,0 0 0 1 2 0 2 2 0 0 1,6,8964,0,179280
3,10,0 0 0 1 2 0 2 2 1 0 1,6,8892,0,177840
3,10,0 0 0 1 2 0 2 2 2 0 1,6,8846,0,176920
3,10,0 0 0 1 2 1 0 2 0 0 1,6,8831,0,176620
3,10,0 0 0 1 2 1 0 2 1 0 1,6,8827,0,176540
3,10,0 0 0 1 2 1 0 2 2 0 1,6,8885,10,177710
3,10,0 0 0 1 2 1 1 2 0 0 1,6,8874,10,177490
3,10,0 0 0 1 2 1 1 2 1 0 1,6,8829,0,176580
3,10,0 0 0 1 2 1 1 2 2 0 1,6,8842,0,176840
3,10,0 0 0 1 2 1 2 2 0 0 1,6,8695,10,173910
3,10,0 0 0 1 2 1 2 2 1 0 1,6,8822,0,176440
3,10,0 0 0 1 2 1 2 2 2 0 1,6,8807,0,176140
3,10,0 0 0 1 2 2 0 0 0 0 1,6,8825,0,176500
3,10,0 0 0 1 2 2 0 0 1 0 1,6,8935,0,178700
3,10,0 0 0 1 2 2 0 0 2 0 1,6,8816,0,176320
3,10,0 0 0 1 2 2 0 2 0 0 1,6,8817,0,176340
3,10,0 0 0 1 2 2 0 2 1 0 1,6,8843,0,176860
3,10,0 0 0 1 2 2 0 2 2 0 1,6,8921,0,178420
3,10,0 0 0 1 2 2 1 0 0 0 1,6,8862,0,177240
3,10,0 0 0 1 2 2 1 0 1 0 1,6,8956,0,179120
3,10,0 0 0 1 2 2 1 0 2 0 1,6,8803,0,176060
3,10,0 0 0 1 2 2 1 2 0 0 1,6,8842,10,176850
3,10,0 0 0 1 2 2 1 2 1 0 1,6,8880,0,177600
3,10,0 0 0 1 2 2 1 2 2 0 1,6,8893,0,177860
3,10,0 0 0 1 2 2 2 0 0 0 1,6,8836,10,176730
3,10,0 0 0 1 2 2 2 0 1 0 1,6,8819,0,176380
3,10,0 0 0 1 2 2 2 0 2 0 1,6,8894,0,177880
3,10,0 0 0 1 2 2 2 2 0 0 1,6,8772,10,175450
3,10,0 0 0 1 2 2 2 2 1 0 1,6,8885,0,177700
3,10,0 0 0 1 2 2 2 2 2 0 1,6,8822,10,176450
3,10,0 0 0 2 0 0 0 0 0 0 1,6,8829,0,176580
3,10,0 0 0 2 0 0 0 0 1 0 1,6,8824,0,176480
3,10,0 0 0 2 0 0 0 0 2 0 1,6,8877,0,177540
3,10,0 0 0 2 0 0 0 2 0 0 1,6,8767,10,175350
3,10,0 0 0 2 0 0 0 2 1 0 1,6,8851,10,177030
3,10,0 0 0 2 0 0 0 2 2 0 1,6,8850,0,177000
3,10,0 0 0 2 0 0 1 0 0 0 1,6,8839,10,176790
3,10,0 0 0 2 0 0 1 0 1 0 1,6,8804,0,176080
3,10,0 0 0 2 0 0 1 0 2 0 1,6,8944,0,178880
3,10,0 0 0 2 0 0 1 2 0 0 1,6,8834,10,176690
3,10,0 0 0 2 0 0 1 2 1 0 1,6,8870,0,177400
3,10,0 0 0 2 0 0 1 2 2 0 1,6,8874,0,177480
3,10,0 0 0 2 0 0 2 0 0 0 1,6,8736,0,174720
3,10,0 0 0 2 0 0 2 0 1 0 1,6,8806,10,176130
3,10,0 0 0 2 0 0 2 0 2 0 1,6,8794,10,175890
3,10,0 0 0 2 0 0 2 2 0 0 1,6,8877,0,177540
3,10,0 0 0 2 0 0 2 2 1 0 1,6,8959,10,179190
3,10,0 0 0 2 0 0 2 2 2 0 1,6,8951,0,179020
3,10,0 0 0 2 0 1 0 2 0 0 1,6,8824,0,176480
3,10,0 0 0 2 0 1 0 2 1 0 1,6,8960,0,179200
3,10,0 0 0 2 0 1 0 2 2 0 1,6,8869,0,177380
3,10,0 0 0 2 0 1 1 2 0 0 1,6,8826,0,176520
3,10,0 0 0 2 0 1 1 2 1 0 1,6,8771,0,175420
3,10,0 0 0 2 0 1 1 2 2 0 1,6,8884,0,177680
3,10,0 0 0 2 0 1 2 2 0 0 1,6,8889,0,177780
3,10,0 0 0 2 0 1 2 2 1 0 1,6,8911,0,178220
3,10,0 0 0 2 0 1 2 2 2 0 1,6,8852,0,177040
3,10,0 0 0 2 0 2 0 0 0 0 1,6,8797,0,175940
3,10,0 0 0 2 0 2 0 0 1 0 1,6,8878,0,177560
3,10,0 0 0 2 0 2 0 0 2 0 1,6,8895,0,177900
3,10,0 0 0 2 0 2 0 2 0 0 1,6,8778,10,175570
3,10,0 0 0 2 0 2 0 2 1 0 1,6,8838,10,176770
3,10,0 0 0 2 0 2 0 2 2 0 1,6,8876,10,177530
3,10,0 0 0 2 0 2 1 0 0 0 1,6,8922,0,178440
3,10,0 0 0 2 0 2 1 0 1 0 1,6,8926,0,178520
3,10,0 0 0 2 0 2 1 0 2 0 1,6,8847,10,176950
3,10,0 0 0 2 0 2 1 2 0 0 1,6,8952,10,179050
3,10,0 0 0 2 0 2 1 2 1 0 1,6,8852,10,177050
3,10,0 0 0 2 0 2 1 2 2 0 1,6,8851,0,177020
3,10,0 0 0 2 0 2 2 0 0 0 1,6,8821,0,176420
3,10,0 0 0 2 0 2 2 0 1 0 1,6,8808,0,176160
3,10,0 0 0 2 0 2 2 0 2 0 1,6,8814,0,176280
3,10,0 0 0 2 0 2 2 2 0 0 1,6,8936,0,178720
3,10,0 0 0 2 0 2 2 2 1 0 1,6,8931,0,178620
3,10,0 0 0 2 0 2 2 2 2 0 1,6,8828,0,176560
3,10,0 0 0 2 1 0 0 0 0 0 1,6,8939,0,178780
3,10,0 0 0 2 1 0 0 0 1 0 1,6,8927,0,178540
3,10,0 0 0 2 1 0 0 0 2 0 1,6,8883,0,177660
3,10,0 0 0 2 1 0 0 2 0 0 1,6,8837,10,176750
3,10,0 0 0 2 1 0 0 2 1 0 1,6,8863,0,177260
3,10,0 0 0 2 1 0 0 2 2 0 1,6,8849,0,176980
3,10,0 0 0 2 1 0 1 0 0 0 1,6,8828,0,176560
3,10,0 0 0 2 1 0 1 0 1 0 1,6,8937,10,178750
3,10,0 0 0 2 1 0 1 0 2 0 1,6,8918,0,178360
3,10,0 0 0 2 1 0 1 2 0 0 1,6,8909,0,178180
3,10,0 0 0 2 1 0 1 2 1 0 1,6,8778,0,175560
3,10,0 0 0 2 1 0 1 2 2 0 1,6,8944,10,178890
3,10,0 0 0 2 1 0 2 0 0 0 1,6,8798,0,175960
3,10,0 0 0 2 1 0 2 0 1 0 1,6,8813,10,176270
3,10,0 0 0 2 1 0 2 0 2 0 1,6,8883,0,177660
3,10,0 0 0 2 1 0 2 2 0 0 1,6,8811,0,176220
3,10,0 0 0 2 1 0 2 2 1 0 1,6,8812,0,176240
3,10,0 0 0 2 1 0 2 2 2 0 1,6,8917,0,178340
3,10,0 0 0 2 1 1 0 2 0 0 1,6,8902,0,178040
3,10,0 0 0 2 1 1 0 2 1 0 1,6,8810,0,176200
3,10,0 0 0 2 1 1 0 2 2 0 1,6,8901,10,178030
3,10,0 0 0 2 1 1 1 2 0 0 1,6,8839,0,176780
3,10,0 0 0 2 1 1 1 2 1 0 1,6,8885,0,177700
3,10,0 0 0 2 1 1 1 2 2 0 1,6,8893,0,177860
3,10,0 0 0 2 1 1 2 2 0 0 1,6,8899,0,177980
3,10,0 0 0 2 1 1 2 2 1 0 1,6,8759,0,175180
3,10,0 0 0 2 1 1 2 2 2 0 1,6,8859,0,177180
3,10,0 0 0 2 1 2 0 0 0 0 1,6,8861,0,177220
3,10,0 0 0 2 1 2 0 0 1 0 1,6,8879,0,177580
3,10,0 0 0 2 1 2 0 0 2 0 1,6,8827,0,176540
3,10,0 0 0 2 1 2 0 2 0 0 1,6,8937,0,178740
3,10,0 0 0 2 1 2 0 2 1 0 1,6,8880,10,177610
3,10,0 0 0 2 1 2 0 2 2 0 1,6,8948,0,178960
3,10,0 0 0 2 1 2 1 0 0 0 1,6,8917,0,178340
3,10,0 0 0 2 1 2 1 0 1 0 1,6,8845,10,176910
3,10,0 0 0 2 1 2 1 0 2 0 1,6,8904,0,178080
3,10,0 0 0 2 1 2 1 2 0 0 1,6,8894,10,177890
3,10,0 0 0 2 1 2 1 2 1 0 1,6,8935,0,178700
3,10,0 0 0 2 1 2 1 2 2 0 1,6,8793,10,175870
3,10,0 0 0 2 1 2 2 0 0 0 1,6,8944,0,178880
3,10,0 0 0 2 1 2 2 0 1 0 1,6,8871,0,177420
3,10,0 0 0 2 1 2 2 0 2 0 1,6,8829,0,176580
3,10,0 0 0 2 1 2 2 2 0 0 1,6,8879,10,177590
3,10,0 0 0 2 1 2 2 2 1 0 1,6,8907,0,178140
3,10,0 0 0 2 1 2 2 2 2 0 1,6,8830,20,176620
3,10,0 0 0 2 2 0 0 0 0 0 1,6,8812,0,176240
3,10,0 0 0 2 2 0 0 0 1 0 1,6,8833,0,176660
3,10,0 0 0 2 2 0 0 0 2 0 1,6,8806,0,176120
3,10,0 0 0 2 2 0 0 2 0 0 1,6,8911,0,178220
3,10,0 0 0 2 2 0 0 2 1 0 1,6,8775,10,175510
3,10,0 0 0 2 2 0 0 2 2 0 1,6,8820,10,176410
3,10,0 0 0 2 2 0 1 0 0 0 1,6,8833,10,176670
3,10,0 0 0 2 2 0 1 0 1 0 1,6,8953,10,179070
3,10,0 0 0 2 2 0 1 0 2 0 1,6,8807,0,176140
3,10,0 0 0 2 2 0 1 2 0 0 1,6,8769,0,175380
3,10,0 0 0 2 2 0 1 2 1 0 1,6,8894,0,177880
3,10,0 0 0 2 2 0 1 2 2 0 1,6,8758,0,175160
3,10,0 0 0 2 2 0 2 0 0 0 1,6,8923,0,178460
3,10,0 0 0 2 2 0 2 0 1 0 1,6,8832,0,176640
3,10,0 0 0 2 2 0 2 0 2 0 1,6,8902,0,178040
3,10,0 0 0 2 2 0 2 2 0 0 1,6,8903,0,178060
3,10,0 0 0 2 2 0 2 2 1 0 1,6,8897,0,177940
3,10,0 0 0 2 2 0 2 2 2 0 1,6,8799,10,175990
3,10,0 0 0 2 2 1 0 2 0 0 1,6,8949,0,178980
3,10,0 0 0 2 2 1 0 2 1 0 1,6,8785,10,175710
3,10,0 0 0 2 2 1 0 2 2 0 1,6,8925,10,178510
3,10,0 0 0 2 2 1 1 2 0 0 1,6,8839,0,176780
3,10,0 0 0 2 2 1 1 2 1 0 1,6,8810,0,176200
3,10,0 0 0 2 2 1 1 2 2 0 1,6,8895,0,177900
3,10,0 0 0 2 2 1 2 2 0 0 1,6,8749,0,174980
3,10,0 0 0 2 2 1 2 2 1 0 1,6,8838,0,176760
3,10,0 0 0 2 2 1 2 2 2 0 1,6,8858,0,177160
3,10,0 0 0 2 2 2 0 0 0 0 1,6,8798,0,175960
3,10,0 0 0 2 2 2 0 0 1 0 1,6,8865,0,177300
3,10,0 0 0 2 2 2 0 0 2 0 1,6,8795,10,175910
3,10,0 0 0 2 2 2 0 2 0 0 1,6,8907,10,178150
3,10,0 0 0 2 2 2 0 2 1 0 1,6,8927,0,178540
3,10,0 0 0 2 2 2 0 2 2 0 1,6,8876,0,177520
3,10,0 0 0 2 2 2 1 0 0 0 1,6,8927,10,178550
3,10,0 0 0 2 2 2 1 0 1 0 1,6,8954,10,179090
3,10,0 0 0 2 2 2 1 0 2 0 1,6,8856,0,177120
3,10,0 0 0 2 2 2 1 2 0 0 1,6,8822,10,176450
3,10,0 0 0 2 2 2 1 2 1 0 1,6,8803,0,176060
3,10,0 0 0 2 2 2 1 2 2 0 1,6,8801,0,176020
3,10,0 0 0 2 2 2 2 0 0 0 1,6,8906,0,178120
3,10,0 0 0 2 2 2 2 0 1 0 1,6,8750,0,175000
3,10,0 0 0 2 2 2 2 0 2 0 1,6,8986,0,179720
3,10,0 0 0 2 2 2 2 2 0 0 1,6,8841,0,176820
3,10,0 0 0 2 2 2 2 2 1 0 1,6,8915,0,178300
3,10,0 0 0 2 2 2 2 2 2 0 1,6,8844,0,176880
3,10,0 0 1 0 0 0 0 0 0 0 1,3,8926,0,178520
3,10,0 0 1 0 0 0 0 0 1 0 1,3,8862,0,177240
3,10,0 0 1 0 0 0 0 0 2 0 1,3,8732,10,174650
3,10,0 0 1 0 0 0 0 2 0 0 1,6,8885,0,177700
3,10,0 0 1 0 0 0 0 2 1 0 1,6,8883,0,177660
3,10,0 0 1 0 0 0 0 2 2 0 1,6,8807,10,176150
3,10,0 0 1 0 0 0 1 0 0 0 1,3,8820,10,176410
3,10,0 0 1 0 0 0 1 0 1 0 1,3,8985,10,179710
3,10,0 0 1 0 0 0 1 0 2 0 1,3,8753,0,175060
3,10,0 0 1 0 0 0 1 2 0 0 1,6,8965,0,179300
3,10,0 0 1 0 0 0 1 2 1 0 1,6,8841,10,176830
3,10,0 0 1 0 0 0 1 2 2 0 1,6,8871,10,177430
3,10,0 0 1 0 0 0 2 0 0 0 1,3,9106,0,182120
3,10,0 0 1 0 0 0 2 0 1 0 1,3,8998,0,179960
3,10,0 0 1 0 0 0 2 0 2 0 1,3,8980,0,179600
3,10,0 0 1 0 0 0 2 2 0 0 1,6,8933,0,178660
3,10,0 0 1 0 0 0 2 2 1 0 1,6,8843,0,176860
3,10,0 0 1 0 0 0 2 2 2 0 1,6,8866,0,177320
3,10,0 0 1 0 0 1 0 2 0 0 1,6,8934,10,178690
3,10,0 0 1 0 0 1 0 2 1 0 1,6,8804,10,176090
3,10,0 0 1 0 0 1 0 2 2 0 1,6,8852,0,177040
3,10,0 0 1 0 0 1 1 2 0 0 1,6,8919,0,178380
3,10,0 0 1 0 0 1 1 2 1 0 1,6,8876,0,177520
3,10,0 0 1 0 0 1 1 2 2 0 1,6,8946,10,178930
3,10,0 0 1 0 0 1 2 2 0 0 1,6,8880,0,177600
3,10,0 0 1 0 0 1 2 2 1 0 1,6,8808,0,176160
3,10,0 0 1 0 0 1 2 2 2 0 1,6,8855,0,177100
3,10,0 0 1 0 0 2 0 0 0 0 1,6,8865,0,177300
3,10,0 0 1 0 0 2 0 0 1 0 1,6,8787,0,175740
3,10,0 0 1 0 0 2 0 0 2 0 1,6,8795,0,175900
3,10,0 0 1 0 0 2 0 2 0 0 1,6,8945,0,178900
3,10,0 0 1 0 0 2 0 2 1 0 1,6,8893,0,177860
3,10,0 0 1 0 0 2 0 2 2 0 1,6,8916,0,178320
3,10,0 0 1 0 0 2 1 0 0 0 1,6,8832,0,176640
3,10,0 0 1 0 0 2 1 0 1 0 1,6,8825,10,176510
3,10,0 0 1 0 0 2 1 0 2 0 1,6,8959,0,179180
3,10,0 0 1 0 0 2 1 2 0 0 1,6,8789,0,175780
3,10,0 0 1 0 0 2 1 2 1 0 1,6,8843,0,176860
3,10,0 0 1 0 0 2 1 2 2 0 1,6,8889,0,177780
3,10,0 0 1 0 0 2 2 0 0 0 1,6,8881,0,177620
3,10,0 0 1 0 0 2 2 0 1 0 1,6,8886,10,177730
3,10,0 0 1 0 0 2 2 0 2 0 1,6,8793,0,175860
3,10,0 0 1 0 0 2 2 2 0 0 1,6,8909,0,178180
3,10,0 0 1 0 0 2 2 2 1 0 1,6,8904,0,178080
3,10,0 0 1 0 0 2 2 2 2 0 1,6,8857,0,177140
3,10,0 0 1 0 1 0 0 0 0 0 1,3,8978,0,179560
3,10,0 0 1 0 1 0 0 0 1 0 1,3,8773,10,175470
3,10,0 0 1 0 1 0 0 0 2 0 1,3,8823,0,176460
3,10,0 0 1 0 1 0 0 2 0 0 1,6,8975,0,179500
3,10,0 0 1 0 1 0 0 2 1 0 1,6,8960,0,179200
3,10,0 0 1 0 1 0 0 2 2 0 1,6,8847,0,176940
3,10,0 0 1 0 1 0 1 0 0 0 1,3,8720,0,174400
3,10,0 0 1 0 1 0 1 0 1 0 1,3,8829,0,176580
3,10,0 0 1 0 1 0 1 0 2 0 1,3,8898,10,177970
3,10,0 0 1 0 1 0 1 2 0 0 1,6,8781,0,175620
3,10,0 0 1 0 1 0 1 2 1 0 1,6,8761,0,175220
3,10,0 0 1 0 1 0 1 2 2 0 1,6,8756,0,175120
3,10,0 0 1 0 1 0 2 0 0 0 1,3,8818,0,176360
3,10,0 0 1 0 1 0 2 0 1 0 1,3,8886,10,177730
3,10,0 0 1 0 1 0 2 0 2 0 1,3,8823,0,176460
3,10,0 0 1 0 1 0 2 2 0 0 1,6,8848,10,176970
3,10,0 0 1 0 1 0 2 2 1 0 1,6,8887,0,177740
3,10,0 0 1 0 1 0 2 2 2 0 1,6,8800,0,176000
3,10,0 0 1 0 1 1 0 2 0 0 1,6,8773,10,175470
3,10,0 0 1 0 1 1 0 2 1 0 1,6,8815,10,176310
3,10,0 0 1 0 1 1 0 2 2 0 1,6,8857,0,177140
3,10,0 0 1 0 1 1 1 2 0 0 1,6,8904,0,178080
3,10,0 0 1 0 1 1 1 2 1 0 1,6,8834,0,176680
3,10,0 0 1 0 1 1 1 2 2 0 1,6,8840,0,176800
3,10,0 0 1 0 1 1 2 2 0 0 1,6,8889,0,177780
3,10,0 0 1 0 1 1 2 2 1 0 1,6,8793,0,175860
3,10,0 0 1 0 1 1 2 2 2 0 1,6,8911,10,178230
3,10,0 0 1 0 1 2 0 0 0 0 1,6,8732,0,174640
3,10,0 0 1 0 1 2 0 0 1 0 1,6,8811,0,176220
3,10,0 0 1 0 1 2 0 0 2 0 1,6,8784,0,175680
3,10,0 0 1 0 1 2 0 2 0 0 1,6,8754,0,175080
3,10,0 0 1 0 1 2 0 2 1 0 1,6,8863,10,177270
3,10,0 0 1 0 1 2 0 2 2 0 1,6,8913,0,178260
3,10,0 0 1 0 1 2 1 0 0 0 1,6,8870,0,177400
3,10,0 0 1 0 1 2 1 0 1 0 1,6,8878,0,177560
3,10,0 0 1 0 1 2 1 0 2 0 1,6,8886,0,177720
3,10,0 0 1 0 1 2 1 2 0 0 1,6,8963,0,179260
3,10,0 0 1 0 1 2 1 2 1 0 1,6,8815,0,176300
3,10,0 0 1 0 1 2 1 2 2 0 1,6,8845,0,176900
3,10,0 0 1 0 1 2 2 0 0 0 1,6,8830,10,176610
3,10,0 0 1 0 1 2 2 0 1 0 1,6,8929,0,178580
3,10,0 0 1 0 1 2 2 0 2 0 1,6,8891,10,177830
3,10,0 0 1 0 1 2 2 2 0 0 1,6,8956,10,179130
3,10,0 0 1 0 1 2 2 2 1 0 1,6,8912,0,178240
3,10,0 0 1 0 1 2 2 2 2 0 1,6,8788,0,175760
3,10,0 0 1 0 2 0 0 0 0 0 1,3,8864,10,177290
3,10,0 0 1 0 2 0 0 0 1 0 1,3,8825,0,176500
3,10,0 0 1 0 2 0 0 0 2 0 1,3,8769,0,175380
3,10,0 0 1 0 2 0 0 2 0 0 1,6,8855,0,177100
3,10,0 0 1 0 2 0 0 2 1 0 1,6,8914,0,178280
3,10,0 0 1 0 2 0 0 2 2 0 1,6,8836,0,176720
3,10,0 0 1 0 2 0 1 0 0 0 1,3,8814,0,176280
3,10,0 0 1 0 2 0 1 0 1 0 1,3,8864,10,177290
3,10,0 0 1 0 2 0 1 0 2 0 1,3,8769,0,175380
3,10,0 0 1 0 2 0 1 2 0 0 1,6,8832,10,176650
3,10,0 0 1 0 2 0 1 2 1 0 1,6,8957,0,179140
3,10,0 0 1 0 2 0 1 2 2 0 1,6,8808,10,176170
3,10,0 0 1 0 2 0 2 0 0 0 1,3,8900,10,178010
3,10,0 0 1 0 2 0 2 0 1 0 1,3,8971,0,179420
3,10,0 0 1 0 2 0 2 0 2 0 1,3,8774,0,175480
3,10,0 0 1 0 2 0 2 2 0 0 1,6,8859,0,177180
3,10,0 0 1 0 2 0 2 2 1 0 1,6,8866,0,177320
3,10,0 0 1 0 2 0 2 2 2 0 1,6,8863,0,177260
3,10,0 0 1 0 2 1 0 2 0 0 1,6,8911,10,178230
3,10,0 0 1 0 2 1 0 2 1 0 1,6,8891,10,177830
3,10,0 0 1 0 2 1 0 2 2 0 1,6,8850,20,177020
3,10,0 0 1 0 2 1 1 2 0 0 1,6,8834,0,176680
3,10,0 0 1 0 2 1 1 2 1 0 1,6,8835,0,176700
3,10,0 0 1 0 2 1 1 2 2 0 1,6,8759,10,175190
3,10,0 0 1 0 2 1 2 2 0 0 1,6,8768,10,175370
3,10,0 0 1 0 2 1 2 2 1 0 1,6,8861,0,177220
3,10,0 0 1 0 2 1 2 2 2 0 1,6,8888,0,177760
3,10,0 0 1 0 2 2 0 0 0 0 1,6,8781,10,175630
3,10,0 0 1 0 2 2 0 0 1 0 1,6,8856,10,177130
3,10,0 0 1 0 2 2 0 0 2 0 1,6,8847,0,176940
3,10,0 0 1 0 2 2 0 2 0 0 1,6,8802,10,176050
3,10,0 0 1 0 2 2 0 2 1 0 1,6,8845,0,176900
3,10,0 0 1 0 2 2 0 2 2 0 1,6,8779,0,175580
3,10,0 0 1 0 2 2 1 0 0 0 1,6,8852,0,177040
3,10,0 0 1 0 2 2 1 0 1 0 1,6,8852,0,177040
3,10,0 0 1 0 2 2 1 0 2 0 1,6,8797,0,175940
3,10,0 0 1 0 2 2 1 2 0 0 1,6,8798,0,175960
3,10,0 0 1 0 2 2 1 2 1 0 1,6,8785,0,175700
3,10,0 0 1 0 2 2 1 2 2 0 1,6,8927,0,178540
3,10,0 0 1 0 2 2 2 0 0 0 1,6,8813,0,176260
3,10,0 0 1 0 2 2 2 0 1 0 1,6,8779,10,175590
3,10,0 0 1 0 2 2 2 0 2 0 1,6,8850,10,177010
3,10,0 0 1 0 2 2 2 2 0 0 1,6,8858,0,177160
3,10,0 0 1 0 2 2 2 2 1 0 1,6,8897,0,177940
3,10,0 0 1 0 2 2 2 2 2 0 1,6,8762,0,175240
3,10,0 0 1 1 0 0 0 2 0 0 1,6,8873,0,177460
3,10,0 0 1 1 0 0 0 2 1 0 1,6,8994,0,179880
3,10,0 0 1 1 0 0 0 2 2 0 1,6,8848,10,176970
3,10,0 0 1 1 0 0 1 2 0 0 1,6,8877,0,177540
3,10,0 0 1 1 0 0 1 2 1 0 1,6,8818,10,176370
3,10,0 0 1 1 0 0 1 2 2 0 1,6,8817,0,176340
3,10,0 0 1 1 0 0 2 2 0 0 1,6,8912,0,178240
3,10,0 0 1 1 0 0 2 2 1 0 1,6,8899,10,177990
3,10,0 0 1 1 0 0 2 2 2 0 1,6,8781,0,175620
3,10,0 0 1 1 0 1 0 2 0 0 1,6,8893,10,177870
3,10,0 0 1 1 0 1 0 2 1 0 1,6,8753,0,175060
3,10,0 0 1 1 0 1 0 2 2 0 1,6,8858,0,177160
3,10,0 0 1 1 0 1 1 2 0 0 1,6,8875,0,177500
3,10,0 0 1 1 0 1 1 2 1 0 1,6,8808,10,176170
3,10,0 0 1 1 0 1 1 2 2 0 1,6,8925,0,178500
3,10,0 0 1 1 0 1 2 2 0 0 1,6,8872,0,177440
3,10,0 0 1 1 0 1 2 2 1 0 1,6,8918,0,178360
3,10,0 0 1 1 0 1 2 2 2 0 1,6,8974,0,179480
3,10,0 0 1 1 0 2 0 0 0 0 1,6,8918,0,178360
3,10,0 0 1 1 0 2 0 0 1 0 1,6,8802,20,176060
3,10,0 0 1 1 0 2 0 0 2 0 1,6,8773,0,175460
3,10,0 0 1 1 0 2 0 2 0 0 1,6,8845,0,176900
3,10,0 0 1 1 0 2 0 2 1 0 1,6,8927,0,178540
3,10,0 0 1 1 0 2 0 2 2 0 1,6,8784,0,175680
3,10,0 0 1 1 0 2 1 0 0 0 1,6,8815,0,176300
3,10,0 0 1 1 0 2 1 0 1 0 1,6,8963,10,179270
3,10,0 0 1 1 0 2 1 0 2 0 1,6,8934,10,178690
3,10,0 0 1 1 0 2 1 2 0 0 1,6,8928,0,178560
3,10,0 0 1 1 0 2 1 2 1 0 1,6,8786,0,175720
3,10,0 0 1 1 0 2 1 2 2 0 1,6,8742,0,174840
3,10,0 0 1 1 0 2 2 0 0 0 1,6,8826,0,176520
3,10,0 0 1 1 0 2 2 0 1 0 1,6,8820,10,176410
3,10,0 0 1 1 0 2 2 0 2 0 1,6,8821,0,176420
3,10,0 0 1 1 0 2 2 2 0 0 1,6,8933,0,178660
3,10,0 0 1 1 0 2 2 2 1 0 1,6,8753,10,175070
3,10,0 0 1 1 0 2 2 2 2 0 1,6,8914,0,178280
3,10,0 0 1 1 1 0 0 2 0 0 1,6,8915,10,178310
3,10,0 0 1 1 1 0 0 2 1 0 1,6,8817,10,176350
3,10,0 0 1 1 1 0 0 2 2 0 1,6,8857,0,177140
3,10,0 0 1 1 1 0 1 2 0 0 1,6,8793,0,175860
3,10,0 0 1 1 1 0 1 2 1 0 1,6,8870,10,177410
3,10,0 0 1 1 1 0 1 2 2 0 1,6,8847,15,176955
3,10,0 0 1 1 1 0 2 2 0 0 1,6,8800,10,176010
3,10,0 0 1 1 1 0 2 2 1 0 1,6,8903,10,178070
3,10,0 0 1 1 1 0 2 2 2 0 1,6,8826,0,176520
3,10,0 0 1 1 1 1 0 2 0 0 1,6,8840,0,176800
3,10,0 0 1 1 1 1 0 2 1 0 1,6,8898,0,177960
3,10,0 0 1 1 1 1 0 2 2 0 1,6,8887,0,177740
3,10,0 0 1 1 1 1 1 2 0 0 1,6,8885,10,177710
3,10,0 0 1 1 1 1 1 2 1 0 1,6,8905,0,178100
3,10,0 0 1 1 1 1 1 2 2 0 1,6,8864,0,177280
3,10,0 0 1 1 1 1 2 2 0 0 1,6,8887,0,177740
3,10,0 0 1 1 1 1 2 2 1 0 1,6,8847,0,176940
3,10,0 0 1 1 1 1 2 2 2 0 1,6,8943,0,178860
3,10,0 0 1 1 1 2 0 0 0 0 1,6,8881,10,177630
3,10,0 0 1 1 1 2 0 0 1 0 1,6,8821,0,176420
3,10,0 0 1 1 1 2 0 0 2 0 1,6,8984,0,179680
3,10,0 0 1 1 1 2 0 2 0 0 1,6,8753,0,175060
3,10,0 0 1 1 1 2 0 2 1 0 1,6,8851,10,177030
3,10,0 0 1 1 1 2 0 2 2 0 1,6,8804,10,176090
3,10,0 0 1 1 1 2 1 0 0 0 1,6,8963,0,179260
3,10,0 0 1 1 1 2 1 0 1 0 1,6,8979,0,179580
3,10,0 0 1 1 1 2 1 0 2 0 1,6,8859,10,177190
3,10,0 0 1 1 1 2 1 2 0 0 1,6,8944,0,178880
3,10,0 0 1 1 1 2 1 2 1 0 1,6,8725,0,174500
3,10,0 0 1 1 1 2 1 2 2 0 1,6,8862,0,177240
3,10,0 0 1 1 1 2 2 0 0 0 1,6,8845,0,176900
3,10,0 0 1 1 1 2 2 0 1 0 1,6,8836,0,176720
3,10,0 0 1 1 1 2 2 0 2 0 1,6,8781,0,175620
3,10,0 0 1 1 1 2 2 2 0 0 1,6,8905,0,178100
3,10,0 0 1 1 1 2 2 2 1 0 1,6,8882,0,177640
3,10,0 0 1 1 1 2 2 2 2 0 1,6,8768,0,175360
3,10,0 0 1 1 2 0 0 2 0 0 1,6,8877,0,177540
3,10,0 0 1 1 2 0 0 2 1 0 1,6,8847,0,176940
3,10,0 0 1 1 2 0 0 2 2 0 1,6,8823,0,176460
3,10,0 0 1 1 2 0 1 2 0 0 1,6,8931,0,178620
3,10,0 0 1 1 2 0 1 2 1 0 1,6,8775,10,175510
3,10,0 0 1 1 2 0 1 2 2 0 1,6,8861,0,177220
3,10,0 0 1 1 2 0 2 2 0 0 1,6,8859,0,177180
3,10,0 0 1 1 2 0 2 2 1 0 1,6,8858,0,177160
3,10,0 0 1 1 2 0 2 2 2 0 1,6,8925,10,178510
3,10,0 0 1 1 2 1 0 2 0 0 1,6,8896,10,177930
3,10,0 0 1 1 2 1 0 2 1 0 1,6,8868,10,177370
3,10,0 0 1 1 2 1 0 2 2 0 1,6,8839,0,176780
3,10,0 0 1 1 2 1 1 2 0 0 1,6,8901,0,178020
3,10,0 0 1 1 2 1 1 2 1 0 1,6,8886,0,177720
3,10,0 0 1 1 2 1 1 2 2 0 1,6,8862,10,177250
3,10,0 0 1 1 2 1 2 2 0 0 1,6,8984,0,179680
3,10,0 0 1 1 2 1 2 2 1 0 1,6,8849,0,176980
3,10,0 0 1 1 2 1 2 2 2 0 1,6,8819,0,176380
3,10,0 0 1 1 2 2 0 0 0 0 1,6,8967,10,179350
3,10,0 0 1 1 2 2 0 0 1 0 1,6,8736,10,174730
3,10,0 0 1 1 2 2 0 0 2 0 1,6,8797,10,175950
3,10,0 0 1 1 2 2 0 2 0 0 1,6,8878,0,177560
3,10,0 0 1 1 2 2 0 2 1 0 1,6,8815,0,176300
3,10,0 0 1 1 2 2 0 2 2 0 1,6,8778,0,175560
3,10,0 0 1 1 2 2 1 0 0 0 1,6,8883,0,177660
3,10,0 0 1 1 2 2 1 0 1 0 1,6,8795,0,175900
3,10,0 0 1 1 2 2 1 0 2 0 1,6,8863,0,177260
3,10,0 0 1 1 2 2 1 2 0 0 1,6,8842,0,176840
3,10,0 0 1 1 2 2 1 2 1 0 1,6,8852,0,177040
3,10,0 0 1 1 2 2 1 2 2 0 1,6,8852,10,177050
3,10,0 0 1 1 2 2 2 0 0 0 1,6,8862,0,177240
3,10,0 0 1 1 2 2 2 0 1 0 1,6,8785,0,175700
3,10,0 0 1 1 2 2 2 0 2 0 1,6,8903,0,178060
3,10,0 0 1 1 2 2 2 2 0 0 1,6,8834,0,176680
3,10,0 0 1 1 2 2 2 2 1 0 1,6,8860,10,177210
3,10,0 0 1 1 2 2 2 2 2 0 1,6,8911,0,178220
3,10,0 0 1 2 0 0 0 0 0 0 1,6,8954,10,179090
3,10,0 0 1 2 0 0 0 0 1 0 1,6,8904,0,178080
3,10,0 0 1 2 0 0 0 0 2 0 1,6,8823,10,176470
3,10,0 0 1 2 0 0 0 2 0 0 1,6,8865,10,177310
3,10,0 0 1 2 0 0 0 2 1 0 1,6,8872,0,177440
3,10,0 0 1 2 0 0 0 2 2 0 1,6,8985,10,179710
3,10,0 0 1 2 0 0 1 0 0 0 1,6,8753,0,175060
3,10,0 0 1 2 0 0 1 0 1 0 1,6,8845,10,176910
3,10,0 0 1 2 0 0 1 0 2 0 1,6,8811,10,176230
3,10,0 0 1 2 0 0 1 2 0 0 1,6,8791,0,175820
3,10,0 0 1 2 0 0 1 2 1 0 1,6,8882,10,177650
3,10,0 0 1 2 0 0 1 2 2 0 1,6,8810,0,176200
3,10,0 0 1 2 0 0 2 0 0 0 1,6,8850,10,177010
3,10,0 0 1 2 0 0 2 0 1 0 1,6,8899,0,177980
3,10,0 0 1 2 0 0 2 0 2 0 1,6,8889,0,177780
3,10,0 0 1 2 0 0 2 2 0 0 1,6,8808,0,176160
3,10,0 0 1 2 0 0 2 2 1 0 1,6,8873,10,177470
3,10,0 0 1 2 0 0 2 2 2 0 1,6,8881,0,177620
3,10,0 0 1 2 0 1 0 2 0 0 1,6,8861,0,177220
3,10,0 0 1 2 0 1 0 2 1 0 1,6,8812,0,176240
3,10,0 0 1 2 0 1 0 2 2 0 1,6,8982,0,179640
3,10,0 0 1 2 0 1 1 2 0 0 1,6,8885,0,177700
3,10,0 0 1 2 0 1 1 2 1 0 1,6,8824,0,176480
3,10,0 0 1 2 0 1 1 2 2 0 1,6,8933,0,178660
3,10,0 0 1 2 0 1 2 2 0 0 1,6,8781,10,175630
3,10,0 0 1 2 0 1 2 2 1 0 1,6,8735,10,174710
3,10,0 0 1 2 0 1 2 2 2 0 1,6,8939,0,178780
3,10,0 0 1 2 0 2 0 0 0 0 1,6,8810,0,176200
3,10,0 0 1 2 0 2 0 0 1 0 1,6,8784,0,175680
3,10,0 0 1 2 0 2 0 0 2 0 1,6,8839,0,176780
3,10,0 0 1 2 0 2 0 2 0 0 1,6,8891,10,177830
3,10,0 0 1 2 0 2 0 2 1 0 1,6,8878,20,177580
3,10,0 0 1 2 0 2 0 2 2 0 1,6,8799,0,175980
3,10,0 0 1 2 0 2 1 0 0 0 1,6,8759,0,175180
3,10,0 0 1 2 0 2 1 0 1 0 1,6,8803,0,176060
3,10,0 0 1 2 0 2 1 0 2 0 1,6,8892,0,177840
3,10,0 0 1 2 0 2 1 2 0 0 1,6,8836,10,176730
3,10,0 0 1 2 0 2 1 2 1 0 1,6,8913,0,178260
3,10,0 0 1 2 0 2 1 2 2 0 1,6,8934,10,178690
3,10,0 0 1 2 0 2 2 0 0 0 1,6,8928,0,178560
3,10,0 0 1 2 0 2 2 0 1 0 1,6,8831,0,176620
3,10,0 0 1 2 0 2 2 0 2 0 1,6,8835,0,176700
3,10,0 0 1 2 0 2 2 2 0 0 1,6,8901,0,178020
3,10,0 0 1 2 0 2 2 2 1 0 1,6,8760,10,175210
3,10,0 0 1 2 0 2 2 2 2 0 1,6,8940,0,178800
3,10,0 0 1 2 1 0 0 0 0 0 1,6,8809,0,176180
3,10,0 0 1 2 1 0 0 0 1 0 1,6,8846,0,176920
3,10,0 0 1 2 1 0 0 0 2 0 1,6,8921,0,178420
3,10,0 0 1 2 1 0 0 2 0 0 1,6,8878,0,177560
3,10,0 0 1 2 1 0 0 2 1 0 1,6,8832,10,176650
3,10,0 0 1 2 1 0 0 2 2 0 1,6,8883,10,177670
3,10,0 0 1 2 1 0 1 0 0 0 1,6,8768,0,175360
3,10,0 0 1 2 1 0 1 0 1 0 1,6,8820,0,176400
3,10,0 0 1 2 1 0 1 0 2 0 1,6,8948,0,178960
3,10,0 0 1 2 1 0 1 2 0 0 1,6,8880,10,177610
3,10,0 0 1 2 1 0 1 2 1 0 1,6,8815,0,176300
3,10,0 0 1 2 1 0 1 2 2 0 1,6,8966,0,179320
3,10,0 0 1 2 1 0 2 0 0 0 1,6,8924,0,178480
3,10,0 0 1 2 1 0 2 0 1 0 1,6,8865,0,177300
3,10,0 0 1 2 1 0 2 0 2 0 1,6,8881,0,177620
3,10,0 0 1 2 1 0 2 2 0 0 1,6,8704,0,174080
3,10,0 0 1 2 1 0 2 2 1 0 1,6,8900,0,178000
3,10,0 0 1 2 1 0 2 2 2 0 1,6,8837,0,176740
3,10,0 0 1 2 1 1 0 2 0 0 1,6,8803,0,176060
3,10,0 0 1 2 1 1 0 2 1 0 1,6,8914,10,178290
3,10,0 0 1 2 1 1 0 2 2 0 1,6,8968,10,179370
3,10,0 0 1 2 1 1 1 2 0 0 1,6,8892,0,177840
3,10,0 0 1 2 1 1 1 2 1 0 1,6,8889,0,177780
3,10,0 0 1 2 1 1 1 2 2 0 1,6,9017,0,180340
3,10,0 0 1 2 1 1 2 2 0 0 1,6,8864,0,177280
3,10,0 0 1 2 1 1 2 2 1 0 1,6,8837,0,176740
3,10,0 0 1 2 1 1 2 2 2 0 1,6,8815,0,176300
3,10,0 0 1 2 1 2 0 0 0 0 1,6,8940,0,178800
3,10,0 0 1 2 1 2 0 0 1 0 1,6,8794,0,175880
3,10,0 0 1 2 1 2 0 0 2 0 1,6,8905,0,178100
3,10,0 0 1 2 1 2 0 2 0 0 1,6,8927,10,178550
3,10,0 0 1 2 1 2 0 2 1 0 1,6,8898,0,177960
3,10,0 0 1 2 1 2 0 2 2 0 1,6,8876,0,177520
3,10,0 0 1 2 1 2 1 0 0 0 1,6,8852,0,177040
3,10,0 0 1 2 1 2 1 0 1 0 1,6,8949,0,178980
3,10,0 0 1 2 1 2 1 0 2 0 1,6,8775,0,175500
3,10,0 0 1 2 1 2 1 2 0 0 1,6,8795,0,175900
3,10,0 0 1 2 1 2 1 2 1 0 1,6,8922,0,178440
3,10,0 0 1 2 1 2 1 2 2 0 1,6,8838,10,176770
3,10,0 0 1 2 1 2 2 0 0 0 1,6,8879,0,177580
3,10,0 0 1 2 1 2 2 0 1 0 1,6,8885,0,177700
3,10,0 0 1 2 1 2 2 0 2 0 1,6,8866,0,177320
3,10,0 0 1 2 1 2 2 2 0 0 1,6,8787,10,175750
3,10,0 0 1 2 1 2 2 2 1 0 1,6,8832,10,176650
3,10,0 0 1 2 1 2 2 2 2 0 1,6,8879,10,177590
3,10,0 0 1 2 2 0 0 0 0 0 1,6,8814,10,176290
3,10,0 0 1 2 2 0 0 0 1 0 1,6,8884,0,177680
3,10,0 0 1 2 2 0 0 0 2 0 1,6,8771,0,175420
3,10,0 0 1 2 2 0 0 2 0 0 1,6,8934,0,178680
3,10,0 0 1 2 2 0 0 2 1 0 1,6,8796,10,175930
3,10,0 0 1 2 2 0 0 2 2 0 1,6,8910,0,178200
3,10,0 0 1 2 2 0 1 0 0 0 1,6,8740,10,174810
3,10,0 0 1 2 2 0 1 0 1 0 1,6,8793,0,175860
3,10,0 0 1 2 2 0 1 0 2 0 1,6,8917,10,178350
3,10,0 0 1 2 2 0 1 2 0 0 1,6,8808,0,176160
3,10,0 0 1 2 2 0 1 2 1 0 1,6,8861,0,177220
3,10,0 0 1 2 2 0 1 2 2 0 1,6,8926,0,178520
3,10,0 0 1 2 2 0 2 0 0 0 1,6,8870,0,177400
3,10,0 0 1 2 2 0 2 0 1 0 1,6,8886,0,177720
3,10,0 0 1 2 2 0 2 0 2 0 1,6,8830,10,176610
3,10,0 0 1 2 2 0 2 2 0 0 1,6,8845,0,176900
3,10,0 0 1 2 2 0 2 2 1 0 1,6,8767,0,175340
3,10,0 0 1 2 2 0 2 2 2 0 1,6,8799,0,175980
3,10,0 0 1 2 2 1 0 2 0 0 1,6,8900,0,178000
3,10,0 0 1 2 2 1 0 2 1 0 1,6,9026,10,180530
3,10,0 0 1 2 2 1 0 2 2 0 1,6,8827,0,176540
3,10,0 0 1 2 2 1 1 2 0 0 1,6,8841,0,176820
3,10,0 0 1 2 2 1 1 2 1 0 1,6,8909,0,178180
3,10,0 0 1 2 2 1 1 2 2 0 1,6,8866,0,177320
3,10,0 0 1 2 2 1 2 2 0 0 1,6,8913,0,178260
3,10,0 0 1 2 2 1 2 2 1 0 1,6,8778,0,175560
3,10,0 0 1 2 2 1 2 2 2 0 1,6,8778,0,175560
3,10,0 0 1 2 2 2 0 0 0 0 1,6,8812,0,176240
3,10,0 0 1 2 2 2 0 0 1 0 1,6,8858,0,177160
3,10,0 0 1 2 2 2 0 0 2 0 1,6,8802,0,176040
3,10,0 0 1 2 2 2 0 2 0 0 1,6,8925,0,178500
3,10,0 0 1 2 2 2 0 2 1 0 1,6,8824,0,176480
3,10,0 0 1 2 2 2 0 2 2 0 1,6,8855,10,177110
3,10,0 0 1 2 2 2 1 0 0 0 1,6,8817,0,176340
3,10,0 0 1 2 2 2 1 0 1 0 1,6,8829,0,176580
3,10,0 0 1 2 2 2 1 0 2 0 1,6,8978,0,179560
3,10,0 0 1 2 2 2 1 2 0 0 1,6,8904,0,178080
3,10,0 0 1 2 2 2 1 2 1 0 1,6,8849,20,177000
3,10,0 0 1 2 2 2 1 2 2 0 1,6,8974,0,179480
3,10,0 0 1 2 2 2 2 0 0 0 1,6,8996,0,179920
3,10,0 0 1 2 2 2 2 0 1 0 1,6,8900,0,178000
3,10,0 0 1 2 2 2 2 0 2 0 1,6,8887,10,177750
3,10,0 0 1 2 2 2 2 2 0 0 1,6,8778,10,175570
3,10,0 0 1 2 2 2 2 2 1 0 1,6,8828,10,176570
3,10,0 0 1 2 2 2 2 2 2 0 1,6,8810,10,176210
3,10,0 0 2 0 0 0 0 0 0 0 1,3,8918,10,178370
3,10,0 0 2 0 0 0 0 0 1 0 1,3,8774,10,175490
3,10,0 0 2 0 0 0 0 0 2 0 1,3,8756,0,175120
3,10,0 0 2 0 0 0 0 2 0 0 1,6,8738,0,174760
3,10,0 0 2 0 0 0 0 2 1 0 1,6,8923,0,178460
3,10,0 0 2 0 0 0 0 2 2 0 1,6,8875,10,177510
3,10,0 0 2 0 0 0 1 0 0 0 1,3,8842,0,176840
3,10,0 0 2 0 0 0 1 0 1 0 1,3,8815,0,176300
3,10,0 0 2 0 0 0 1 0 2 0 1,3,8705,0,174100
3,10,0 0 2 0 0 0 1 2 0 0 1,6,8926,0,178520
3,10,0 0 2 0 0 0 1 2 1 0 1,6,8922,0,178440
3,10,0 0 2 0 0 0 1 2 2 0 1,6,8965,0,179300
3,10,0 0 2 0 0 0 2 0 0 0 1,3,8740,0,174800
3,10,0 0 2 0 0 0 2 0 1 0 1,3,8827,0,176540
3,10,0 0 2 0 0 0 2 0 2 0 1,3,8755,10,175110
3,10,0 0 2 0 0 0 2 2 0 0 1,6,8770,0,175400
3,10,0 0 2 0 0 0 2 2 1 0 1,6,8824,0,176480
3,10,0 0 2 0 0 0 2 2 2 0 1,6,8953,0,179060
3,10,0 0 2 0 0 1 0 2 0 0 1,6,8928,10,178570
3,10,0 0 2 0 0 1 0 2 1 0 1,6,8881,0,177620
3,10,0 0 2 0 0 1 0 2 2 0 1,6,8792,10,175850
3,10,0 0 2 0 0 1 1 2 0 0 1,6,8752,10,175050
3,10,0 0 2 0 0 1 1 2 1 0 1,6,8813,0,176260
3,10,0 0 2 0 0 1 1 2 2 0 1,6,8829,10,176590
3,10,0 0 2 0 0 1 2 2 0 0 1,6,8826,0,176520
3,10,0 0 2 0 0 1 2 2 1 0 1,6,8742,0,174840
3,10,0 0 2 0 0 1 2 2 2 0 1,6,8868,0,177360
3,10,0 0 2 0 0 2 0 0 0 0 1,6,8897,0,177940
3,10,0 0 2 0 0 2 0 0 1 0 1,6,8828,0,176560
3,10,0 0 2 0 0 2 0 0 2 0 1,6,8900,0,178000
3,10,0 0 2 0 0 2 0 2 0 0 1,6,8967,0,179340
3,10,0 0 2 0 0 2 0 2 1 0 1,6,8823,0,176460
3,10,0 0 2 0 0 2 0 2 2 0 1,6,8935,0,178700
3,10,0 0 2 0 0 2 1 0 0 0 1,6,8867,0,177340
3,10,0 0 2 0 0 2 1 0 1 0 1,6,8865,0,177300
3,10,0 0 2 0 0 2 1 0 2 0 1,6,8878,0,177560
3,10,0 0 2 0 0 2 1 2 0 0 1,6,8727,0,174540
3,10,0 0 2 0 0 2 1 2 1 0 1,6,8748,0,174960
3,10,0 0 2 0 0 2 1 2 2 0 1,6,8836,0,176720
3,10,0 0 2 0 0 2 2 0 0 0 1,6,8906,10,178130
3,10,0 0 2 0 0 2 2 0 1 0 1,6,8879,0,177580
3,10,0 0 2 0 0 2 2 0 2 0 1,6,8851,0,177020
3,10,0 0 2 0 0 2 2 2 0 0 1,6,8824,10,176490
3,10,0 0 2 0 0 2 2 2 1 0 1,6,8816,0,176320
3,10,0 0 2 0 0 2 2 2 2 0 1,6,8834,0,176680
3,10,0 0 2 0 1 0 0 0 0 0 1,3,8848,0,176960
3,10,0 0 2 0 1 0 0 0 1 0 1,3,9049,0,180980
3,10,0 0 2 0 1 0 0 0 2 0 1,3,8859,0,177180
3,10,0 0 2 0 1 0 0 2 0 0 1,6,8837,10,176750
3,10,0 0 2 0 1 0 0 2 1 0 1,6,8839,10,176790
3,10,0 0 2 0 1 0 0 2 2 0 1,6,8917,0,178340
3,10,0 0 2 0 1 0 1 0 0 0 1,3,8854,0,177080
3,10,0 0 2 0 1 0 1 0 1 0 1,3,8814,10,176290
3,10,0 0 2 0 1 0 1 0 2 0 1,3,8744,2,174882
3,10,0 0 2 0 1 0 1 2 0 0 1,6,8875,0,177500
3,10,0 0 2 0 1 0 1 2 1 0 1,6,8858,0,177160
3,10,0 0 2 0 1 0 1 2 2 0 1,6,8799,0,175980
3,10,0 0 2 0 1 0 2 0 0 0 1,3,8709,0,174180
3,10,0 0 2 0 1 0 2 0 1 0 1,3,8859,0,177180
3,10,0 0 2 0 1 0 2 0 2 0 1,3,8734,4,174684
3,10,0 0 2 0 1 0 2 2 0 0 1,6,8942,0,178840
3,10,0 0 2 0 1 0 2 2 1 0 1,6,8965,0,179300
3,10,0 0 2 0 1 0 2 2 2 0 1,6,8791,0,175820
3,10,0 0 2 0 1 1 0 2 0 0 1,6,8897,10,177950
3,10,0 0 2 0 1 1 0 2 1 0 1,6,8831,0,176620
3,10,0 0 2 0 1 1 0 2 2 0 1,6,8855,10,177110
3,10,0 0 2 0 1 1 1 2 0 0 1,6,8901,0,178020
3,10,0 0 2 0 1 1 1 2 1 0 1,6,8832,10,176650
3,10,0 0 2 0 1 1 1 2 2 0 1,6,8892,10,177850
3,10,0 0 2 0 1 1 2 2 0 0 1,6,8815,0,176300
3,10,0 0 2 0 1 1 2 2 1 0 1,6,8842,0,176840
3,10,0 0 2 0 1 1 2 2 2 0 1,6,8843,0,176860
3,10,0 0 2 0 1 2 0 0 0 0 1,6,8819,10,176390
3,10,0 0 2 0 1 2 0 0 1 0 1,6,8835,0,176700
3,10,0 0 2 0 1 2 0 0 2 0 1,6,8857,0,177140
3,10,0 0 2 0 1 2 0 2 0 0 1,6,8889,0,177780
3,10,0 0 2 0 1 2 0 2 1 0 1,6,8806,0,176120
3,10,0 0 2 0 1 2 0 2 2 0 1,6,8836,0,176720
3,10,0 0 2 0 1 2 1 0 0 0 1,6,8864,0,177280
3,10,0 0 2 0 1 2 1 0 1 0 1,6,8912,0,178240
3,10,0 0 2 0 1 2 1 0 2 0 1,6,8899,10,177990
3,10,0 0 2 0 1 2 1 2 0 0 1,6,8849,0,176980
3,10,0 0 2 0 1 2 1 2 1 0 1,6,8870,0,177400
3,10,0 0 2 0 1 2 1 2 2 0 1,6,8909,0,178180
3,10,0 0 2 0 1 2 2 0 0 0 1,6,8844,0,176880
3,10,0 0 2 0 1 2 2 0 1 0 1,6,8810,0,176200
3,10,0 0 2 0 1 2 2 0 2 0 1,6,8778,0,175560
3,10,0 0 2 0 1 2 2 2 0 0 1,6,8913,0,178260
3,10,0 0 2 0 1 2 2 2 1 0 1,6,8852,0,177040
3,10,0 0 2 0 1 2 2 2 2 0 1,6,8874,10,177490
3,10,0 0 2 0 2 0 0 0 0 0 1,3,8764,0,175280
3,10,0 0 2 0 2 0 0 0 1 0 1,3,8851,0,177020
3,10,0 0 2 0 2 0 0 0 2 0 1,3,8973,10,179470
3,10,0 0 2 0 2 0 0 2 0 0 1,6,8721,10,174430
3,10,0 0 2 0 2 0 0 2 1 0 1,6,8929,0,178580
3,10,0 0 2 0 2 0 0 2 2 0 1,6,8816,10,176330
3,10,0 0 2 0 2 0 1 0 0 0 1,3,8926,10,178530
3,10,0 0 2 0 2 0 1 0 1 0 1,3,8944,0,178880
3,10,0 0 2 0 2 0 1 0 2 0 1,3,8858,0,177160
3,10,0 0 2 0 2 0 1 2 0 0 1,6,8923,0,178460
3,10,0 0 2 0 2 0 1 2 1 0 1,6,8863,0,177260
3,10,0 0 2 0 2 0 1 2 2 0 1,6,8839,10,176790
3,10,0 0 2 0 2 0 2 0 0 0 1,3,8727,10,174550
3,10,0 0 2 0 2 0 2 0 1 0 1,3,8864,4,177284
3,10,0 0 2 0 2 0 2 0 2 0 1,3,8947,0,178940
3,10,0 0 2 0 2 0 2 2 0 0 1,6,8858,10,177170
3,10,0 0 2 0 2 0 2 2 1 0 1,6,8901,10,178030
3,10,0 0 2 0 2 0 2 2 2 0 1,6,8850,0,177000
3,10,0 0 2 0 2 1 0 2 0 0 1,6,8721,10,174430
3,10,0 0 2 0 2 1 0 2 1 0 1,6,8906,10,178130
3,10,0 0 2 0 2 1 0 2 2 0 1,6,8758,0,175160
3,10,0 0 2 0 2 1 1 2 0 0 1,6,8928,0,178560
3,10,0 0 2 0 2 1 1 2 1 0 1,6,8889,0,177780
3,10,0 0 2 0 2 1 1 2 2 0 1,6,8933,0,178660
3,10,0 0 2 0 2 1 2 2 0 0 1,6,8758,0,175160
3,10,0 0 2 0 2 1 2 2 1 0 1,6,8868,10,177370
3,10,0 0 2 0 2 1 2 2 2 0 1,6,8905,10,178110
3,10,0 0 2 0 2 2 0 0 0 0 1,6,8872,0,177440
3,10,0 0 2 0 2 2 0 0 1 0 1,6,8835,0,176700
3,10,0 0 2 0 2 2 0 0 2 0 1,6,8806,10,176130
3,10,0 0 2 0 2 2 0 2 0 0 1,6,8836,0,176720
3,10,0 0 2 0 2 2 0 2 1 0 1,6,8887,0,177740
3,10,0 0 2 0 2 2 0 2 2 0 1,6,8840,0,176800
3,10,0 0 2 0 2 2 1 0 0 0 1,6,8865,0,177300
3,10,0 0 2 0 2 2 1 0 1 0 1,6,8847,0,176940
3,10,0 0 2 0 2 2 1 0 2 0 1,6,8826,0,176520
3,10,0 0 2 0 2 2 1 2 0 0 1,6,8860,0,177200
3,10,0 0 2 0 2 2 1 2 1 0 1,6,8775,0,175500
3,10,0 0 2 0 2 2 1 2 2 0 1,6,8917,10,178350
3,10,0 0 2 0 2 2 2 0 0 0 1,6,8798,0,175960
3,10,0 0 2 0 2 2 2 0 1 0 1,6,8861,10,177230
3,10,0 0 2 0 2 2 2 0 2 0 1,6,8835,0,176700
3,10,0 0 2 0 2 2 2 2 0 0 1,6,8864,10,177290
3,10,0 0 2 0 2 2 2 2 1 0 1,6,8815,10,176310
3,10,0 0 2 0 2 2 2 2 2 0 1,6,8818,0,176360
3,10,0 0 2 1 0 0 0 2 0 0 1,6,8786,10,175730
3,10,0 0 2 1 0 0 0 2 1 0 1,6,8890,10,177810
3,10,0 0 2 1 0 0 0 2 2 0 1,6,8817,0,176340
3,10,0 0 2 1 0 0 1 2 0 0 1,6,8802,0,176040
3,10,0 0 2 1 0 0 1 2 1 0 1,6,8877,0,177540
3,10,0 0 2 1 0 0 1 2 2 0 1,6,8927,0,178540
3,10,0 0 2 1 0 0 2 2 0 0 1,6,8916,0,178320
3,10,0 0 2 1 0 0 2 2 1 0 1,6,8891,10,177830
3,10,0 0 2 1 0 0 2 2 2 0 1,6,8840,10,176810
3,10,0 0 2 1 0 1 0 2 0 0 1,6,8796,0,175920
3,10,0 0 2 1 0 1 0 2 1 0 1,6,8958,10,179170
3,10,0 0 2 1 0 1 0 2 2 0 1,6,8853,10,177070
3,10,0 0 2 1 0 1 1 2 0 0 1,6,8910,0,178200
3,10,0 0 2 1 0 1 1 2 1 0 1,6,8860,10,177210
3,10,0 0 2 1 0 1 1 2 2 0 1,6,8858,0,177160
3,10,0 0 2 1 0 1 2 2 0 0 1,6,8906,0,178120
3,10,0 0 2 1 0 1 2 2 1 0 1,6,8918,0,178360
3,10,0 0 2 1 0 1 2 2 2 0 1,6,8964,10,179290
3,10,0 0 2 1 0 2 0 0 0 0 1,6,8767,0,175340
3,10,0 0 2 1 0 2 0 0 1 0 1,6,8795,0,175900
3,10,0 0 2 1 0 2 0 0 2 0 1,6,8852,0,177040
3,10,0 0 2 1 0 2 0 2 0 0 1,6,8812,0,176240
3,10,0 0 2 1 0 2 0 2 1 0 1,6,8902,10,178050
3,10,0 0 2 1 0 2 0 2 2 0 1,6,8908,10,178170
3,10,0 0 2 1 0 2 1 0 0 0 1,6,8902,0,178040
3,10,0 0 2 1 0 2 1 0 1 0 1,6,8860,10,177210
3,10,0 0 2 1 0 2 1 0 2 0 1,6,8825,10,176510
3,10,0 0 2 1 0 2 1 2 0 0 1,6,8880,0,177600
3,10,0 0 2 1 0 2 1 2 1 0 1,6,8829,0,176580
3,10,0 0 2 1 0 2 1 2 2 0 1,6,8847,0,176940
3,10,0 0 2 1 0 2 2 0 0 0 1,6,8874,10,177490
3,10,0 0 2 1 0 2 2 0 1 0 1,6,8831,10,176630
3,10,0 0 2 1 0 2 2 0 2 0 1,6,8914,0,178280
3,10,0 0 2 1 0 2 2 2 0 0 1,6,8848,10,176970
3,10,0 0 2 1 0 2 2 2 1 0 1,6,8935,0,178700
3,10,0 0 2 1 0 2 2 2 2 0 1,6,8781,0,175620
3,10,0 0 2 1 1 0 0 2 0 0 1,6,8824,10,176490
3,10,0 0 2 1 1 0 0 2 1 0 1,6,8771,10,175430
3,10,0 0 2 1 1 0 0 2 2 0 1,6,8927,10,178550
3,10,0 0 2 1 1 0 1 2 0 0 1,6,9010,0,180200
3,10,0 0 2 1 1 0 1 2 1 0 1,6,8873,5,177465
3,10,0 0 2 1 1 0 1 2 2 0 1,6,8840,0,176800
3,10,0 0 2 1 1 0 2 2 0 0 1,6,8837,0,176740
3,10,0 0 2 1 1 0 2 2 1 0 1,6,8737,0,174740
3,10,0 0 2 1 1 0 2 2 2 0 1,6,8757,0,175140
3,10,0 0 2 1 1 1 0 2 0 0 1,6,8841,0,176820
3,10,0 0 2 1 1 1 0 2 1 0 1,6,8896,0,177920
3,10,0 0 2 1 1 1 0 2 2 0 1,6,8869,0,177380
3,10,0 0 2 1 1 1 1 2 0 0 1,6,8931,10,178630
3,10,0 0 2 1 1 1 1 2 1 0 1,6,8826,0,176520
3,10,0 0 2 1 1 1 1 2 2 0 1,6,8907,10,178150
3,10,0 0 2 1 1 1 2 2 0 0 1,6,8839,0,176780
3,10,0 0 2 1 1 1 2 2 1 0 1,6,8933,10,178670
3,10,0 0 2 1 1 1 2 2 2 0 1,6,8876,0,177520
3,10,0 0 2 1 1 2 0 0 0 0 1,6,8806,10,176130
3,10,0 0 2 1 1 2 0 0 1 0 1,6,8927,0,178540
3,10,0 0 2 1 1 2 0 0 2 0 1,6,8997,0,179940
3,10,0 0 2 1 1 2 0 2 0 0 1,6,8794,0,175880
3,10,0 0 2 1 1 2 0 2 1 0 1,6,8900,0,178000
3,10,0 0 2 1 1 2 0 2 2 0 1,6,8812,0,176240
3,10,0 0 2 1 1 2 1 0 0 0 1,6,8775,10,175510
3,10,0 0 2 1 1 2 1 0 1 0 1,6,8910,10,178210
3,10,0 0 2 1 1 2 1 0 2 0 1,6,8919,10,178390
3,10,0 0 2 1 1 2 1 2 0 0 1,6,8729,0,174580
3,10,0 0 2 1 1 2 1 2 1 0 1,6,8989,0,179780
3,10,0 0 2 1 1 2 1 2 2 0 1,6,8887,0,177740
3,10,0 0 2 1 1 2 2 0 0 0 1,6,8796,0,175920
3,10,0 0 2 1 1 2 2 0 1 0 1,6,8942,10,178850
3,10,0 0 2 1 1 2 2 0 2 0 1,6,8813,0,176260
3,10,0 0 2 1 1 2 2 2 0 0 1,6,8744,0,174880
3,10,0 0 2 1 1 2 2 2 1 0 1,6,8840,10,176810
3,10,0 0 2 1 1 2 2 2 2 0 1,6,8826,10,176530
3,10,0 0 2 1 2 0 0 2 0 0 1,6,8803,10,176070
3,10,0 0 2 1 2 0 0 2 1 0 1,6,8855,0,177100
3,10,0 0 2 1 2 0 0 2 2 0 1,6,8891,10,177830
3,10,0 0 2 1 2 0 1 2 0 0 1,6,8837,0,176740
3,10,0 0 2 1 2 0 1 2 1 0 1,6,8921,0,178420
3,10,0 0 2 1 2 0 1 2 2 0 1,6,8871,0,177420
3,10,0 0 2 1 2 0 2 2 0 0 1,6,8979,0,179580
3,10,0 0 2 1 2 0 2 2 1 0 1,6,8880,0,177600
3,10,0 0 2 1 2 0 2 2 2 0 1,6,8838,10,176770
3,10,0 0 2 1 2 1 0 2 0 0 1,6,8808,0,176160
3,10,0 0 2 1 2 1 0 2 1 0 1,6,8862,0,177240
3,10,0 0 2 1 2 1 0 2 2 0 1,6,8832,0,176640
3,10,0 0 2 1 2 1 1 2 0 0 1,6,8774,0,175480
3,10,0 0 2 1 2 1 1 2 1 0 1,6,8886,0,177720
3,10,0 0 2 1 2 1 1 2 2 0 1,6,8832,10,176650
3,10,0 0 2 1 2 1 2 2 0 0 1,6,8941,10,178830
3,10,0 0 2 1 2 1 2 2 1 0 1,6,8889,0,177780
3,10,0 0 2 1 2 1 2 2 2 0 1,6,8975,0,179500
3,10,0 0 2 1 2 2 0 0 0 0 1,6,8974,10,179490
3,10,0 0 2 1 2 2 0 0 1 0 1,6,8864,0,177280
3,10,0 0 2 1 2 2 0 0 2 0 1,6,8809,0,176180
3,10,0 0 2 1 2 2 0 2 0 0 1,6,8796,10,175930
3,10,0 0 2 1 2 2 0 2 1 0 1,6,8797,0,175940
3,10,0 0 2 1 2 2 0 2 2 0 1,6,8815,10,176310
3,10,0 0 2 1 2 2 1 0 0 0 1,6,8859,20,177200
3,10,0 0 2 1 2 2 1 0 1 0 1,6,8897,10,177950
3,10,0 0 2 1 2 2 1 0 2 0 1,6,8833,0,176660
3,10,0 0 2 1 2 2 1 2 0 0 1,6,8897,0,177940
3,10,0 0 2 1 2 2 1 2 1 0 1,6,8899,0,177980
3,10,0 0 2 1 2 2 1 2 2 0 1,6,8761,0,175220
3,10,0 0 2 1 2 2 2 0 0 0 1,6,8822,10,176450
3,10,0 0 2 1 2 2 2 0 1 0 1,6,8819,0,176380
3,10,0 0 2 1 2 2 2 0 2 0 1,6,8962,10,179250
3,10,0 0 2 1 2 2 2 2 0 0 1,6,8800,0,176000
3,10,0 0 2 1 2 2 2 2 1 0 1,6,8882,0,177640
3,10,0 0 2 1 2 2 2 2 2 0 1,6,8836,0,176720
3,10,0 0 2 2 0 0 0 0 0 0 1,6,8783,0,175660
3,10,0 0 2 2 0 0 0 0 1 0 1,6,8862,0,177240
3,10,0 0 2 2 0 0 0 0 2 0 1,6,8888,10,177770
3,10,0 0 2 2 0 0 0 2 0 0 1,6,8875,0,177500
3,10,0 0 2 2 0 0 0 2 1 0 1,6,8834,0,176680
3,10,0 0 2 2 0 0 0 2 2 0 1,6,8837,0,176740
3,10,0 0 2 2 0 0 1 0 0 0 1,6,8901,0,178020
3,10,0 0 2 2 0 0 1 0 1 0 1,6,8859,0,177180
3,10,0 0 2 2 0 0 1 0 2 0 1,6,8833,0,176660
3,10,0 0 2 2 0 0 1 2 0 0 1,6,8747,10,174950
3,10,0 0 2 2 0 0 1 2 1 0 1,6,8806,10,176130
3,10,0 0 2 2 0 0 1 2 2 0 1,6,8911,0,178220
3,10,0 0 2 2 0 0 2 0 0 0 1,6,8846,0,176920
3,10,0 0 2 2 0 0 2 0 1 0 1,6,8819,0,176380
3,10,0 0 2 2 0 0 2 0 2 0 1,6,8922,0,178440
3,10,0 0 2 2 0 0 2 2 0 0 1,6,8898,10,177970
3,10,0 0 2 2 0 0 2 2 1 0 1,6,8747,0,174940
3,10,0 0 2 2 0 0 2 2 2 0 1,6,8892,10,177850
3,10,0 0 2 2 0 1 0 2 0 0 1,6,8786,0,175720
3,10,0 0 2 2 0 1 0 2 1 0 1,6,8848,0,176960
3,10,0 0 2 2 0 1 0 2 2 0 1,6,8747,0,174940
3,10,0 0 2 2 0 1 1 2 0 0 1,6,8886,10,177730
3,10,0 0 2 2 0 1 1 2 1 0 1,6,8970,10,179410
3,10,0 0 2 2 0 1 1 2 2 0 1,6,8813,0,176260
3,10,0 0 2 2 0 1 2 2 0 0 1,6,8776,10,175530
3,10,0 0 2 2 0 1 2 2 1 0 1,6,8801,0,176020
3,10,0 0 2 2 0 1 2 2 2 0 1,6,8847,10,176950
3,10,0 0 2 2 0 2 0 0 0 0 1,6,8828,0,176560
3,10,0 0 2 2 0 2 0 0 1 0 1,6,8880,0,177600
3,10,0 0 2 2 0 2 0 0 2 0 1,6,8892,0,177840
3,10,0 0 2 2 0 2 0 2 0 0 1,6,8884,10,177690
3,10,0 0 2 2 0 2 0 2 1 0 1,6,8878,0,177560
3,10,0 0 2 2 0 2 0 2 2 0 1,6,8756,10,175130
3,10,0 0 2 2 0 2 1 0 0 0 1,6,8865,10,177310
3,10,0 0 2 2 0 2 1 0 1 0 1,6,8840,0,176800
3,10,0 0 2 2 0 2 1 0 2 0 1,6,8803,0,176060
3,10,0 0 2 2 0 2 1 2 0 0 1,6,8861,0,177220
3,10,0 0 2 2 0 2 1 2 1 0 1,6,8929,0,178580
3,10,0 0 2 2 0 2 1 2 2 0 1,6,8801,10,176030
3,10,0 0 2 2 0 2 2 0 0 0 1,6,8942,10,178850
3,10,0 0 2 2 0 2 2 0 1 0 1,6,8898,0,177960
3,10,0 0 2 2 0 2 2 0 2 0 1,6,8758,10,175170
3,10,0 0 2 2 0 2 2 2 0 0 1,6,8933,0,178660
3,10,0 0 2 2 0 2 2 2 1 0 1,6,8791,10,175830
3,10,0 0 2 2 0 2 2 2 2 0 1,6,8870,10,177410
3,10,0 0 2 2 1 0 0 0 0 0 1,6,8817,10,176350
3,10,0 0 2 2 1 0 0 0 1 0 1,6,8849,10,176990
3,10,0 0 2 2 1 0 0 0 2 0 1,6,8862,0,177240
3,10,0 0 2 2 1 0 0 2 0 0 1,6,8850,10,177010
3,10,0 0 2 2 1 0 0 2 1 0 1,6,8881,0,177620
3,10,0 0 2 2 1 0 0 2 2 0 1,6,8883,0,177660
3,10,0 0 2 2 1 0 1 0 0 0 1,6,8844,10,176890
3,10,0 0 2 2 1 0 1 0 1 0 1,6,8909,0,178180
3,10,0 0 2 2 1 0 1 0 2 0 1,6,8795,0,175900
3,10,0 0 2 2 1 0 1 2 0 0 1,6,8830,10,176610
3,10,0 0 2 2 1 0 1 2 1 0 1,6,8783,0,175660
3,10,0 0 2 2 1 0 1 2 2 0 1,6,8885,0,177700
3,10,0 0 2 2 1 0 2 0 0 0 1,6,8937,0,178740
3,10,0 0 2 2 1 0 2 0 1 0 1,6,8820,0,176400
3,10,0 0 2 2 1 0 2 0 2 0 1,6,8834,10,176690
3,10,0 0 2 2 1 0 2 2 0 0 1,6,8822,0,176440
3,10,0 0 2 2 1 0 2 2 1 0 1,6,8751,10,175030
3,10,0 0 2 2 1 0 2 2 2 0 1,6,8814,10,176290
3,10,0 0 2 2 1 1 0 2 0 0 1,6,8819,0,176380
3,10,0 0 2 2 1 1 0 2 1 0 1,6,8891,0,177820
3,10,0 0 2 2 1 1 0 2 2 0 1,6,8904,0,178080
3,10,0 0 2 2 1 1 1 2 0 0 1,6,8826,0,176520
3,10,0 0 2 2 1 1 1 2 1 0 1,6,8803,0,176060
3,10,0 0 2 2 1 1 1 2 2 0 1,6,8919,0,178380
3,10,0 0 2 2 1 1 2 2 0 0 1,6,8881,0,177620
3,10,0 0 2 2 1 1 2 2 1 0 1,6,8921,0,178420
3,10,0 0 2 2 1 1 2 2 2 0 1,6,8843,0,176860
3,10,0 0 2 2 1 2 0 0 0 0 1,6,8830,0,176600
3,10,0 0 2 2 1 2 0 0 1 0 1,6,8906,0,178120
3,10,0 0 2 2 1 2 0 0 2 0 1,6,8902,0,178040
3,10,0 0 2 2 1 2 0 2 0 0 1,6,8818,0,176360
3,10,0 0 2 2 1 2 0 2 1 0 1,6,8787,10,175750
3,10,0 0 2 2 1 2 0 2 2 0 1,6,8890,20,177820
3,10,0 0 2 2 1 2 1 0 0 0 1,6,8829,0,176580
3,10,0 0 2 2 1 2 1 0 1 0 1,6,8917,0,178340
3,10,0 0 2 2 1 2 1 0 2 0 1,6,8884,0,177680
3,10,0 0 2 2 1 2 1 2 0 0 1,6,8806,0,176120
3,10,0 0 2 2 1 2 1 2 1 0 1,6,8861,0,177220
3,10,0 0 2 2 1 2 1 2 2 0 1,6,8907,0,178140
3,10,0 0 2 2 1 2 2 0 0 0 1,6,8833,0,176660
3,10,0 0 2 2 1 2 2 0 1 0 1,6,8864,0,177280
3,10,0 0 2 2 1 2 2 0 2 0 1,6,8824,10,176490
3,10,0 0 2 2 1 2 2 2 0 0 1,6,8989,0,179780
3,10,0 0 2 2 1 2 2 2 1 0 1,6,8890,0,177800
3,10,0 0 2 2 1 2 2 2 2 0 1,6,8738,0,174760
3,10,0 0 2 2 2 0 0 0 0 0 1,6,8809,0,176180
3,10,0 0 2 2 2 0 0 0 1 0 1,6,8846,0,176920
3,10,0 0 2 2 2 0 0 0 2 0 1,6,8905,10,178110
3,10,0 0 2 2 2 0 0 2 0 0 1,6,8917,0,178340
3,10,0 0 2 2 2 0 0 2 1 0 1,6,8870,0,177400
3,10,0 0 2 2 2 0 0 2 2 0 1,6,8900,10,178010
3,10,0 0 2 2 2 0 1 0 0 0 1,6,8855,0,177100
3,10,0 0 2 2 2 0 1 0 1 0 1,6,8834,0,176680
3,10,0 0 2 2 2 0 1 0 2 0 1,6,8894,0,177880
3,10,0 0 2 2 2 0 1 2 0 0 1,6,8895,0,177900
3,10,0 0 2 2 2 0 1 2 1 0 1,6,8824,0,176480
3,10,0 0 2 2 2 0 1 2 2 0 1,6,8787,10,175750
3,10,0 0 2 2 2 0 2 0 0 0 1,6,8872,10,177450
3,10,0 0 2 2 2 0 2 0 1 0 1,6,8786,0,175720
3,10,0 0 2 2 2 0 2 0 2 0 1,6,8834,0,176680
3,10,0 0 2 2 2 0 2 2 0 0 1,6,8925,0,178500
3,10,0 0 2 2 2 0 2 2 1 0 1,6,8929,0,178580
3,10,0 0 2 2 2 0 2 2 2 0 1,6,8897,0,177940
3,10,0 0 2 2 2 1 0 2 0 0 1,6,8731,0,174620
3,10,0 0 2 2 2 1 0 2 1 0 1,6,8926,0,178520
3,10,0 0 2 2 2 1 0 2 2 0 1,6,8901,0,178020
3,10,0 0 2 2 2 1 1 2 0 0 1,6,8731,0,174620
3,10,0 0 2 2 2 1 1 2 1 0 1,6,8858,0,177160
3,10,0 0 2 2 2 1 1 2 2 0 1,6,8894,0,177880
3,10,0 0 2 2 2 1 2 2 0 0 1,6,8812,0,176240
3,10,0 0 2 2 2 1 2 2 1 0 1,6,8843,0,176860
3,10,0 0 2 2 2 1 2 2 2 0 1,6,8892,0,177840
3,10,0 0 2 2 2 2 0 0 0 0 1,6,8866,0,177320
3,10,0 0 2 2 2 2 0 0 1 0 1,6,8870,0,177400
3,10,0 0 2 2 2 2 0 0 2 0 1,6,8949,0,178980
3,10,0 0 2 2 2 2 0 2 0 0 1,6,8855,0,177100
3,10,0 0 2 2 2 2 0 2 1 0 1,6,8887,0,177740
3,10,0 0 2 2 2 2 0 2 2 0 1,6,8794,10,175890
3,10,0 0 2 2 2 2 1 0 0 0 1,6,8897,0,177940
3,10,0 0 2 2 2 2 1 0 1 0 1,6,8768,0,175360
3,10,0 0 2 2 2 2 1 0 2 0 1,6,8859,10,177190
3,10,0 0 2 2 2 2 1 2 0 0 1,6,8849,10,176990
3,10,0 0 2 2 2 2 1 2 1 0 1,6,8820,10,176410
3,10,0 0 2 2 2 2 1 2 2 0 1,6,8860,10,177210
3,10,0 0 2 2 2 2 2 0 0 0 1,6,8872,0,177440
3,10,0 0 2 2 2 2 2 0 1 0 1,6,8870,0,177400
3,10,0 0 2 2 2 2 2 0 2 0 1,6,8832,0,176640
3,10,0 0 2 2 2 2 2 2 0 0 1,6,8887,0,177740
3,10,0 0 2 2 2 2 2 2 1 0 1,6,8974,0,179480
3,10,0 0 2 2 2 2 2 2 2 0 1,6,8937,10,178750
3,10,0 1 0 0 0 0 0 2 0 0 1,6,8886,10,177730
3,10,0 1 0 0 0 0 0 2 1 0 1,6,8850,0,177000
3,10,0 1 0 0 0 0 0 2 2 0 1,6,8884,10,177690
3,10,0 1 0 0 0 0 1 2 0 0 1,6,8857,0,177140
3,10,0 1 0 0 0 0 1 2 1 0 1,6,8904,10,178090
3,10,0 1 0 0 0 0 1 2 2 0 1,6,8720,10,174410
3,10,0 1 0 0 0 0 2 2 0 0 1,6,8864,14,177294
3,10,0 1 0 0 0 0 2 2 1 0 1,6,8851,10,177030
3,10,0 1 0 0 0 0 2 2 2 0 1,6,8834,0,176680
3,10,0 1 0 0 0 1 0 2 0 0 1,6,8846,0,176920
3,10,0 1 0 0 0 1 0 2 1 0 1,6,8871,0,177420
3,10,0 1 0 0 0 1 0 2 2 0 1,6,8784,0,175680
3,10,0 1 0 0 0 1 1 2 0 0 1,6,8854,10,177090
3,10,0 1 0 0 0 1 1 2 1 0 1,6,8850,0,177000
3,10,0 1 0 0 0 1 1 2 2 0 1,6,8919,0,178380
3,10,0 1 0 0 0 1 2 2 0 0 1,6,8886,0,177720
3,10,0 1 0 0 0 1 2 2 1 0 1,6,8807,0,176140
3,10,0 1 0 0 0 1 2 2 2 0 1,6,8814,0,176280
3,10,0 1 0 0 0 2 0 0 0 0 1,6,8855,0,177100
3,10,0 1 0 0 0 2 0 0 1 0 1,6,8825,10,176510
3,10,0 1 0 0 0 2 0 0 2 0 1,6,8723,10,174470
3,10,0 1 0 0 0 2 0 2 0 0 1,6,8961,10,179230
3,10,0 1 0 0 0 2 0 2 1 0 1,6,8792,0,175840
3,10,0 1 0 0 0 2 0 2 2 0 1,6,8898,0,177960
3,10,0 1 0 0 0 2 1 0 0 0 1,6,8889,0,177780
3,10,0 1 0 0 0 2 1 0 1 0 1,6,8859,10,177190
3,10,0 1 0 0 0 2 1 0 2 0 1,6,8940,0,178800
3,10,0 1 0 0 0 2 1 2 0 0 1,6,8841,10,176830
3,10,0 1 0 0 0 2 1 2 1 0 1,6,8991,0,179820
3,10,0 1 0 0 0 2 1 2 2 0 1,6,8849,0,176980
3,10,0 1 0 0 0 2 2 0 0 0 1,6,8850,10,177010
3,10,0 1 0 0 0 2 2 0 1 0 1,6,8840,0,176800
3,10,0 1 0 0 0 2 2 0 2 0 1,6,8838,0,176760
3,10,0 1 0 0 0 2 2 2 0 0 1,6,8895,0,177900
3,10,0 1 0 0 0 2 2 2 1 0 1,6,8811,0,176220
3,10,0 1 0 0 0 2 2 2 2 0 1,6,8825,0,176500
3,10,0 1 0 0 1 0 0 2 0 0 1,6,8890,0,177800
3,10,0 1 0 0 1 0 0 2 1 0 1,6,8827,20,176560
3,10,0 1 0 0 1 0 0 2 2 0 1,6,8884,0,177680
3,10,0 1 0 0 1 0 1 2 0 0 1,6,8879,10,177590
3,10,0 1 0 0 1 0 1 2 1 0 1,6,8987,0,179740
3,10,0 1 0 0 1 0 1 2 2 0 1,6,8921,0,178420
3,10,0 1 0 0 1 0 2 2 0 0 1,6,8817,10,176350
3,10,0 1 0 0 1 0 2 2 1 0 1,6,8865,0,177300
3,10,0 1 0 0 1 0 2 2 2 0 1,6,8885,10,177710
3,10,0 1 0 0 1 1 0 2 0 0 1,6,8914,0,178280
3,10,0 1 0 0 1 1 0 2 1 0 1,6,8789,0,175780
3,10,0 1 0 0 1 1 0 2 2 0 1,6,8889,10,177790
3,10,0 1 0 0 1 1 1 2 0 0 1,6,8793,0,175860
3,10,0 1 0 0 1 1 1 2 1 0 1,6,8918,10,178370
3,10,0 1 0 0 1 1 1 2 2 0 1,6,8906,0,178120
3,10,0 1 0 0 1 1 2 2 0 0 1,6,8841,0,176820
3,10,0 1 0 0 1 1 2 2 1 0 1,6,8814,0,176280
3,10,0 1 0 0 1 1 2 2 2 0 1,6,8925,0,178500
3,10,0 1 0 0 1 2 0 0 0 0 1,6,8960,0,179200
3,10,0 1 0 0 1 2 0 0 1 0 1,6,8826,10,176530
3,10,0 1 0 0 1 2 0 0 2 0 1,6,8961,0,179220
3,10,0 1 0 0 1 2 0 2 0 0 1,6,8884,0,177680
3,10,0 1 0 0 1 2 0 2 1 0 1,6,8779,0,175580
3,10,0 1 0 0 1 2 0 2 2 0 1,6,8768,0,175360
3,10,0 1 0 0 1 2 1 0 0 0 1,6,8969,0,179380
3,10,0 1 0 0 1 2 1 0 1 0 1,6,8921,10,178430
3,10,0 1 0 0 1 2 1 0 2 0 1,6,8850,0,177000
3,10,0 1 0 0 1 2 1 2 0 0 1,6,8782,0,175640
3,10,0 1 0 0 1 2 1 2 1 0 1,6,8761,0,175220
3,10,0 1 0 0 1 2 1 2 2 0 1,6,8936,0,178720
3,10,0 1 0 0 1 2 2 0 0 0 1,6,8920,0,178400
3,10,0 1 0 0 1 2 2 0 1 0 1,6,9016,10,180330
3,10,0 1 0 0 1 2 2 0 2 0 1,6,8869,10,177390
3,10,0 1 0 0 1 2 2 2 0 0 1,6,8878,10,177570
3,10,0 1 0 0 1 2 2 2 1 0 1,6,8699,0,173980
3,10,0 1 0 0 1 2 2 2 2 0 1,6,8840,0,176800
3,10,0 1 0 0 2 0 0 2 0 0 1,6,8882,10,177650
3,10,0 1 0 0 2 0 0 2 1 0 1,6,8884,10,177690
3,10,0 1 0 0 2 0 0 2 2 0 1,6,8940,0,178800
3,10,0 1 0 0 2 0 1 2 0 0 1,6,8744,0,174880
3,10,0 1 0 0 2 0 1 2 1 0 1,6,8879,0,177580
3,10,0 1 0 0 2 0 1 2 2 0 1,6,8806,0,176120
3,10,0 1 0 0 2 0 2 2 0 0 1,6,8866,10,177330
3,10,0 1 0 0 2 0 2 2 1 0 1,6,8963,10,179270
3,10,0 1 0 0 2 0 2 2 2 0 1,6,8913,0,178260
3,10,0 1 0 0 2 1 0 2 0 0 1,6,8807,0,176140
3,10,0 1 0 0 2 1 0 2 1 0 1,6,8888,0,177760
3,10,0 1 0 0 2 1 0 2 2 0 1,6,8762,0,175240
3,10,0 1 0 0 2 1 1 2 0 0 1,6,8909,0,178180
3,10,0 1 0 0 2 1 1 2 1 0 1,6,8964,10,179290
3,10,0 1 0 0 2 1 1 2 2 0 1,6,8935,0,178700
3,10,0 1 0 0 2 1 2 2 0 0 1,6,8837,0,176740
3,10,0 1 0 0 2 1 2 2 1 0 1,6,8843,0,176860
3,10,0 1 0 0 2 1 2 2 2 0 1,6,8834,0,176680
3,10,0 1 0 0 2 2 0 0 0 0 1,6,8820,0,176400
3,10,0 1 0 0 2 2 0 0 1 0 1,6,8874,0,177480
3,10,0 1 0 0 2 2 0 0 2 0 1,6,8831,0,176620
3,10,0 1 0 0 2 2 0 2 0 0 1,6,8878,0,177560
3,10,0 1 0 0 2 2 0 2 1 0 1,6,8916,0,178320
3,10,0 1 0 0 2 2 0 2 2 0 1,6,8951,10,179030
3,10,0 1 0 0 2 2 1 0 0 0 1,6,8827,10,176550
3,10,0 1 0 0 2 2 1 0 1 0 1,6,8900,0,178000
3,10,0 1 0 0 2 2 1 0 2 0 1,6,8876,0,177520
3,10,0 1 0 0 2 2 1 2 0 0 1,6,8809,0,176180
3,10,0 1 0 0 2 2 1 2 1 0 1,6,8870,10,177410
3,10,0 1 0 0 2 2 1 2 2 0 1,6,8779,0,175580
3,10,0 1 0 0 2 2 2 0 0 0 1,6,8904,10,178090
3,10,0 1 0 0 2 2 2 0 1 0 1,6,8847,10,176950
3,10,0 1 0 0 2 2 2 0 2 0 1,6,8863,0,177260
3,10,0 1 0 0 2 2 2 2 0 0 1,6,8913,0,178260
3,10,0 1 0 0 2 2 2 2 1 0 1,6,8804,0,176080
3,10,0 1 0 0 2 2 2 2 2 0 1,6,8818,0,176360
3,10,0 1 0 1 0 0 0 2 0 0 1,6,8847,0,176940
3,10,0 1 0 1 0 0 0 2 1 0 1,6,8835,10,176710
3,10,0 1 0 1 0 0 0 2 2 0 1,6,8734,0,174680
3,10,0 1 0 1 0 0 1 2 0 0 1,6,8932,10,178650
3,10,0 1 0 1 0 0 1 2 1 0 1,6,8831,0,176620
3,10,0 1 0 1 0 0 1 2 2 0 1,6,8898,10,177970
3,10,0 1 0 1 0 0 2 2 0 0 1,6,8777,0,175540
3,10,0 1 0 1 0 0 2 2 1 0 1,6,8792,0,175840
3,10,0 1 0 1 0 0 2 2 2 0 1,6,8879,0,177580
3,10,0 1 0 1 0 1 0 2 0 0 1,6,8819,0,176380
3,10,0 1 0 1 0 1 0 2 1 0 1,6,8851,10,177030
3,10,0 1 0 1 0 1 0 2 2 0 1,6,8901,0,178020
3,10,0 1 0 1 0 1 1 2 0 0 1,6,8849,0,176980
3,10,0 1 0 1 0 1 1 2 1 0 1,6,8937,0,178740
3,10,0 1 0 1 0 1 1 2 2 0 1,6,8760,10,175210
3,10,0 1 0 1 0 1 2 2 0 0 1,6,8793,0,175860
3,10,0 1 0 1 0 1 2 2 1 0 1,6,8898,0,177960
3,10,0 1 0 1 0 1 2 2 2 0 1,6,8879,0,177580
3,10,0 1 0 1 0 2 0 0 0 0 1,6,8848,0,176960
3,10,0 1 0 1 0 2 0 0 1 0 1,6,8820,0,176400
3,10,0 1 0 1 0 2 0 0 2 0 1,6,8785,0,175700
3,10,0 1 0 1 0 2 0 2 0 0 1,6,8822,0,176440
3,10,0 1 0 1 0 2 0 2 1 0 1,6,8834,10,176690
3,10,0 1 0 1 0 2 0 2 2 0 1,6,8858,0,177160
3,10,0 1 0 1 0 2 1 0 0 0 1,6,8897,0,177940
3,10,0 1 0 1 0 2 1 0 1 0 1,6,8788,0,175760
3,10,0 1 0 1 0 2 1 0 2 0 1,6,8743,10,174870
3,10,0 1 0 1 0 2 1 2 0 0 1,6,8823,0,176460
3,10,0 1 0 1 0 2 1 2 1 0 1,6,8919,10,178390
3,10,0 1 0 1 0 2 1 2 2 0 1,6,8864,10,177290
3,10,0 1 0 1 0 2 2 0 0 0 1,6,8843,0,176860
3,10,0 1 0 1 0 2 2 0 1 0 1,6,8963,0,179260
3,10,0 1 0 1 0 2 2 0 2 0 1,6,8922,0,178440
3,10,0 1 0 1 0 2 2 2 0 0 1,6,8697,10,173950
3,10,0 1 0 1 0 2 2 2 1 0 1,6,8824,0,176480
3,10,0 1 0 1 0 2 2 2 2 0 1,6,8889,0,177780
3,10,0 1 0 1 1 0 0 2 0 0 1,6,8807,0,176140
3,10,0 1 0 1 1 0 0 2 1 0 1,6,8843,0,176860
3,10,0 1 0 1 1 0 0 2 2 0 1,6,8770,0,175400
3,10,0 1 0 1 1 0 1 2 0 0 1,6,8907,0,178140
3,10,0 1 0 1 1 0 1 2 1 0 1,6,8821,10,176430
3,10,0 1 0 1 1 0 1 2 2 0 1,6,8869,0,177380
3,10,0 1 0 1 1 0 2 2 0 0 1,6,8782,0,175640
3,10,0 1 0 1 1 0 2 2 1 0 1,6,8815,0,176300
3,10,0 1 0 1 1 0 2 2 2 0 1,6,8911,0,178220
3,10,0 1 0 1 1 1 0 2 0 0 1,6,8854,10,177090
3,10,0 1 0 1 1 1 0 2 1 0 1,6,8846,0,176920
3,10,0 1 0 1 1 1 0 2 2 0 1,6,8815,10,176310
3,10,0 1 0 1 1 1 1 2 0 0 1,6,8808,0,176160
3,10,0 1 0 1 1 1 1 2 1 0 1,6,8778,10,175570
3,10,0 1 0 1 1 1 1 2 2 0 1,6,8851,0,177020
3,10,0 1 0 1 1 1 2 2 0 0 1,6,8879,10,177590
3,10,0 1 0 1 1 1 2 2 1 0 1,6,8926,10,178530
3,10,0 1 0 1 1 1 2 2 2 0 1,6,8875,0,177500
3,10,0 1 0 1 1 2 0 0 0 0 1,6,8871,0,177420
3,10,0 1 0 1 1 2 0 0 1 0 1,6,8794,0,175880
3,10,0 1 0 1 1 2 0 0 2 0 1,6,8866,0,177320
3,10,0 1 0 1 1 2 0 2 0 0 1,6,8929,10,178590
3,10,0 1 0 1 1 2 0 2 1 0 1,6,8777,0,175540
3,10,0 1 0 1 1 2 0 2 2 0 1,6,8955,0,179100
3,10,0 1 0 1 1 2 1 0 0 0 1,6,8781,0,175620
3,10,0 1 0 1 1 2 1 0 1 0 1,6,8933,0,178660
3,10,0 1 0 1 1 2 1 0 2 0 1,6,8946,0,178920
3,10,0 1 0 1 1 2 1 2 0 0 1,6,8819,0,176380
3,10,0 1 0 1 1 2 1 2 1 0 1,6,8877,0,177540
3,10,0 1 0 1 1 2 1 2 2 0 1,6,8803,0,176060
3,10,0 1 0 1 1 2 2 0 0 0 1,6,8939,10,178790
3,10,0 1 0 1 1 2 2 0 1 0 1,6,8775,10,175510
3,10,0 1 0 1 1 2 2 0 2 0 1,6,8789,0,175780
3,10,0 1 0 1 1 2 2 2 0 0 1,6,8919,0,178380
3,10,0 1 0 1 1 2 2 2 1 0 1,6,8883,0,177660
3,10,0 1 0 1 1 2 2 2 2 0 1,6,8825,10,176510
3,10,0 1 0 1 2 0 0 2 0 0 1,6,8961,0,179220
3,10,0 1 0 1 2 0 0 2 1 0 1,6,8747,10,174950
3,10,0 1 0 1 2 0 0 2 2 0 1,6,8854,10,177090
3,10,0 1 0 1 2 0 1 2 0 0 1,6,8773,0,175460
3,10,0 1 0 1 2 0 1 2 1 0 1,6,8848,0,176960
3,10,0 1 0 1 2 0 1 2 2 0 1,6,8861,0,177220
3,10,0 1 0 1 2 0 2 2 0 0 1,6,8950,0,179000
3,10,0 1 0 1 2 0 2 2 1 0 1,6,8920,0,178400
3,10,0 1 0 1 2 0 2 2 2 0 1,6,8850,0,177000
3,10,0 1 0 1 2 1 0 2 0 0 1,6,8804,0,176080
3,10,0 1 0 1 2 1 0 2 1 0 1,6,8887,0,177740
3,10,0 1 0 1 2 1 0 2 2 0 1,6,8821,0,176420
3,10,0 1 0 1 2 1 1 2 0 0 1,6,8861,0,177220
3,10,0 1 0 1 2 1 1 2 1 0 1,6,8881,10,177630
3,10,0 1 0 1 2 1 1 2 2 0 1,6,8884,0,177680
3,10,0 1 0 1 2 1 2 2 0 0 1,6,8961,0,179220
3,10,0 1 0 1 2 1 2 2 1 0 1,6,8852,0,177040
3,10,0 1 0 1 2 1 2 2 2 0 1,6,8936,0,178720
3,10,0 1 0 1 2 2 0 0 0 0 1,6,8925,0,178500
3,10,0 1 0 1 2 2 0 0 1 0 1,6,8814,10,176290
3,10,0 1 0 1 2 2 0 0 2 0 1,6,8919,0,178380
3,10,0 1 0 1 2 2 0 2 0 0 1,6,8795,0,175900
3,10,0 1 0 1 2 2 0 2 1 0 1,6,8854,0,177080
3,10,0 1 0 1 2 2 0 2 2 0 1,6,8989,0,179780
3,10,0 1 0 1 2 2 1 0 0 0 1,6,8873,10,177470
3,10,0 1 0 1 2 2 1 0 1 0 1,6,8762,0,175240
3,10,0 1 0 1 2 2 1 0 2 0 1,6,8882,0,177640
3,10,0 1 0 1 2 2 1 2 0 0 1,6,8879,0,177580
3,10,0 1 0 1 2 2 1 2 1 0 1,6,8909,0,178180
3,10,0 1 0 1 2 2 1 2 2 0 1,6,8907,0,178140
3,10,0 1 0 1 2 2 2 0 0 0 1,6,8939,10,178790
3,10,0 1 0 1 2 2 2 0 1 0 1,6,8853,0,177060
3,10,0 1 0 1 2 2 2 0 2 0 1,6,8883,0,177660
3,10,0 1 0 1 2 2 2 2 0 0 1,6,8954,10,179090
3,10,0 1 0 1 2 2 2 2 1 0 1,6,8854,0,177080
3,10,0 1 0 1 2 2 2 2 2 0 1,6,8872,10,177450
3,10,0 1 0 2 0 0 0 0 0 0 1,6,8814,0,176280
3,10,0 1 0 2 0 0 0 0 1 0 1,6,8827,0,176540
3,10,0 1 0 2 0 0 0 0 2 0 1,6,8874,0,177480
3,10,0 1 0 2 0 0 0 2 0 0 1,6,8767,0,175340
3,10,0 1 0 2 0 0 0 2 1 0 1,6,8728,0,174560
3,10,0 1 0 2 0 0 0 2 2 0 1,6,8836,0,176720
3,10,0 1 0 2 0 0 1 0 0 0 1,6,8881,10,177630
3,10,0 1 0 2 0 0 1 0 1 0 1,6,8853,10,177070
3,10,0 1 0 2 0 0 1 0 2 0 1,6,8867,10,177350
3,10,0 1 0 2 0 0 1 2 0 0 1,6,8868,10,177370
3,10,0 1 0 2 0 0 1 2 1 0 1,6,8781,0,175620
3,10,0 1 0 2 0 0 1 2 2 0 1,6,8812,0,176240
3,10,0 1 0 2 0 0 2 0 0 0 1,6,8929,10,178590
3,10,0 1 0 2 0 0 2 0 1 0 1,6,8911,10,178230
3,10,0 1 0 2 0 0 2 0 2 0 1,6,8937,0,178740
3,10,0 1 0 2 0 0 2 2 0 0 1,6,8902,0,178040
3,10,0 1 0 2 0 0 2 2 1 0 1,6,8908,0,178160
3,10,0 1 0 2 0 0 2 2 2 0 1,6,8883,0,177660
3,10,0 1 0 2 0 1 0 2 0 0 1,6,8848,0,176960
3,10,0 1 0 2 0 1 0 2 1 0 1,6,8745,10,174910
3,10,0 1 0 2 0 1 0 2 2 0 1,6,8872,0,177440
3,10,0 1 0 2 0 1 1 2 0 0 1,6,8797,10,175950
3,10,0 1 0 2 0 1 1 2 1 0 1,6,8819,0,176380
3,10,0 1 0 2 0 1 1 2 2 0 1,6,8797,0,175940
3,10,0 1 0 2 0 1 2 2 0 0 1,6,8870,20,177420
3,10,0 1 0 2 0 1 2 2 1 0 1,6,8845,0,176900
3,10,0 1 0 2 0 1 2 2 2 0 1,6,8808,10,176170
3,10,0 1 0 2 0 2 0 0 0 0 1,6,8861,0,177220
3,10,0 1 0 2 0 2 0 0 1 0 1,6,8927,0,178540
3,10,0 1 0 2 0 2 0 0 2 0 1,6,8794,0,175880
3,10,0 1 0 2 0 2 0 2 0 0 1,6,8836,0,176720
3,10,0 1 0 2 0 2 0 2 1 0 1,6,8923,0,178460
3,10,0 1 0 2 0 2 0 2 2 0 1,6,8865,0,177300
3,10,0 1 0 2 0 2 1 0 0 0 1,6,8881,0,177620
3,10,0 1 0 2 0 2 1 0 1 0 1,6,8909,0,178180
3,10,0 1 0 2 0 2 1 0 2 0 1,6,8829,0,176580
3,10,0 1 0 2 0 2 1 2 0 0 1,6,8915,10,178310
3,10,0 1 0 2 0 2 1 2 1 0 1,6,8955,0,179100
3,10,0 1 0 2 0 2 1 2 2 0 1,6,8988,0,179760
3,10,0 1 0 2 0 2 2 0 0 0 1,6,8858,0,177160
3,10,0 1 0 2 0 2 2 0 1 0 1,6,8906,10,178130
3,10,0 1 0 2 0 2 2 0 2 0 1,6,8815,0,176300
3,10,0 1 0 2 0 2 2 2 0 0 1,6,8713,0,174260
3,10,0 1 0 2 0 2 2 2 1 0 1,6,8844,10,176890
3,10,0 1 0 2 0 2 2 2 2 0 1,6,8881,0,177620
3,10,0 1 0 2 1 0 0 0 0 0 1,6,8804,0,176080
3,10,0 1 0 2 1 0 0 0 1 0 1,6,8823,10,176470
3,10,0 1 0 2 1 0 0 0 2 0 1,6,8874,0,177480
3,10,0 1 0 2 1 0 0 2 0 0 1,6,8882,0,177640
3,10,0 1 0 2 1 0 0 2 1 0 1,6,8897,0,177940
3,10,0 1 0 2 1 0 0 2 2 0 1,6,8778,0,175560
3,10,0 1 0 2 1 0 1 0 0 0 1,6,8797,20,175960
3,10,0 1 0 2 1 0 1 0 1 0 1,6,8904,10,178090
3,10,0 1 0 2 1 0 1 0 2 0 1,6,8934,10,178690
3,10,0 1 0 2 1 0 1 2 0 0 1,6,8841,0,176820
3,10,0 1 0 2 1 0 1 2 1 0 1,6,8764,0,175280
3,10,0 1 0 2 1 0 1 2 2 0 1,6,8771,10,175430
3,10,0 1 0 2 1 0 2 0 0 0 1,6,8807,0,176140
3,10,0 1 0 2 1 0 2 0 1 0 1,6,8840,10,176810
3,10,0 1 0 2 1 0 2 0 2 0 1,6,8838,0,176760
3,10,0 1 0 2 1 0 2 2 0 0 1,6,8923,0,178460
3,10,0 1 0 2 1 0 2 2 1 0 1,6,8957,0,179140
3,10,0 1 0 2 1 0 2 2 2 0 1,6,8903,0,178060
3,10,0 1 0 2 1 1 0 2 0 0 1,6,8842,0,176840
3,10,0 1 0 2 1 1 0 2 1 0 1,6,8895,10,177910
3,10,0 1 0 2 1 1 0 2 2 0 1,6,8879,0,177580
3,10,0 1 0 2 1 1 1 2 0 0 1,6,8938,0,178760
3,10,0 1 0 2 1 1 1 2 1 0 1,6,8859,10,177190
3,10,0 1 0 2 1 1 1 2 2 0 1,6,8824,0,176480
3,10,0 1 0 2 1 1 2 2 0 0 1,6,8932,0,178640
3,10,0 1 0 2 1 1 2 2 1 0 1,6,8747,0,174940
3,10,0 1 0 2 1 1 2 2 2 0 1,6,8880,0,177600
3,10,0 1 0 2 1 2 0 0 0 0 1,6,8838,0,176760
3,10,0 1 0 2 1 2 0 0 1 0 1,6,8886,0,177720
3,10,0 1 0 2 1 2 0 0 2 0 1,6,9008,0,180160
3,10,0 1 0 2 1 2 0 2 0 0 1,6,8780,0,175600
3,10,0 1 0 2 1 2 0 2 1 0 1,6,8755,0,175100
3,10,0 1 0 2 1 2 0 2 2 0 1,6,8836,0,176720
3,10,0 1 0 2 1 2 1 0 0 0 1,6,8822,0,176440
3,10,0 1 0 2 1 2 1 0 1 0 1,6,8890,0,177800
3,10,0 1 0 2 1 2 1 0 2 0 1,6,8851,0,177020
3,10,0 1 0 2 1 2 1 2 0 0 1,6,8844,0,176880
3,10,0 1 0 2 1 2 1 2 1 0 1,6,8872,10,177450
3,10,0 1 0 2 1 2 1 2 2 0 1,6,8692,0,173840
3,10,0 1 0 2 1 2 2 0 0 0 1,6,8781,10,175630
3,10,0 1 0 2 1 2 2 0 1 0 1,6,8863,0,177260
3,10,0 1 0 2 1 2 2 0 2 0 1,6,8851,0,177020
3,10,0 1 0 2 1 2 2 2 0 0 1,6,8997,0,179940
3,10,0 1 0 2 1 2 2 2 1 0 1,6,8921,0,178420
3,10,0 1 0 2 1 2 2 2 2 0 1,6,8881,0,177620
3,10,0 1 0 2 2 0 0 0 0 0 1,6,8867,10,177350
3,10,0 1 0 2 2 0 0 0 1 0 1,6,8908,0,178160
3,10,0 1 0 2 2 0 0 0 2 0 1,6,8780,10,175610
3,10,0 1 0 2 2 0 0 2 0 0 1,6,8783,0,175660
3,10,0 1 0 2 2 0 0 2 1 0 1,6,8925,0,178500
3,10,0 1 0 2 2 0 0 2 2 0 1,6,8829,0,176580
3,10,0 1 0 2 2 0 1 0 0 0 1,6,8848,10,176970
3,10,0 1 0 2 2 0 1 0 1 0 1,6,8778,0,175560
3,10,0 1 0 2 2 0 1 0 2 0 1,6,8911,20,178240
3,10,0 1 0 2 2 0 1 2 0 0 1,6,8909,10,178190
3,10,0 1 0 2 2 0 1 2 1 0 1,6,8844,0,176880
3,10,0 1 0 2 2 0 1 2 2 0 1,6,8945,0,178900
3,10,0 1 0 2 2 0 2 0 0 0 1,6,8893,0,177860
3,10,0 1 0 2 2 0 2 0 1 0 1,6,8929,10,178590
3,10,0 1 0 2 2 0 2 0 2 0 1,6,8993,10,179870
3,10,0 1 0 2 2 0 2 2 0 0 1,6,8847,0,176940
3,10,0 1 0 2 2 0 2 2 1 0 1,6,8895,0,177900
3,10,0 1 0 2 2 0 2 2 2 0 1,6,8826,0,176520
3,10,0 1 0 2 2 1 0 2 0 0 1,6,8864,20,177300
3,10,0 1 0 2 2 1 0 2 1 0 1,6,8889,0,177780
3,10,0 1 0 2 2 1 0 2 2 0 1,6,8928,10,178570
3,10,0 1 0 2 2 1 1 2 0 0 1,6,8824,0,176480
3,10,0 1 0 2 2 1 1 2 1 0 1,6,8823,10,176470
3,10,0 1 0 2 2 1 1 2 2 0 1,6,8830,10,176610
3,10,0 1 0 2 2 1 2 2 0 0 1,6,8944,0,178880
3,10,0 1 0 2 2 1 2 2 1 0 1,6,8827,10,176550
3,10,0 1 0 2 2 1 2 2 2 0 1,6,8787,10,175750
3,10,0 1 0 2 2 2 0 0 0 0 1,6,8811,0,176220
3,10,0 1 0 2 2 2 0 0 1 0 1,6,8938,0,178760
3,10,0 1 0 2 2 2 0 0 2 0 1,6,8837,0,176740
3,10,0 1 0 2 2 2 0 2 0 0 1,6,8896,0,177920
3,10,0 1 0 2 2 2 0 2 1 0 1,6,8807,10,176150
3,10,0 1 0 2 2 2 0 2 2 0 1,6,8960,10,179210
3,10,0 1 0 2 2 2 1 0 0 0 1,6,8828,0,176560
3,10,0 1 0 2 2 2 1 0 1 0 1,6,8810,0,176200
3,10,0 1 0 2 2 2 1 0 2 0 1,6,8956,0,179120
3,10,0 1 0 2 2 2 1 2 0 0 1,6,8808,0,176160
3,10,0 1 0 2 2 2 1 2 1 0 1,6,8907,0,178140
3,10,0 1 0 2 2 2 1 2 2 0 1,6,8941,0,178820
3,10,0 1 0 2 2 2 2 0 0 0 1,6,8859,0,177180
3,10,0 1 0 2 2 2 2 0 1 0 1,6,8961,0,179220
3,10,0 1 0 2 2 2 2 0 2 0 1,6,8787,10,175750
3,10,0 1 0 2 2 2 2 2 0 0 1,6,8781,10,175630
3,10,0 1 0 2 2 2 2 2 1 0 1,6,8743,0,174860
3,10,0 1 0 2 2 2 2 2 2 0 1,6,8879,0,177580
3,10,0 1 1 0 0 0 0 2 0 0 1,6,8805,0,176100
3,10,0 1 1 0 0 0 0 2 1 0 1,6,8872,0,177440
3,10,0 1 1 0 0 0 0 2 2 0 1,6,8894,0,177880
3,10,0 1 1 0 0 0 1 2 0 0 1,6,8847,10,176950
3,10,0 1 1 0 0 0 1 2 1 0 1,6,8880,0,177600
3,10,0 1 1 0 0 0 1 2 2 0 1,6,8869,10,177390
3,10,0 1 1 0 0 0 2 2 0 0 1,6,8844,0,176880
3,10,0 1 1 0 0 0 2 2 1 0 1,6,8859,0,177180
3,10,0 1 1 0 0 0 2 2 2 0 1,6,8910,10,178210
3,10,0 1 1 0 0 1 0 2 0 0 1,6,8787,10,175750
3,10,0 1 1 0 0 1 0 2 1 0 1,6,8869,0,177380
3,10,0 1 1 0 0 1 0 2 2 0 1,6,8834,0,176680
3,10,0 1 1 0 0 1 1 2 0 0 1,6,8772,0,175440
3,10,0 1 1 0 0 1 1 2 1 0 1,6,8798,0,175960
3,10,0 1 1 0 0 1 1 2 2 0 1,6,8786,0,175720
3,10,0 1 1 0 0 1 2 2 0 0 1,6,8817,0,176340
3,10,0 1 1 0 0 1 2 2 1 0 1,6,8968,10,179370
3,10,0 1 1 0 0 1 2 2 2 0 1,6,8873,0,177460
3,10,0 1 1 0 0 2 0 0 0 0 1,6,8863,0,177260
3,10,0 1 1 0 0 2 0 0 1 0 1,6,8899,0,177980
3,10,0 1 1 0 0 2 0 0 2 0 1,6,8941,10,178830
3,10,0 1 1 0 0 2 0 2 0 0 1,6,8833,0,176660
3,10,0 1 1 0 0 2 0 2 1 0 1,6,8832,0,176640
3,10,0 1 1 0 0 2 0 2 2 0 1,6,8829,10,176590
3,10,0 1 1 0 0 2 1 0 0 0 1,6,8775,5,175505
3,10,0 1 1 0 0 2 1 0 1 0 1,6,8885,0,177700
3,10,0 1 1 0 0 2 1 0 2 0 1,6,8826,10,176530
3,10,0 1 1 0 0 2 1 2 0 0 1,6,8836,0,176720
3,10,0 1 1 0 0 2 1 2 1 0 1,6,8821,0,176420
3,10,0 1 1 0 0 2 1 2 2 0 1,6,8840,0,176800
3,10,0 1 1 0 0 2 2 0 0 0 1,6,8738,0,174760
3,10,0 1 1 0 0 2 2 0 1 0 1,6,8763,0,175260
3,10,0 1 1 0 0 2 2 0 2 0 1,6,8800,0,176000
3,10,0 1 1 0 0 2 2 2 0 0 1,6,8798,10,175970
3,10,0 1 1 0 0 2 2 2 1 0 1,6,8867,0,177340
3,10,0 1 1 0 0 2 2 2 2 0 1,6,8862,0,177240
3,10,0 1 1 0 1 0 0 2 0 0 1,6,9023,20,180480
3,10,0 1 1 0 1 0 0 2 1 0 1,6,8851,10,177030
3,10,0 1 1 0 1 0 0 2 2 0 1,6,8959,0,179180
3,10,0 1 1 0 1 0 1 2 0 0 1,6,8830,0,176600
3,10,0 1 1 0 1 0 1 2 1 0 1,6,8916,10,178330
3,10,0 1 1 0 1 0 1 2 2 0 1,6,8912,20,178260
3,10,0 1 1 0 1 0 2 2 0 0 1,6,8896,0,177920
3,10,0 1 1 0 1 0 2 2 1 0 1,6,8756,0,175120
3,10,0 1 1 0 1 0 2 2 2 0 1,6,8825,0,176500
3,10,0 1 1 0 1 1 0 2 0 0 1,6,8931,0,178620
3,10,0 1 1 0 1 1 0 2 1 0 1,6,8823,0,176460
3,10,0 1 1 0 1 1 0 2 2 0 1,6,8821,0,176420
3,10,0 1 1 0 1 1 1 2 0 0 1,6,8886,0,177720
3,10,0 1 1 0 1 1 1 2 1 0 1,6,8846,0,176920
3,10,0 1 1 0 1 1 1 2 2 0 1,6,8936,0,178720
3,10,0 1 1 0 1 1 2 2 0 0 1,6,8856,0,177120
3,10,0 1 1 0 1 1 2 2 1 0 1,6,8721,0,174420
3,10,0 1 1 0 1 1 2 2 2 0 1,6,8829,0,176580
3,10,0 1 1 0 1 2 0 0 0 0 1,6,8991,0,179820
3,10,0 1 1 0 1 2 0 0 1 0 1,6,8938,0,178760
3,10,0 1 1 0 1 2 0 0 2 0 1,6,8791,0,175820
3,10,0 1 1 0 1 2 0 2 0 0 1,6,8720,0,174400
3,10,0 1 1 0 1 2 0 2 1 0 1,6,8802,10,176050
3,10,0 1 1 0 1 2 0 2 2 0 1,6,8900,0,178000
3,10,0 1 1 0 1 2 1 0 0 0 1,6,8823,0,176460
3,10,0 1 1 0 1 2 1 0 1 0 1,6,8822,0,176440
3,10,0 1 1 0 1 2 1 0 2 0 1,6,8701,0,174020
3,10,0 1 1 0 1 2 1 2 0 0 1,6,8882,10,177650
3,10,0 1 1 0 1 2 1 2 1 0 1,6,8839,10,176790
3,10,0 1 1 0 1 2 1 2 2 0 1,6,8844,0,176880
3,10,0 1 1 0 1 2 2 0 0 0 1,6,8797,0,175940
3,10,0 1 1 0 1 2 2 0 1 0 1,6,8807,0,176140
3,10,0 1 1 0 1 2 2 0 2 0 1,6,9044,0,180880
3,10,0 1 1 0 1 2 2 2 0 0 1,6,8834,0,176680
3,10,0 1 1 0 1 2 2 2 1 0 1,6,8803,0,176060
3,10,0 1 1 0 1 2 2 2 2 0 1,6,8848,10,176970
3,10,0 1 1 0 2 0 0 2 0 0 1,6,8863,10,177270
3,10,0 1 1 0 2 0 0 2 1 0 1,6,8868,10,177370
3,10,0 1 1 0 2 0 0 2 2 0 1,6,8792,0,175840
3,10,0 1 1 0 2 0 1 2 0 0 1,6,8869,10,177390
3,10,0 1 1 0 2 0 1 2 1 0 1,6,8868,0,177360
3,10,0 1 1 0 2 0 1 2 2 0 1,6,8896,10,177930
3,10,0 1 1 0 2 0 2 2 0 0 1,6,8864,10,177290
3,10,0 1 1 0 2 0 2 2 1 0 1,6,8754,10,175090
3,10,0 1 1 0 2 0 2 2 2 0 1,6,8780,0,175600
3,10,0 1 1 0 2 1 0 2 0 0 1,6,8815,10,176310
3,10,0 1 1 0 2 1 0 2 1 0 1,6,8825,10,176510
3,10,0 1 1 0 2 1 0 2 2 0 1,6,8827,0,176540
3,10,0 1 1 0 2 1 1 2 0 0 1,6,8774,0,175480
3,10,0 1 1 0 2 1 1 2 1 0 1,6,8985,0,179700
3,10,0 1 1 0 2 1 1 2 2 0 1,6,8860,0,177200
3,10,0 1 1 0 2 1 2 2 0 0 1,6,8857,0,177140
3,10,0 1 1 0 2 1 2 2 1 0 1,6,8843,0,176860
3,10,0 1 1 0 2 1 2 2 2 0 1,6,8835,10,176710
3,10,0 1 1 0 2 2 0 0 0 0 1,6,8862,0,177240
3,10,0 1 1 0 2 2 0 0 1 0 1,6,8910,0,178200
3,10,0 1 1 0 2 2 0 0 2 0 1,6,8822,10,176450
3,10,0 1 1 0 2 2 0 2 0 0 1,6,8878,0,177560
3,10,0 1 1 0 2 2 0 2 1 0 1,6,8832,0,176640
3,10,0 1 1 0 2 2 0 2 2 0 1,6,8856,0,177120
3,10,0 1 1 0 2 2 1 0 0 0 1,6,8955,0,179100
3,10,0 1 1 0 2 2 1 0 1 0 1,6,8860,10,177210
3,10,0 1 1 0 2 2 1 0 2 0 1,6,8873,0,177460
3,10,0 1 1 0 2 2 1 2 0 0 1,6,8942,10,178850
3,10,0 1 1 0 2 2 1 2 1 0 1,6,8904,0,178080
3,10,0 1 1 0 2 2 1 2 2 0 1,6,8863,0,177260
3,10,0 1 1 0 2 2 2 0 0 0 1,6,8857,10,177150
3,10,0 1 1 0 2 2 2 0 1 0 1,6,8857,0,177140
3,10,0 1 1 0 2 2 2 0 2 0 1,6,8845,10,176910
3,10,0 1 1 0 2 2 2 2 0 0 1,6,8806,0,176120
3,10,0 1 1 0 2 2 2 2 1 0 1,6,8857,0,177140
3,10,0 1 1 0 2 2 2 2 2 0 1,6,8816,10,176330
3,10,0 1 1 1 0 0 0 2 0 0 1,6,8910,0,178200
3,10,0 1 1 1 0 0 0 2 1 0 1,6,8764,0,175280
3,10,0 1 1 1 0 0 0 2 2 0 1,6,8945,10,178910
3,10,0 1 1 1 0 0 1 2 0 0 1,6,8803,0,176060
3,10,0 1 1 1 0 0 1 2 1 0 1,6,8947,0,178940
3,10,0 1 1 1 0 0 1 2 2 0 1,6,9043,0,180860
3,10,0 1 1 1 0 0 2 2 0 0 1,6,8842,10,176850
3,10,0 1 1 1 0 0 2 2 1 0 1,6,8833,0,176660
3,10,0 1 1 1 0 0 2 2 2 0 1,6,8833,0,176660
3,10,0 1 1 1 0 1 0 2 0 0 1,6,8829,0,176580
3,10,0 1 1 1 0 1 0 2 1 0 1,6,8912,0,178240
3,10,0 1 1 1 0 1 0 2 2 0 1,6,8795,0,175900
3,10,0 1 1 1 0 1 1 2 0 0 1,6,8821,0,176420
3,10,0 1 1 1 0 1 1 2 1 0 1,6,8847,10,176950
3,10,0 1 1 1 0 1 1 2 2 0 1,6,8880,0,177600
3,10,0 1 1 1 0 1 2 2 0 0 1,6,8797,0,175940
3,10,0 1 1 1 0 1 2 2 1 0 1,6,8913,10,178270
3,10,0 1 1 1 0 1 2 2 2 0 1,6,8923,0,178460
3,10,0 1 1 1 0 2 0 0 0 0 1,6,8878,10,177570
3,10,0 1 1 1 0 2 0 0 1 0 1,6,8927,0,178540
3,10,0 1 1 1 0 2 0 0 2 0 1,6,8870,0,177400
3,10,0 1 1 1 0 2 0 2 0 0 1,6,8778,0,175560
3,10,0 1 1 1 0 2 0 2 1 0 1,6,8854,0,177080
3,10,0 1 1 1 0 2 0 2 2 0 1,6,8840,0,176800
3,10,0 1 1 1 0 2 1 0 0 0 1,6,8900,0,178000
3,10,0 1 1 1 0 2 1 0 1 0 1,6,8828,0,176560
3,10,0 1 1 1 0 2 1 0 2 0 1,6,8853,0,177060
3,10,0 1 1 1 0 2 1 2 0 0 1,6,8911,20,178240
3,10,0 1 1 1 0 2 1 2 1 0 1,6,8899,0,177980
3,10,0 1 1 1 0 2 1 2 2 0 1,6,8828,0,176560
3,10,0 1 1 1 0 2 2 0 0 0 1,6,8858,10,177170
3,10,0 1 1 1 0 2 2 0 1 0 1,6,8853,0,177060
3,10,0 1 1 1 0 2 2 0 2 0 1,6,8813,0,176260
3,10,0 1 1 1 0 2 2 2 0 0 1,6,8869,0,177380
3,10,0 1 1 1 0 2 2 2 1 0 1,6,8892,0,177840
3,10,0 1 1 1 0 2 2 2 2 0 1,6,8904,0,178080
3,10,0 1 1 1 1 0 0 2 0 0 1,6,8939,0,178780
3,10,0 1 1 1 1 0 0 2 1 0 1,6,8898,0,177960
3,10,0 1 1 1 1 0 0 2 2 0 1,6,8808,10,176170
3,10,0 1 1 1 1 0 1 2 0 0 1,6,8714,10,174290
3,10,0 1 1 1 1 0 1 2 1 0 1,6,8826,10,176530
3,10,0 1 1 1 1 0 1 2 2 0 1,6,8803,0,176060
3,10,0 1 1 1 1 0 2 2 0 0 1,6,8849,10,176990
3,10,0 1 1 1 1 0 2 2 1 0 1,6,8840,0,176800
3,10,0 1 1 1 1 0 2 2 2 0 1,6,8869,0,177380
3,10,0 1 1 1 1 1 0 2 0 0 1,6,8834,0,176680
3,10,0 1 1 1 1 1 0 2 1 0 1,6,8826,0,176520
3,10,0 1 1 1 1 1 0 2 2 0 1,6,8938,0,178760
3,10,0 1 1 1 1 1 1 2 0 0 1,6,8848,0,176960
3,10,0 1 1 1 1 1 1 2 1 0 1,6,8914,0,178280
3,10,0 1 1 1 1 1 1 2 2 0 1,6,8855,0,177100
3,10,0 1 1 1 1 1 2 2 0 0 1,6,8923,0,178460
3,10,0 1 1 1 1 1 2 2 1 0 1,6,8802,0,176040
3,10,0 1 1 1 1 1 2 2 2 0 1,6,8878,10,177570
3,10,0 1 1 1 1 2 0 0 0 0 1,6,8908,0,178160
3,10,0 1 1 1 1 2 0 0 1 0 1,6,8916,10,178330
3,10,0 1 1 1 1 2 0 0 2 0 1,6,8779,10,175590
3,10,0 1 1 1 1 2 0 2 0 0 1,6,8888,10,177770
3,10,0 1 1 1 1 2 0 2 1 0 1,6,8972,0,179440
3,10,0 1 1 1 1 2 0 2 2 0 1,6,8808,0,176160
3,10,0 1 1 1 1 2 1 0 0 0 1,6,8904,0,178080
3,10,0 1 1 1 1 2 1 0 1 0 1,6,8819,10,176390
3,10,0 1 1 1 1 2 1 0 2 0 1,6,8859,0,177180
3,10,0 1 1 1 1 2 1 2 0 0 1,6,8773,10,175470
3,10,0 1 1 1 1 2 1 2 1 0 1,6,8832,0,176640
3,10,0 1 1 1 1 2 1 2 2 0 1,6,8809,20,176200
3,10,0 1 1 1 1 2 2 0 0 0 1,6,8858,0,177160
3,10,0 1 1 1 1 2 2 0 1 0 1,6,8882,0,177640
3,10,0 1 1 1 1 2 2 0 2 0 1,6,8860,0,177200
3,10,0 1 1 1 1 2 2 2 0 0 1,6,8967,0,179340
3,10,0 1 1 1 1 2 2 2 1 0 1,6,8797,0,175940
3,10,0 1 1 1 1 2 2 2 2 0 1,6,8797,0,175940
3,10,0 1 1 1 2 0 0 2 0 0 1,6,8794,0,175880
3,10,0 1 1 1 2 0 0 2 1 0 1,6,8785,0,175700
3,10,0 1 1 1 2 0 0 2 2 0 1,6,8833,0,176660
3,10,0 1 1 1 2 0 1 2 0 0 1,6,8812,0,176240
3,10,0 1 1 1 2 0 1 2 1 0 1,6,8895,0,177900
3,10,0 1 1 1 2 0 1 2 2 0 1,6,8821,10,176430
3,10,0 1 1 1 2 0 2 2 0 0 1,6,8866,0,177320
3,10,0 1 1 1 2 0 2 2 1 0 1,6,8890,10,177810
3,10,0 1 1 1 2 0 2 2 2 0 1,6,8856,0,177120
3,10,0 1 1 1 2 1 0 2 0 0 1,6,8778,0,175560
3,10,0 1 1 1 2 1 0 2 1 0 1,6,8757,10,175150
3,10,0 1 1 1 2 1 0 2 2 0 1,6,8911,0,178220
3,10,0 1 1 1 2 1 1 2 0 0 1,6,8818,10,176370
3,10,0 1 1 1 2 1 1 2 1 0 1,6,8820,0,176400
3,10,0 1 1 1 2 1 1 2 2 0 1,6,8709,10,174190
3,10,0 1 1 1 2 1 2 2 0 0 1,6,8852,0,177040
3,10,0 1 1 1 2 1 2 2 1 0 1,6,8895,10,177910
3,10,0 1 1 1 2 1 2 2 2 0 1,6,8853,10,177070
3,10,0 1 1 1 2 2 0 0 0 0 1,6,8769,0,175380
3,10,0 1 1 1 2 2 0 0 1 0 1,6,8895,0,177900
3,10,0 1 1 1 2 2 0 0 2 0 1,6,8869,0,177380
3,10,0 1 1 1 2 2 0 2 0 0 1,6,8818,10,176370
3,10,0 1 1 1 2 2 0 2 1 0 1,6,8781,0,175620
3,10,0 1 1 1 2 2 0 2 2 0 1,6,8912,0,178240
3,10,0 1 1 1 2 2 1 0 0 0 1,6,8857,0,177140
3,10,0 1 1 1 2 2 1 0 1 0 1,6,8826,0,176520
3,10,0 1 1 1 2 2 1 0 2 0 1,6,8888,0,177760
3,10,0 1 1 1 2 2 1 2 0 0 1,6,8863,10,177270
3,10,0 1 1 1 2 2 1 2 1 0 1,6,8805,20,176120
3,10,0 1 1 1 2 2 1 2 2 0 1,6,9003,0,180060
3,10,0 1 1 1 2 2 2 0 0 0 1,6,8821,0,176420
3,10,0 1 1 1 2 2 2 0 1 0 1,6,8760,10,175210
3,10,0 1 1 1 2 2 2 0 2 0 1,6,8796,0,175920
3,10,0 1 1 1 2 2 2 2 0 0 1,6,8839,0,176780
3,10,0 1 1 1 2 2 2 2 1 0 1,6,8816,0,176320
3,10,0 1 1 1 2 2 2 2 2 0 1,6,8844,0,176880
3,10,0 1 1 2 0 0 0 0 0 0 1,6,8807,10,176150
3,10,0 1 1 2 0 0 0 0 1 0 1,6,8821,10,176430
3,10,0 1 1 2 0 0 0 0 2 0 1,6,8849,0,176980
3,10,0 1 1 2 0 0 0 2 0 0 1,6,8877,0,177540
3,10,0 1 1 2 0 0 0 2 1 0 1,6,8840,0,176800
3,10,0 1 1 2 0 0 0 2 2 0 1,6,8850,0,177000
3,10,0 1 1 2 0 0 1 0 0 0 1,6,8769,10,175390
3,10,0 1 1 2 0 0 1 0 1 0 1,6,8880,0,177600
3,10,0 1 1 2 0 0 1 0 2 0 1,6,8822,0,176440
3,10,0 1 1 2 0 0 1 2 0 0 1,6,8867,0,177340
3,10,0 1 1 2 0 0 1 2 1 0 1,6,8882,0,177640
3,10,0 1 1 2 0 0 1 2 2 0 1,6,8844,0,176880
3,10,0 1 1 2 0 0 2 0 0 0 1,6,8889,10,177790
3,10,0 1 1 2 0 0 2 0 1 0 1,6,8885,10,177710
3,10,0 1 1 2 0 0 2 0 2 0 1,6,8774,20,175500
3,10,0 1 1 2 0 0 2 2 0 0 1,6,8816,10,176330
3,10,0 1 1 2 0 0 2 2 1 0 1,6,8934,10,178690
3,10,0 1 1 2 0 0 2 2 2 0 1,6,8834,0,176680
3,10,0 1 1 2 0 1 0 2 0 0 1,6,8870,0,177400
3,10,0 1 1 2 0 1 0 2 1 0 1,6,8851,0,177020
3,10,0 1 1 2 0 1 0 2 2 0 1,6,8814,0,176280
3,10,0 1 1 2 0 1 1 2 0 0 1,6,8841,10,176830
3,10,0 1 1 2 0 1 1 2 1 0 1,6,8891,10,177830
3,10,0 1 1 2 0 1 1 2 2 0 1,6,8906,0,178120
3,10,0 1 1 2 0 1 2 2 0 0 1,6,8864,0,177280
3,10,0 1 1 2 0 1 2 2 1 0 1,6,8923,0,178460
3,10,0 1 1 2 0 1 2 2 2 0 1,6,8856,10,177130
3,10,0 1 1 2 0 2 0 0 0 0 1,6,8820,0,176400
3,10,0 1 1 2 0 2 0 0 1 0 1,6,9007,0,180140
3,10,0 1 1 2 0 2 0 0 2 0 1,6,8882,0,177640
3,10,0 1 1 2 0 2 0 2 0 0 1,6,8763,0,175260
3,10,0 1 1 2 0 2 0 2 1 0 1,6,8857,0,177140
3,10,0 1 1 2 0 2 0 2 2 0 1,6,8885,0,177700
3,10,0 1 1 2 0 2 1 0 0 0 1,6,8880,0,177600
3,10,0 1 1 2 0 2 1 0 1 0 1,6,8819,0,176380
3,10,0 1 1 2 0 2 1 0 2 0 1,6,8746,0,174920
3,10,0 1 1 2 0 2 1 2 0 0 1,6,8789,0,175780
3,10,0 1 1 2 0 2 1 2 1 0 1,6,8826,10,176530
3,10,0 1 1 2 0 2 1 2 2 0 1,6,8912,10,178250
3,10,0 1 1 2 0 2 2 0 0 0 1,6,8785,0,175700
3,10,0 1 1 2 0 2 2 0 1 0 1,6,8853,0,177060
3,10,0 1 1 2 0 2 2 0 2 0 1,6,8839,0,176780
3,10,0 1 1 2 0 2 2 2 0 0 1,6,8915,0,178300
3,10,0 1 1 2 0 2 2 2 1 0 1,6,8813,10,176270
3,10,0 1 1 2 0 2 2 2 2 0 1,6,8813,0,176260
3,10,0 1 1 2 1 0 0 0 0 0 1,6,8887,0,177740
3,10,0 1 1 2 1 0 0 0 1 0 1,6,8810,0,176200
3,10,0 1 1 2 1 0 0 0 2 0 1,6,8894,0,177880
3,10,0 1 1 2 1 0 0 2 0 0 1,6,8834,0,176680
3,10,0 1 1 2 1 0 0 2 1 0 1,6,8877,0,177540
3,10,0 1 1 2 1 0 0 2 2 0 1,6,8929,10,178590
3,10,0 1 1 2 1 0 1 0 0 0 1,6,8924,0,178480
3,10,0 1 1 2 1 0 1 0 1 0 1,6,8703,0,174060
3,10,0 1 1 2 1 0 1 0 2 0 1,6,8747,0,174940
3,10,0 1 1 2 1 0 1 2 0 0 1,6,8775,0,175500
3,10,0 1 1 2 1 0 1 2 1 0 1,6,8945,0,178900
3,10,0 1 1 2 1 0 1 2 2 0 1,6,8898,0,177960
3,10,0 1 1 2 1 0 2 0 0 0 1,6,8888,0,177760
3,10,0 1 1 2 1 0 2 0 1 0 1,6,8860,10,177210
3,10,0 1 1 2 1 0 2 0 2 0 1,6,8893,0,177860
3,10,0 1 1 2 1 0 2 2 0 0 1,6,8922,10,178450
3,10,0 1 1 2 1 0 2 2 1 0 1,6,8931,0,178620
3,10,0 1 1 2 1 0 2 2 2 0 1,6,8926,10,178530
3,10,0 1 1 2 1 1 0 2 0 0 1,6,8909,10,178190
3,10,0 1 1 2 1 1 0 2 1 0 1,6,8730,0,174600
3,10,0 1 1 2 1 1 0 2 2 0 1,6,8932,10,178650
3,10,0 1 1 2 1 1 1 2 0 0 1,6,8925,0,178500
3,10,0 1 1 2 1 1 1 2 1 0 1,6,8890,10,177810
3,10,0 1 1 2 1 1 1 2 2 0 1,6,8884,20,177700
3,10,0 1 1 2 1 1 2 2 0 0 1,6,8859,10,177190
3,10,0 1 1 2 1 1 2 2 1 0 1,6,8898,10,177970
3,10,0 1 1 2 1 1 2 2 2 0 1,6,8791,0,175820
3,10,0 1 1 2 1 2 0 0 0 0 1,6,8842,0,176840
3,10,0 1 1 2 1 2 0 0 1 0 1,6,8922,10,178450
3,10,0 1 1 2 1 2 0 0 2 0 1,6,8822,0,176440
3,10,0 1 1 2 1 2 0 2 0 0 1,6,8811,0,176220
3,10,0 1 1 2 1 2 0 2 1 0 1,6,8798,0,175960
3,10,0 1 1 2 1 2 0 2 2 0 1,6,8843,10,176870
3,10,0 1 1 2 1 2 1 0 0 0 1,6,8761,10,175230
3,10,0 1 1 2 1 2 1 0 1 0 1,6,8806,0,176120
3,10,0 1 1 2 1 2 1 0 2 0 1,6,8779,0,175580
3,10,0 1 1 2 1 2 1 2 0 0 1,6,8779,0,175580
3,10,0 1 1 2 1 2 1 2 1 0 1,6,8840,0,176800
3,10,0 1 1 2 1 2 1 2 2 0 1,6,8914,0,178280
3,10,0 1 1 2 1 2 2 0 0 0 1,6,8925,0,178500
3,10,0 1 1 2 1 2 2 0 1 0 1,6,8898,0,177960
3,10,0 1 1 2 1 2 2 0 2 0 1,6,8826,10,176530
3,10,0 1 1 2 1 2 2 2 0 0 1,6,8839,0,176780
3,10,0 1 1 2 1 2 2 2 1 0 1,6,8788,0,175760
3,10,0 1 1 2 1 2 2 2 2 0 1,6,8757,0,175140
3,10,0 1 1 2 2 0 0 0 0 0 1,6,8912,0,178240
3,10,0 1 1 2 2 0 0 0 1 0 1,6,8885,10,177710
3,10,0 1 1 2 2 0 0 0 2 0 1,6,8860,20,177220
3,10,0 1 1 2 2 0 0 2 0 0 1,6,8855,10,177110
3,10,0 1 1 2 2 0 0 2 1 0 1,6,8967,0,179340
3,10,0 1 1 2 2 0 0 2 2 0 1,6,8908,0,178160
3,10,0 1 1 2 2 0 1 0 0 0 1,6,8898,0,177960
3,10,0 1 1 2 2 0 1 0 1 0 1,6,8910,0,178200
3,10,0 1 1 2 2 0 1 0 2 0 1,6,8826,0,176520
3,10,0 1 1 2 2 0 1 2 0 0 1,6,8881,0,177620
3,10,0 1 1 2 2 0 1 2 1 0 1,6,8787,0,175740
3,10,0 1 1 2 2 0 1 2 2 0 1,6,8861,0,177220
3,10,0 1 1 2 2 0 2 0 0 0 1,6,8774,0,175480
3,10,0 1 1 2 2 0 2 0 1 0 1,6,8871,0,177420
3,10,0 1 1 2 2 0 2 0 2 0 1,6,8868,0,177360
3,10,0 1 1 2 2 0 2 2 0 0 1,6,8885,0,177700
3,10,0 1 1 2 2 0 2 2 1 0 1,6,8901,10,178030
3,10,0 1 1 2 2 0 2 2 2 0 1,6,8893,0,177860
3,10,0 1 1 2 2 1 0 2 0 0 1,6,8738,0,174760
3,10,0 1 1 2 2 1 0 2 1 0 1,6,8800,0,176000
3,10,0 1 1 2 2 1 0 2 2 0 1,6,8849,10,176990
3,10,0 1 1 2 2 1 1 2 0 0 1,6,8866,10,177330
3,10,0 1 1 2 2 1 1 2 1 0 1,6,8840,0,176800
3,10,0 1 1 2 2 1 1 2 2 0 1,6,8837,10,176750
3,10,0 1 1 2 2 1 2 2 0 0 1,6,8740,10,174810
3,10,0 1 1 2 2 1 2 2 1 0 1,6,8853,0,177060
3,10,0 1 1 2 2 1 2 2 2 0 1,6,8910,0,178200
3,10,0 1 1 2 2 2 0 0 0 0 1,6,8858,0,177160
3,10,0 1 1 2 2 2 0 0 1 0 1,6,8817,0,176340
3,10,0 1 1 2 2 2 0 0 2 0 1,6,8860,0,177200
3,10,0 1 1 2 2 2 0 2 0 0 1,6,8943,10,178870
3,10,0 1 1 2 2 2 0 2 1 0 1,6,8856,0,177120
3,10,0 1 1 2 2 2 0 2 2 0 1,6,8910,0,178200
3,10,0 1 1 2 2 2 1 0 0 0 1,6,8903,10,178070
3,10,0 1 1 2 2 2 1 0 1 0 1,6,8836,0,176720
3,10,0 1 1 2 2 2 1 0 2 0 1,6,8835,0,176700
3,10,0 1 1 2 2 2 1 2 0 0 1,6,8846,0,176920
3,10,0 1 1 2 2 2 1 2 1 0 1,6,8849,0,176980
3,10,0 1 1 2 2 2 1 2 2 0 1,6,8859,0,177180
3,10,0 1 1 2 2 2 2 0 0 0 1,6,8874,0,177480
3,10,0 1 1 2 2 2 2 0 1 0 1,6,8886,0,177720
3,10,0 1 1 2 2 2 2 0 2 0 1,6,8890,0,177800
3,10,0 1 1 2 2 2 2 2 0 0 1,6,8749,0,174980
3,10,0 1 1 2 2 2 2 2 1 0 1,6,8884,10,177690
3,10,0 1 1 2 2 2 2 2 2 0 1,6,8847,0,176940
3,10,0 1 2 0 0 0 0 2 0 0 1,6,8925,0,178500
3,10,0 1 2 0 0 0 0 2 1 0 1,6,8984,0,179680
3,10,0 1 2 0 0 0 0 2 2 0 1,6,8770,0,175400
3,10,0 1 2 0 0 0 1 2 0 0 1,6,8876,0,177520
3,10,0 1 2 0 0 0 1 2 1 0 1,6,8857,0,177140
3,10,0 1 2 0 0 0 1 2 2 0 1,6,8676,10,173530
3,10,0 1 2 0 0 0 2 2 0 0 1,6,9012,10,180250
3,10,0 1 2 0 0 0 2 2 1 0 1,6,8829,10,176590
3,10,0 1 2 0 0 0 2 2 2 0 1,6,8843,0,176860
3,10,0 1 2 0 0 1 0 2 0 0 1,6,8975,0,179500
3,10,0 1 2 0 0 1 0 2 1 0 1,6,8740,0,174800
3,10,0 1 2 0 0 1 0 2 2 0 1,6,8923,0,178460
3,10,0 1 2 0 0 1 1 2 0 0 1,6,8844,0,176880
3,10,0 1 2 0 0 1 1 2 1 0 1,6,8810,0,176200
3,10,0 1 2 0 0 1 1 2 2 0 1,6,8903,0,178060
3,10,0 1 2 0 0 1 2 2 0 0 1,6,9024,0,180480
3,10,0 1 2 0 0 1 2 2 1 0 1,6,8838,0,176760
3,10,0 1 2 0 0 1 2 2 2 0 1,6,8844,0,176880
3,10,0 1 2 0 0 2 0 0 0 0 1,6,8931,0,178620
3,10,0 1 2 0 0 2 0 0 1 0 1,6,8874,0,177480
3,10,0 1 2 0 0 2 0 0 2 0 1,6,8821,10,176430
3,10,0 1 2 0 0 2 0 2 0 0 1,6,8837,0,176740
3,10,0 1 2 0 0 2 0 2 1 0 1,6,8841,10,176830
3,10,0 1 2 0 0 2 0 2 2 0 1,6,8928,0,178560
3,10,0 1 2 0 0 2 1 0 0 0 1,6,8877,0,177540
3,10,0 1 2 0 0 2 1 0 1 0 1,6,8879,10,177590
3,10,0 1 2 0 0 2 1 0 2 0 1,6,8883,10,177670
3,10,0 1 2 0 0 2 1 2 0 0 1,6,8822,0,176440
3,10,0 1 2 0 0 2 1 2 1 0 1,6,8717,0,174340
3,10,0 1 2 0 0 2 1 2 2 0 1,6,8820,0,176400
3,10,0 1 2 0 0 2 2 0 0 0 1,6,8837,0,176740
3,10,0 1 2 0 0 2 2 0 1 0 1,6,8815,10,176310
3,10,0 1 2 0 0 2 2 0 2 0 1,6,8846,0,176920
3,10,0 1 2 0 0 2 2 2 0 0 1,6,8820,10,176410
3,10,0 1 2 0 0 2 2 2 1 0 1,6,8935,0,178700
3,10,0 1 2 0 0 2 2 2 2 0 1,6,8851,0,177020
3,10,0 1 2 0 1 0 0 2 0 0 1,6,8849,0,176980
3,10,0 1 2 0 1 0 0 2 1 0 1,6,8806,0,176120
3,10,0 1 2 0 1 0 0 2 2 0 1,6,8766,10,175330
3,10,0 1 2 0 1 0 1 2 0 0 1,6,8883,10,177670
3,10,0 1 2 0 1 0 1 2 1 0 1,6,8868,0,177360
3,10,0 1 2 0 1 0 1 2 2 0 1,6,8903,10,178070
3,10,0 1 2 0 1 0 2 2 0 0 1,6,8859,0,177180
3,10,0 1 2 0 1 0 2 2 1 0 1,6,8831,0,176620
3,10,0 1 2 0 1 0 2 2 2 0 1,6,8933,0,178660
3,10,0 1 2 0 1 1 0 2 0 0 1,6,8815,0,176300
3,10,0 1 2 0 1 1 0 2 1 0 1,6,8855,0,177100
3,10,0 1 2 0 1 1 0 2 2 0 1,6,8860,0,177200
3,10,0 1 2 0 1 1 1 2 0 0 1,6,8905,10,178110
3,10,0 1 2 0 1 1 1 2 1 0 1,6,8882,0,177640
3,10,0 1 2 0 1 1 1 2 2 0 1,6,8784,10,175690
3,10,0 1 2 0 1 1 2 2 0 0 1,6,8926,0,178520
3,10,0 1 2 0 1 1 2 2 1 0 1,6,8864,10,177290
3,10,0 1 2 0 1 1 2 2 2 0 1,6,8867,0,177340
3,10,0 1 2 0 1 2 0 0 0 0 1,6,8831,0,176620
3,10,0 1 2 0 1 2 0 0 1 0 1,6,8830,0,176600
3,10,0 1 2 0 1 2 0 0 2 0 1,6,8757,10,175150
3,10,0 1 2 0 1 2 0 2 0 0 1,6,8817,10,176350
3,10,0 1 2 0 1 2 0 2 1 0 1,6,8871,0,177420
3,10,0 1 2 0 1 2 0 2 2 0 1,6,8892,0,177840
3,10,0 1 2 0 1 2 1 0 0 0 1,6,8832,0,176640
3,10,0 1 2 0 1 2 1 0 1 0 1,6,8958,0,179160
3,10,0 1 2 0 1 2 1 0 2 0 1,6,8797,0,175940
3,10,0 1 2 0 1 2 1 2 0 0 1,6,8983,0,179660
3,10,0 1 2 0 1 2 1 2 1 0 1,6,8836,0,176720
3,10,0 1 2 0 1 2 1 2 2 0 1,6,8788,0,175760
3,10,0 1 2 0 1 2 2 0 0 0 1,6,8809,0,176180
3,10,0 1 2 0 1 2 2 0 1 0 1,6,8724,0,174480
3,10,0 1 2 0 1 2 2 0 2 0 1,6,8929,0,178580
3,10,0 1 2 0 1 2 2 2 0 0 1,6,8846,0,176920
3,10,0 1 2 0 1 2 2 2 1 0 1,6,8894,10,177890
3,10,0 1 2 0 1 2 2 2 2 0 1,6,8810,10,176210
3,10,0 1 2 0 2 0 0 2 0 0 1,6,8823,0,176460
3,10,0 1 2 0 2 0 0 2 1 0 1,6,8901,10,178030
3,10,0 1 2 0 2 0 0 2 2 0 1,6,8948,0,178960
3,10,0 1 2 0 2 0 1 2 0 0 1,6,8919,10,178390
3,10,0 1 2 0 2 0 1 2 1 0 1,6,8954,0,179080
3,10,0 1 2 0 2 0 1 2 2 0 1,6,8791,0,175820
3,10,0 1 2 0 2 0 2 2 0 0 1,6,8859,10,177190
3,10,0 1 2 0 2 0 2 2 1 0 1,6,8802,0,176040
3,10,0 1 2 0 2 0 2 2 2 0 1,6,8922,20,178460
3,10,0 1 2 0 2 1 0 2 0 0 1,6,8846,0,176920
3,10,0 1 2 0 2 1 0 2 1 0 1,6,8812,0,176240
3,10,0 1 2 0 2 1 0 2 2 0 1,6,8860,0,177200
3,10,0 1 2 0 2 1 1 2 0 0 1,6,8895,0,177900
3,10,0 1 2 0 2 1 1 2 1 0 1,6,8995,10,179910
3,10,0 1 2 0 2 1 1 2 2 0 1,6,8783,0,175660
3,10,0 1 2 0 2 1 2 2 0 0 1,6,8920,0,178400
3,10,0 1 2 0 2 1 2 2 1 0 1,6,8888,0,177760
3,10,0 1 2 0 2 1 2 2 2 0 1,6,8892,0,177840
3,10,0 1 2 0 2 2 0 0 0 0 1,6,8901,10,178030
3,10,0 1 2 0 2 2 0 0 1 0 1,6,8822,10,176450
3,10,0 1 2 0 2 2 0 0 2 0 1,6,8930,10,178610
3,10,0 1 2 0 2 2 0 2 0 0 1,6,8872,10,177450
3,10,0 1 2 0 2 2 0 2 1 0 1,6,8844,0,176880
3,10,0 1 2 0 2 2 0 2 2 0 1,6,8885,10,177710
3,10,0 1 2 0 2 2 1 0 0 0 1,6,8870,10,177410
3,10,0 1 2 0 2 2 1 0 1 0 1,6,8812,0,176240
3,10,0 1 2 0 2 2 1 0 2 0 1,6,8776,0,175520
3,10,0 1 2 0 2 2 1 2 0 0 1,6,8838,0,176760
3,10,0 1 2 0 2 2 1 2 1 0 1,6,8931,10,178630
3,10,0 1 2 0 2 2 1 2 2 0 1,6,8856,10,177130
3,10,0 1 2 0 2 2 2 0 0 0 1,6,8916,0,178320
3,10,0 1 2 0 2 2 2 0 1 0 1,6,8852,0,177040
3,10,0 1 2 0 2 2 2 0 2 0 1,6,8833,0,176660
3,10,0 1 2 0 2 2 2 2 0 0 1,6,8802,0,176040
3,10,0 1 2 0 2 2 2 2 1 0 1,6,8882,0,177640
3,10,0 1 2 0 2 2 2 2 2 0 1,6,8883,0,177660
3,10,0 1 2 1 0 0 0 2 0 0 1,6,8837,0,176740
3,10,0 1 2 1 0 0 0 2 1 0 1,6,8801,10,176030
3,10,0 1 2 1 0 0 0 2 2 0 1,6,8804,10,176090
3,10,0 1 2 1 0 0 1 2 0 0 1,6,8965,0,179300
3,10,0 1 2 1 0 0 1 2 1 0 1,6,8945,10,178910
3,10,0 1 2 1 0 0 1 2 2 0 1,6,8970,0,179400
3,10,0 1 2 1 0 0 2 2 0 0 1,6,8860,0,177200
3,10,0 1 2 1 0 0 2 2 1 0 1,6,8756,0,175120
3,10,0 1 2 1 0 0 2 2 2 0 1,6,8838,10,176770
3,10,0 1 2 1 0 1 0 2 0 0 1,6,8895,0,177900
3,10,0 1 2 1 0 1 0 2 1 0 1,6,8853,10,177070
3,10,0 1 2 1 0 1 0 2 2 0 1,6,8852,0,177040
3,10,0 1 2 1 0 1 1 2 0 0 1,6,8778,0,175560
3,10,0 1 2 1 0 1 1 2 1 0 1,6,8943,0,178860
3,10,0 1 2 1 0 1 1 2 2 0 1,6,9014,0,180280
3,10,0 1 2 1 0 1 2 2 0 0 1,6,8918,0,178360
3,10,0 1 2 1 0 1 2 2 1 0 1,6,8771,0,175420
3,10,0 1 2 1 0 1 2 2 2 0 1,6,8858,0,177160
3,10,0 1 2 1 0 2 0 0 0 0 1,6,8894,0,177880
3,10,0 1 2 1 0 2 0 0 1 0 1,6,8772,0,175440
3,10,0 1 2 1 0 2 0 0 2 0 1,6,8898,0,177960
3,10,0 1 2 1 0 2 0 2 0 0 1,6,8901,0,178020
3,10,0 1 2 1 0 2 0 2 1 0 1,6,8915,0,178300
3,10,0 1 2 1 0 2 0 2 2 0 1,6,8834,0,176680
3,10,0 1 2 1 0 2 1 0 0 0 1,6,8834,0,176680
3,10,0 1 2 1 0 2 1 0 1 0 1,6,8903,10,178070
3,10,0 1 2 1 0 2 1 0 2 0 1,6,8771,0,175420
3,10,0 1 2 1 0 2 1 2 0 0 1,6,8774,0,175480
3,10,0 1 2 1 0 2 1 2 1 0 1,6,8927,0,178540
3,10,0 1 2 1 0 2 1 2 2 0 1,6,8964,10,179290
3,10,0 1 2 1 0 2 2 0 0 0 1,6,8848,10,176970
3,10,0 1 2 1 0 2 2 0 1 0 1,6,8804,0,176080
3,10,0 1 2 1 0 2 2 0 2 0 1,6,8865,10,177310
3,10,0 1 2 1 0 2 2 2 0 0 1,6,8864,0,177280
3,10,0 1 2 1 0 2 2 2 1 0 1,6,8883,0,177660
3,10,0 1 2 1 0 2 2 2 2 0 1,6,8808,10,176170
3,10,0 1 2 1 1 0 0 2 0 0 1,6,8888,10,177770
3,10,0 1 2 1 1 0 0 2 1 0 1,6,8757,10,175150
3,10,0 1 2 1 1 0 0 2 2 0 1,6,8846,0,176920
3,10,0 1 2 1 1 0 1 2 0 0 1,6,8918,0,178360
3,10,0 1 2 1 1 0 1 2 1 0 1,6,8770,0,175400
3,10,0 1 2 1 1 0 1 2 2 0 1,6,8772,0,175440
3,10,0 1 2 1 1 0 2 2 0 0 1,6,8826,0,176520
3,10,0 1 2 1 1 0 2 2 1 0 1,6,8861,0,177220
3,10,0 1 2 1 1 0 2 2 2 0 1,6,8786,10,175730
3,10,0 1 2 1 1 1 0 2 0 0 1,6,8748,0,174960
3,10,0 1 2 1 1 1 0 2 1 0 1,6,8764,0,175280
3,10,0 1 2 1 1 1 0 2 2 0 1,6,8845,0,176900
3,10,0 1 2 1 1 1 1 2 0 0 1,6,8787,10,175750
3,10,0 1 2 1 1 1 1 2 1 0 1,6,8913,0,178260
3,10,0 1 2 1 1 1 1 2 2 0 1,6,8831,0,176620
3,10,0 1 2 1 1 1 2 2 0 0 1,6,8926,0,178520
3,10,0 1 2 1 1 1 2 2 1 0 1,6,8849,10,176990
3,10,0 1 2 1 1 1 2 2 2 0 1,6,8804,0,176080
3,10,0 1 2 1 1 2 0 0 0 0 1,6,8963,10,179270
3,10,0 1 2 1 1 2 0 0 1 0 1,6,8854,10,177090
3,10,0 1 2 1 1 2 0 0 2 0 1,6,8794,0,175880
3,10,0 1 2 1 1 2 0 2 0 0 1,6,8973,0,179460
3,10,0 1 2 1 1 2 0 2 1 0 1,6,8989,0,179780
3,10,0 1 2 1 1 2 0 2 2 0 1,6,8824,10,176490
3,10,0 1 2 1 1 2 1 0 0 0 1,6,8850,0,177000
3,10,0 1 2 1 1 2 1 0 1 0 1,6,8874,0,177480
3,10,0 1 2 1 1 2 1 0 2 0 1,6,8892,0,177840
3,10,0 1 2 1 1 2 1 2 0 0 1,6,8792,10,175850
3,10,0 1 2 1 1 2 1 2 1 0 1,6,8877,0,177540
3,10,0 1 2 1 1 2 1 2 2 0 1,6,8880,0,177600
3,10,0 1 2 1 1 2 2 0 0 0 1,6,8773,0,175460
3,10,0 1 2 1 1 2 2 0 1 0 1,6,8873,0,177460
3,10,0 1 2 1 1 2 2 0 2 0 1,6,8799,0,175980
3,10,0 1 2 1 1 2 2 2 0 0 1,6,8917,0,178340
3,10,0 1 2 1 1 2 2 2 1 0 1,6,8860,10,177210
3,10,0 1 2 1 1 2 2 2 2 0 1,6,8857,0,177140
3,10,0 1 2 1 2 0 0 2 0 0 1,6,8923,0,178460
3,10,0 1 2 1 2 0 0 2 1 0 1,6,8709,0,174180
3,10,0 1 2 1 2 0 0 2 2 0 1,6,8789,0,175780
3,10,0 1 2 1 2 0 1 2 0 0 1,6,8916,0,178320
3,10,0 1 2 1 2 0 1 2 1 0 1,6,8905,10,178110
3,10,0 1 2 1 2 0 1 2 2 0 1,6,8710,0,174200
3,10,0 1 2 1 2 0 2 2 0 0 1,6,8836,0,176720
3,10,0 1 2 1 2 0 2 2 1 0 1,6,8851,0,177020
3,10,0 1 2 1 2 0 2 2 2 0 1,6,8901,0,178020
3,10,0 1 2 1 2 1 0 2 0 0 1,6,8817,0,176340
3,10,0 1 2 1 2 1 0 2 1 0 1,6,8961,0,179220
3,10,0 1 2 1 2 1 0 2 2 0 1,6,8808,0,176160
3,10,0 1 2 1 2 1 1 2 0 0 1,6,8807,0,176140
3,10,0 1 2 1 2 1 1 2 1 0 1,6,8884,10,177690
3,10,0 1 2 1 2 1 1 2 2 0 1,6,8888,0,177760
3,10,0 1 2 1 2 1 2 2 0 0 1,6,8770,10,175410
3,10,0 1 2 1 2 1 2 2 1 0 1,6,8899,10,177990
3,10,0 1 2 1 2 1 2 2 2 0 1,6,8864,0,177280
3,10,0 1 2 1 2 2 0 0 0 0 1,6,8875,0,177500
3,10,0 1 2 1 2 2 0 0 1 0 1,6,8886,0,177720
3,10,0 1 2 1 2 2 0 0 2 0 1,6,8844,10,176890
3,10,0 1 2 1 2 2 0 2 0 0 1,6,8816,10,176330
3,10,0 1 2 1 2 2 0 2 1 0 1,6,8930,5,178605
3,10,0 1 2 1 2 2 0 2 2 0 1,6,8789,0,175780
3,10,0 1 2 1 2 2 1 0 0 0 1,6,8834,0,176680
3,10,0 1 2 1 2 2 1 0 1 0 1,6,8756,0,175120
3,10,0 1 2 1 2 2 1 0 2 0 1,6,8786,0,175720
3,10,0 1 2 1 2 2 1 2 0 0 1,6,8885,10,177710
3,10,0 1 2 1 2 2 1 2 1 0 1,6,8799,0,175980
3,10,0 1 2 1 2 2 1 2 2 0 1,6,8869,10,177390
3,10,0 1 2 1 2 2 2 0 0 0 1,6,8828,0,176560
3,10,0 1 2 1 2 2 2 0 1 0 1,6,8895,0,177900
3,10,0 1 2 1 2 2 2 0 2 0 1,6,8875,0,177500
3,10,0 1 2 1 2 2 2 2 0 0 1,6,8883,0,177660
3,10,0 1 2 1 2 2 2 2 1 0 1,6,8851,0,177020
3,10,0 1 2 1 2 2 2 2 2 0 1,6,8703,0,174060
3,10,0 1 2 2 0 0 0 0 0 0 1,6,8936,0,178720
3,10,0 1 2 2 0 0 0 0 1 0 1,6,8731,10,174630
3,10,0 1 2 2 0 0 0 0 2 0 1,6,8899,0,177980
3,10,0 1 2 2 0 0 0 2 0 0 1,6,8954,0,179080
3,10,0 1 2 2 0 0 0 2 1 0 1,6,8934,0,178680
3,10,0 1 2 2 0 0 0 2 2 0 1,6,8784,0,175680
3,10,0 1 2 2 0 0 1 0 0 0 1,6,8760,0,175200
3,10,0 1 2 2 0 0 1 0 1 0 1,6,8793,0,175860
3,10,0 1 2 2 0 0 1 0 2 0 1,6,8813,10,176270
3,10,0 1 2 2 0 0 1 2 0 0 1,6,8834,0,176680
3,10,0 1 2 2 0 0 1 2 1 0 1,6,8810,10,176210
3,10,0 1 2 2 0 0 1 2 2 0 1,6,8837,0,176740
3,10,0 1 2 2 0 0 2 0 0 0 1,6,8817,10,176350
3,10,0 1 2 2 0 0 2 0 1 0 1,6,8897,0,177940
3,10,0 1 2 2 0 0 2 0 2 0 1,6,8850,0,177000
3,10,0 1 2 2 0 0 2 2 0 0 1,6,8905,10,178110
3,10,0 1 2 2 0 0 2 2 1 0 1,6,8820,0,176400
3,10,0 1 2 2 0 0 2 2 2 0 1,6,8739,0,174780
3,10,0 1 2 2 0 1 0 2 0 0 1,6,8912,0,178240
3,10,0 1 2 2 0 1 0 2 1 0 1,6,8954,10,179090
3,10,0 1 2 2 0 1 0 2 2 0 1,6,8847,10,176950
3,10,0 1 2 2 0 1 1 2 0 0 1,6,8807,0,176140
3,10,0 1 2 2 0 1 1 2 1 0 1,6,8775,10,175510
3,10,0 1 2 2 0 1 1 2 2 0 1,6,8928,10,178570
3,10,0 1 2 2 0 1 2 2 0 0 1,6,8850,0,177000
3,10,0 1 2 2 0 1 2 2 1 0 1,6,8748,10,174970
3,10,0 1 2 2 0 1 2 2 2 0 1,6,8885,0,177700
3,10,0 1 2 2 0 2 0 0 0 0 1,6,8922,0,178440
3,10,0 1 2 2 0 2 0 0 1 0 1,6,8827,0,176540
3,10,0 1 2 2 0 2 0 0 2 0 1,6,8897,10,177950
3,10,0 1 2 2 0 2 0 2 0 0 1,6,8885,0,177700
3,10,0 1 2 2 0 2 0 2 1 0 1,6,8928,0,178560
3,10,0 1 2 2 0 2 0 2 2 0 1,6,8854,10,177090
3,10,0 1 2 2 0 2 1 0 0 0 1,6,8875,10,177510
3,10,0 1 2 2 0 2 1 0 1 0 1,6,8841,0,176820
3,10,0 1 2 2 0 2 1 0 2 0 1,6,8855,0,177100
3,10,0 1 2 2 0 2 1 2 0 0 1,6,8776,0,175520
3,10,0 1 2 2 0 2 1 2 1 0 1,6,8811,0,176220
3,10,0 1 2 2 0 2 1 2 2 0 1,6,8799,0,175980
3,10,0 1 2 2 0 2 2 0 0 0 1,6,8901,10,178030
3,10,0 1 2 2 0 2 2 0 1 0 1,6,8860,0,177200
3,10,0 1 2 2 0 2 2 0 2 0 1,6,8813,10,176270
3,10,0 1 2 2 0 2 2 2 0 0 1,6,8899,0,177980
3,10,0 1 2 2 0 2 2 2 1 0 1,6,8924,0,178480
3,10,0 1 2 2 0 2 2 2 2 0 1,6,8836,10,176730
3,10,0 1 2 2 1 0 0 0 0 0 1,6,8786,0,175720
3,10,0 1 2 2 1 0 0 0 1 0 1,6,8938,0,178760
3,10,0 1 2 2 1 0 0 0 2 0 1,6,8842,10,176850
3,10,0 1 2 2 1 0 0 2 0 0 1,6,8835,0,176700
3,10,0 1 2 2 1 0 0 2 1 0 1,6,8951,0,179020
3,10,0 1 2 2 1 0 0 2 2 0 1,6,8818,0,176360
3,10,0 1 2 2 1 0 1 0 0 0 1,6,8747,0,174940
3,10,0 1 2 2 1 0 1 0 1 0 1,6,8951,0,179020
3,10,0 1 2 2 1 0 1 0 2 0 1,6,8876,0,177520
3,10,0 1 2 2 1 0 1 2 0 0 1,6,8818,0,176360
3,10,0 1 2 2 1 0 1 2 1 0 1,6,8916,0,178320
3,10,0 1 2 2 1 0 1 2 2 0 1,6,8865,0,177300
3,10,0 1 2 2 1 0 2 0 0 0 1,6,8980,10,179610
3,10,0 1 2 2 1 0 2 0 1 0 1,6,8812,10,176250
3,10,0 1 2 2 1 0 2 0 2 0 1,6,8938,0,178760
3,10,0 1 2 2 1 0 2 2 0 0 1,6,8856,0,177120
3,10,0 1 2 2 1 0 2 2 1 0 1,6,8832,0,176640
3,10,0 1 2 2 1 0 2 2 2 0 1,6,8982,0,179640
3,10,0 1 2 2 1 1 0 2 0 0 1,6,8852,0,177040
3,10,0 1 2 2 1 1 0 2 1 0 1,6,8847,10,176950
3,10,0 1 2 2 1 1 0 2 2 0 1,6,8883,0,177660
3,10,0 1 2 2 1 1 1 2 0 0 1,6,8790,0,175800
3,10,0 1 2 2 1 1 1 2 1 0 1,6,8855,10,177110
3,10,0 1 2 2 1 1 1 2 2 0 1,6,8791,10,175830
3,10,0 1 2 2 1 1 2 2 0 0 1,6,8839,15,176795
3,10,0 1 2 2 1 1 2 2 1 0 1,6,8814,10,176290
3,10,0 1 2 2 1 1 2 2 2 0 1,6,8829,10,176590
3,10,0 1 2 2 1 2 0 0 0 0 1,6,8861,0,177220
3,10,0 1 2 2 1 2 0 0 1 0 1,6,8823,0,176460
3,10,0 1 2 2 1 2 0 0 2 0 1,6,8912,0,178240
3,10,0 1 2 2 1 2 0 2 0 0 1,6,8976,0,179520
3,10,0 1 2 2 1 2 0 2 1 0 1,6,8845,0,176900
3,10,0 1 2 2 1 2 0 2 2 0 1,6,8944,0,178880
3,10,0 1 2 2 1 2 1 0 0 0 1,6,8876,10,177530
3,10,0 1 2 2 1 2 1 0 1 0 1,6,8894,0,177880
3,10,0 1 2 2 1 2 1 0 2 0 1,6,8904,10,178090
3,10,0 1 2 2 1 2 1 2 0 0 1,6,8893,10,177870
3,10,0 1 2 2 1 2 1 2 1 0 1,6,8746,0,174920
3,10,0 1 2 2 1 2 1 2 2 0 1,6,8844,10,176890
3,10,0 1 2 2 1 2 2 0 0 0 1,6,8930,0,178600
3,10,0 1 2 2 1 2 2 0 1 0 1,6,8739,0,174780
3,10,0 1 2 2 1 2 2 0 2 0 1,6,8846,10,176930
3,10,0 1 2 2 1 2 2 2 0 0 1,6,8871,0,177420
3,10,0 1 2 2 1 2 2 2 1 0 1,6,8832,0,176640
3,10,0 1 2 2 1 2 2 2 2 0 1,6,8932,0,178640
3,10,0 1 2 2 2 0 0 0 0 0 1,6,8920,0,178400
3,10,0 1 2 2 2 0 0 0 1 0 1,6,8915,0,178300
3,10,0 1 2 2 2 0 0 0 2 0 1,6,8851,10,177030
3,10,0 1 2 2 2 0 0 2 0 0 1,6,8756,0,175120
3,10,0 1 2 2 2 0 0 2 1 0 1,6,8817,0,176340
3,10,0 1 2 2 2 0 0 2 2 0 1,6,8897,0,177940
3,10,0 1 2 2 2 0 1 0 0 0 1,6,8885,0,177700
3,10,0 1 2 2 2 0 1 0 1 0 1,6,8870,0,177400
3,10,0 1 2 2 2 0 1 0 2 0 1,6,8835,10,176710
3,10,0 1 2 2 2 0 1 2 0 0 1,6,8872,0,177440
3,10,0 1 2 2 2 0 1 2 1 0 1,6,8870,0,177400
3,10,0 1 2 2 2 0 1 2 2 0 1,6,8817,0,176340
3,10,0 1 2 2 2 0 2 0 0 0 1,6,8833,10,176670
3,10,0 1 2 2 2 0 2 0 1 0 1,6,8831,0,176620
3,10,0 1 2 2 2 0 2 0 2 0 1,6,8838,10,176770
3,10,0 1 2 2 2 0 2 2 0 0 1,6,8801,10,176030
3,10,0 1 2 2 2 0 2 2 1 0 1,6,8927,0,178540
3,10,0 1 2 2 2 0 2 2 2 0 1,6,8886,0,177720
3,10,0 1 2 2 2 1 0 2 0 0 1,6,8878,0,177560
3,10,0 1 2 2 2 1 0 2 1 0 1,6,8944,0,178880
3,10,0 1 2 2 2 1 0 2 2 0 1,6,8830,10,176610
3,10,0 1 2 2 2 1 1 2 0 0 1,6,8889,20,177800
3,10,0 1 2 2 2 1 1 2 1 0 1,6,8789,0,175780
3,10,0 1 2 2 2 1 1 2 2 0 1,6,8853,10,177070
3,10,0 1 2 2 2 1 2 2 0 0 1,6,8935,0,178700
3,10,0 1 2 2 2 1 2 2 1 0 1,6,8805,10,176110
3,10,0 1 2 2 2 1 2 2 2 0 1,6,8865,0,177300
3,10,0 1 2 2 2 2 0 0 0 0 1,6,8849,0,176980
3,10,0 1 2 2 2 2 0 0 1 0 1,6,8838,0,176760
3,10,0 1 2 2 2 2 0 0 2 0 1,6,8818,0,176360
3,10,0 1 2 2 2 2 0 2 0 0 1,6,8906,10,178130
3,10,0 1 2 2 2 2 0 2 1 0 1,6,8817,0,176340
3,10,0 1 2 2 2 2 0 2 2 0 1,6,8888,0,177760
3,10,0 1 2 2 2 2 1 0 0 0 1,6,8769,0,175380
3,10,0 1 2 2 2 2 1 0 1 0 1,6,8899,10,177990
3,10,0 1 2 2 2 2 1 0 2 0 1,6,8908,10,178170
3,10,0 1 2 2 2 2 1 2 0 0 1,6,8898,0,177960
3,10,0 1 2 2 2 2 1 2 1 0 1,6,8872,0,177440
3,10,0 1 2 2 2 2 1 2 2 0 1,6,8819,0,176380
3,10,0 1 2 2 2 2 2 0 0 0 1,6,8850,10,177010
3,10,0 1 2 2 2 2 2 0 1 0 1,6,8880,0,177600
3,10,0 1 2 2 2 2 2 0 2 0 1,6,8737,0,174740
3,10,0 1 2 2 2 2 2 2 0 0 1,6,8869,10,177390
3,10,0 1 2 2 2 2 2 2 1 0 1,6,8785,10,175710
3,10,0 1 2 2 2 2 2 2 2 0 1,6,8836,0,176720
3,10,0 2 0 0 0 0 0 0 0 0 1,6,8877,0,177540
3,10,0 2 0 0 0 0 0 0 1 0 1,6,8867,0,177340
3,10,0 2 0 0 0 0 0 0 2 0 1,6,8789,0,175780
3,10,0 2 0 0 0 0 0 2 0 0 1,6,8760,0,175200
3,10,0 2 0 0 0 0 0 2 1 0 1,6,8759,10,175190
3,10,0 2 0 0 0 0 0 2 2 0 1,6,8869,0,177380
3,10,0 2 0 0 0 0 1 0 0 0 1,6,8749,0,174980
3,10,0 2 0 0 0 0 1 0 1 0 1,6,8863,0,177260
3,10,0 2 0 0 0 0 1 0 2 0 1,6,8793,10,175870
3,10,0 2 0 0 0 0 1 2 0 0 1,6,8889,10,177790
3,10,0 2 0 0 0 0 1 2 1 0 1,6,9009,0,180180
3,10,0 2 0 0 0 0 1 2 2 0 1,6,8957,0,179140
3,10,0 2 0 0 0 0 2 0 0 0 1,6,8851,0,177020
3,10,0 2 0 0 0 0 2 0 1 0 1,6,8775,10,175510
3,10,0 2 0 0 0 0 2 0 2 0 1,6,8911,0,178220
3,10,0 2 0 0 0 0 2 2 0 0 1,6,8875,0,177500
3,10,0 2 0 0 0 0 2 2 1 0 1,6,8923,0,178460
3,10,0 2 0 0 0 0 2 2 2 0 1,6,8874,0,177480
3,10,0 2 0 0 0 1 0 2 0 0 1,6,8700,10,174010
3,10,0 2 0 0 0 1 0 2 1 0 1,6,8836,10,176730
3,10,0 2 0 0 0 1 0 2 2 0 1,6,8832,0,176640
3,10,0 2 0 0 0 1 1 2 0 0 1,6,8760,0,175200
3,10,0 2 0 0 0 1 1 2 1 0 1,6,8787,0,175740
3,10,0 2 0 0 0 1 1 2 2 0 1,6,8796,0,175920
3,10,0 2 0 0 0 1 2 2 0 0 1,6,8874,0,177480
3,10,0 2 0 0 0 1 2 2 1 0 1,6,8993,0,179860
3,10,0 2 0 0 0 1 2 2 2 0 1,6,8809,10,176190
3,10,0 2 0 0 0 2 0 0 0 0 1,6,8865,0,177300
3,10,0 2 0 0 0 2 0 0 1 0 1,6,8981,0,179620
3,10,0 2 0 0 0 2 0 0 2 0 1,6,8798,0,175960
3,10,0 2 0 0 0 2 0 2 0 0 1,6,8848,0,176960
3,10,0 2 0 0 0 2 0 2 1 0 1,6,8830,0,176600
3,10,0 2 0 0 0 2 0 2 2 0 1,6,8835,10,176710
3,10,0 2 0 0 0 2 1 0 0 0 1,6,8857,0,177140
3,10,0 2 0 0 0 2 1 0 1 0 1,6,8763,0,175260
3,10,0 2 0 0 0 2 1 0 2 0 1,6,8869,0,177380
3,10,0 2 0 0 0 2 1 2 0 0 1,6,8812,0,176240
3,10,0 2 0 0 0 2 1 2 1 0 1,6,8839,20,176800
3,10,0 2 0 0 0 2 1 2 2 0 1,6,8878,0,177560
3,10,0 2 0 0 0 2 2 0 0 0 1,6,8877,0,177540
3,10,0 2 0 0 0 2 2 0 1 0 1,6,8883,0,177660
3,10,0 2 0 0 0 2 2 0 2 0 1,6,8873,10,177470
3,10,0 2 0 0 0 2 2 2 0 0 1,6,8834,0,176680
3,10,0 2 0 0 0 2 2 2 1 0 1,6,8891,0,177820
3,10,0 2 0 0 0 2 2 2 2 0 1,6,8720,10,174410
3,10,0 2 0 0 1 0 0 0 0 0 1,6,8791,10,175830
3,10,0 2 0 0 1 0 0 0 1 0 1,6,8885,0,177700
3,10,0 2 0 0 1 0 0 0 2 0 1,6,8853,10,177070
3,10,0 2 0 0 1 0 0 2 0 0 1,6,8981,0,179620
3,10,0 2 0 0 1 0 0 2 1 0 1,6,8793,0,175860
3,10,0 2 0 0 1 0 0 2 2 0 1,6,8954,0,179080
3,10,0 2 0 0 1 0 1 0 0 0 1,6,8823,0,176460
3,10,0 2 0 0 1 0 1 0 1 0 1,6,8919,10,178390
3,10,0 2 0 0 1 0 1 0 2 0 1,6,8920,0,178400
3,10,0 2 0 0 1 0 1 2 0 0 1,6,8927,0,178540
3,10,0 2 0 0 1 0 1 2 1 0 1,6,8824,10,176490
3,10,0 2 0 0 1 0 1 2 2 0 1,6,8887,10,177750
3,10,0 2 0 0 1 0 2 0 0 0 1,6,8865,0,177300
3,10,0 2 0 0 1 0 2 0 1 0 1,6,8882,0,177640
3,10,0 2 0 0 1 0 2 0 2 0 1,6,8867,0,177340
3,10,0 2 0 0 1 0 2 2 0 0 1,6,8874,0,177480
3,10,0 2 0 0 1 0 2 2 1 0 1,6,8896,0,177920
3,10,0 2 0 0 1 0 2 2 2 0 1,6,8840,0,176800
3,10,0 2 0 0 1 1 0 2 0 0 1,6,8728,0,174560
3,10,0 2 0 0 1 1 0 2 1 0 1,6,8921,0,178420
3,10,0 2 0 0 1 1 0 2 2 0 1,6,8913,10,178270
3,10,0 2 0 0 1 1 1 2 0 0 1,6,8886,0,177720
3,10,0 2 0 0 1 1 1 2 1 0 1,6,8797,0,175940
3,10,0 2 0 0 1 1 1 2 2 0 1,6,8897,0,177940
3,10,0 2 0 0 1 1 2 2 0 0 1,6,8805,0,176100
3,10,0 2 0 0 1 1 2 2 1 0 1,6,8886,0,177720
3,10,0 2 0 0 1 1 2 2 2 0 1,6,8751,0,175020
3,10,0 2 0 0 1 2 0 0 0 0 1,6,8895,0,177900
3,10,0 2 0 0 1 2 0 0 1 0 1,6,8886,0,177720
3,10,0 2 0 0 1 2 0 0 2 0 1,6,8749,0,174980
3,10,0 2 0 0 1 2 0 2 0 0 1,6,8850,0,177000
3,10,0 2 0 0 1 2 0 2 1 0 1,6,8748,0,174960
3,10,0 2 0 0 1 2 0 2 2 0 1,6,8896,0,177920
3,10,0 2 0 0 1 2 1 0 0 0 1,6,8952,0,179040
3,10,0 2 0 0 1 2 1 0 1 0 1,6,8820,10,176410
3,10,0 2 0 0 1 2 1 0 2 0 1,6,8828,10,176570
3,10,0 2 0 0 1 2 1 2 0 0 1,6,8861,20,177240
3,10,0 2 0 0 1 2 1 2 1 0 1,6,8794,10,175890
3,10,0 2 0 0 1 2 1 2 2 0 1,6,8903,10,178070
3,10,0 2 0 0 1 2 2 0 0 0 1,6,8868,10,177370
3,10,0 2 0 0 1 2 2 0 1 0 1,6,8858,10,177170
3,10,0 2 0 0 1 2 2 0 2 0 1,6,8800,0,176000
3,10,0 2 0 0 1 2 2 2 0 0 1,6,8862,10,177250
3,10,0 2 0 0 1 2 2 2 1 0 1,6,8914,0,178280
3,10,0 2 0 0 1 2 2 2 2 0 1,6,8885,10,177710
3,10,0 2 0 0 2 0 0 0 0 0 1,6,8774,0,175480
3,10,0 2 0 0 2 0 0 0 1 0 1,6,8873,10,177470
3,10,0 2 0 0 2 0 0 0 2 0 1,6,8829,10,176590
3,10,0 2 0 0 2 0 0 2 0 0 1,6,8855,0,177100
3,10,0 2 0 0 2 0 0 2 1 0 1,6,8821,0,176420
3,10,0 2 0 0 2 0 0 2 2 0 1,6,8857,0,177140
3,10,0 2 0 0 2 0 1 0 0 0 1,6,8806,10,176130
3,10,0 2 0 0 2 0 1 0 1 0 1,6,8914,0,178280
3,10,0 2 0 0 2 0 1 0 2 0 1,6,8859,0,177180
3,10,0 2 0 0 2 0 1 2 0 0 1,6,8860,10,177210
3,10,0 2 0 0 2 0 1 2 1 0 1,6,8844,0,176880
3,10,0 2 0 0 2 0 1 2 2 0 1,6,8858,0,177160
3,10,0 2 0 0 2 0 2 0 0 0 1,6,8887,0,177740
3,10,0 2 0 0 2 0 2 0 1 0 1,6,8936,0,178720
3,10,0 2 0 0 2 0 2 0 2 0 1,6,8807,10,176150
3,10,0 2 0 0 2 0 2 2 0 0 1,6,8779,0,175580
3,10,0 2 0 0 2 0 2 2 1 0 1,6,8873,0,177460
3,10,0 2 0 0 2 0 2 2 2 0 1,6,8821,0,176420
3,10,0 2 0 0 2 1 0 2 0 0 1,6,8828,0,176560
3,10,0 2 0 0 2 1 0 2 1 0 1,6,8796,10,175930
3,10,0 2 0 0 2 1 0 2 2 0 1,6,8922,10,178450
3,10,0 2 0 0 2 1 1 2 0 0 1,6,8838,10,176770
3,10,0 2 0 0 2 1 1 2 1 0 1,6,8808,10,176170
3,10,0 2 0 0 2 1 1 2 2 0 1,6,8947,0,178940
3,10,0 2 0 0 2 1 2 2 0 0 1,6,8822,0,176440
3,10,0 2 0 0 2 1 2 2 1 0 1,6,8852,0,177040
3,10,0 2 0 0 2 1 2 2 2 0 1,6,8846,0,176920
3,10,0 2 0 0 2 2 0 0 0 0 1,6,8704,0,174080
3,10,0 2 0 0 2 2 0 0 1 0 1,6,8773,0,175460
3,10,0 2 0 0 2 2 0 0 2 0 1,6,8980,10,179610
3,10,0 2 0 0 2 2 0 2 0 0 1,6,8857,10,177150
3,10,0 2 0 0 2 2 0 2 1 0 1,6,8784,10,175690
3,10,0 2 0 0 2 2 0 2 2 0 1,6,8922,0,178440
3,10,0 2 0 0 2 2 1 0 0 0 1,6,8887,0,177740
3,10,0 2 0 0 2 2 1 0 1 0 1,6,8871,0,177420
3,10,0 2 0 0 2 2 1 0 2 0 1,6,8856,0,177120
3,10,0 2 0 0 2 2 1 2 0 0 1,6,8811,0,176220
3,10,0 2 0 0 2 2 1 2 1 0 1,6,8881,10,177630
3,10,0 2 0 0 2 2 1 2 2 0 1,6,8896,10,177930
3,10,0 2 0 0 2 2 2 0 0 0 1,6,8812,10,176250
3,10,0 2 0 0 2 2 2 0 1 0 1,6,8805,0,176100
3,10,0 2 0 0 2 2 2 0 2 0 1,6,8894,0,177880
3,10,0 2 0 0 2 2 2 2 0 0 1,6,8868,10,177370
3,10,0 2 0 0 2 2 2 2 1 0 1,6,8834,10,176690
3,10,0 2 0 0 2 2 2 2 2 0 1,6,8889,0,177780
3,10,0 2 0 1 0 0 0 2 0 0 1,6,8858,10,177170
3,10,0 2 0 1 0 0 0 2 1 0 1,6,8787,0,175740
3,10,0 2 0 1 0 0 0 2 2 0 1,6,8741,0,174820
3,10,0 2 0 1 0 0 1 2 0 0 1,6,8902,0,178040
3,10,0 2 0 1 0 0 1 2 1 0 1,6,8805,0,176100
3,10,0 2 0 1 0 0 1 2 2 0 1,6,8868,0,177360
3,10,0 2 0 1 0 0 2 2 0 0 1,6,8742,0,174840
3,10,0 2 0 1 0 0 2 2 1 0 1,6,8916,0,178320
3,10,0 2 0 1 0 0 2 2 2 0 1,6,8887,10,177750
3,10,0 2 0 1 0 1 0 2 0 0 1,6,8879,0,177580
3,10,0 2 0 1 0 1 0 2 1 0 1,6,8778,0,175560
3,10,0 2 0 1 0 1 0 2 2 0 1,6,8889,0,177780
3,10,0 2 0 1 0 1 1 2 0 0 1,6,8879,0,177580
3,10,0 2 0 1 0 1 1 2 1 0 1,6,8940,0,178800
3,10,0 2 0 1 0 1 1 2 2 0 1,6,8925,10,178510
3,10,0 2 0 1 0 1 2 2 0 0 1,6,8849,20,177000
3,10,0 2 0 1 0 1 2 2 1 0 1,6,8883,0,177660
3,10,0 2 0 1 0 1 2 2 2 0 1,6,8912,0,178240
3,10,0 2 0 1 0 2 0 0 0 0 1,6,8856,10,177130
3,10,0 2 0 1 0 2 0 0 1 0 1,6,8855,10,177110
3,10,0 2 0 1 0 2 0 0 2 0 1,6,8924,0,178480
3,10,0 2 0 1 0 2 0 2 0 0 1,6,8873,10,177470
3,10,0 2 0 1 0 2 0 2 1 0 1,6,8833,10,176670
3,10,0 2 0 1 0 2 0 2 2 0 1,6,8776,0,175520
3,10,0 2 0 1 0 2 1 0 0 0 1,6,8982,0,179640
3,10,0 2 0 1 0 2 1 0 1 0 1,6,8693,0,173860
3,10,0 2 0 1 0 2 1 0 2 0 1,6,8930,10,178610
3,10,0 2 0 1 0 2 1 2 0 0 1,6,9002,0,180040
3,10,0 2 0 1 0 2 1 2 1 0 1,6,8899,0,177980
3,10,0 2 0 1 0 2 1 2 2 0 1,6,8809,10,176190
3,10,0 2 0 1 0 2 2 0 0 0 1,6,8847,0,176940
3,10,0 2 0 1 0 2 2 0 1 0 1,6,8829,0,176580
3,10,0 2 0 1 0 2 2 0 2 0 1,6,8833,0,176660
3,10,0 2 0 1 0 2 2 2 0 0 1,6,8896,0,177920
3,10,0 2 0 1 0 2 2 2 1 0 1,6,9045,0,180900
3,10,0 2 0 1 0 2 2 2 2 0 1,6,8903,0,178060
3,10,0 2 0 1 1 0 0 2 0 0 1,6,8872,10,177450
3,10,0 2 0 1 1 0 0 2 1 0 1,6,8901,0,178020
3,10,0 2 0 1 1 0 0 2 2 0 1,6,8829,10,176590
3,10,0 2 0 1 1 0 1 2 0 0 1,6,8947,0,178940
3,10,0 2 0 1 1 0 1 2 1 0 1,6,8890,0,177800
3,10,0 2 0 1 1 0 1 2 2 0 1,6,8897,0,177940
3,10,0 2 0 1 1 0 2 2 0 0 1,6,8843,0,176860
3,10,0 2 0 1 1 0 2 2 1 0 1,6,8808,10,176170
3,10,0 2 0 1 1 0 2 2 2 0 1,6,8774,0,175480
3,10,0 2 0 1 1 1 0 2 0 0 1,6,8812,10,176250
3,10,0 2 0 1 1 1 0 2 1 0 1,6,8870,0,177400
3,10,0 2 0 1 1 1 0 2 2 0 1,6,8760,0,175200
3,10,0 2 0 1 1 1 1 2 0 0 1,6,8913,0,178260
3,10,0 2 0 1 1 1 1 2 1 0 1,6,8861,0,177220
3,10,0 2 0 1 1 1 1 2 2 0 1,6,8815,0,176300
3,10,0 2 0 1 1 1 2 2 0 0 1,6,8917,0,178340
3,10,0 2 0 1 1 1 2 2 1 0 1,6,8941,10,178830
3,10,0 2 0 1 1 1 2 2 2 0 1,6,8881,0,177620
3,10,0 2 0 1 1 2 0 0 0 0 1,6,8749,0,174980
3,10,0 2 0 1 1 2 0 0 1 0 1,6,8900,0,178000
3,10,0 2 0 1 1 2 0 0 2 0 1,6,8945,0,178900
3,10,0 2 0 1 1 2 0 2 0 0 1,6,8879,0,177580
3,10,0 2 0 1 1 2 0 2 1 0 1,6,8833,0,176660
3,10,0 2 0 1 1 2 0 2 2 0 1,6,8978,0,179560
3,10,0 2 0 1 1 2 1 0 0 0 1,6,8824,0,176480
3,10,0 2 0 1 1 2 1 0 1 0 1,6,8907,0,178140
3,10,0 2 0 1 1 2 1 0 2 0 1,6,8801,10,176030
3,10,0 2 0 1 1 2 1 2 0 0 1,6,8869,0,177380
3,10,0 2 0 1 1 2 1 2 1 0 1,6,8937,10,178750
3,10,0 2 0 1 1 2 1 2 2 0 1,6,8754,0,175080
3,10,0 2 0 1 1 2 2 0 0 0 1,6,8876,0,177520
3,10,0 2 0 1 1 2 2 0 1 0 1,6,8775,0,175500
3,10,0 2 0 1 1 2 2 0 2 0 1,6,8916,0,178320
3,10,0 2 0 1 1 2 2 2 0 0 1,6,8903,0,178060
3,10,0 2 0 1 1 2 2 2 1 0 1,6,8883,10,177670
3,10,0 2 0 1 1 2 2 2 2 0 1,6,8766,0,175320
3,10,0 2 0 1 2 0 0 2 0 0 1,6,8836,0,176720
3,10,0 2 0 1 2 0 0 2 1 0 1,6,8976,10,179530
3,10,0 2 0 1 2 0 0 2 2 0 1,6,8951,10,179030
3,10,0 2 0 1 2 0 1 2 0 0 1,6,8741,0,174820
3,10,0 2 0 1 2 0 1 2 1 0 1,6,8957,0,179140
3,10,0 2 0 1 2 0 1 2 2 0 1,6,8820,0,176400
3,10,0 2 0 1 2 0 2 2 0 0 1,6,8909,0,178180
3,10,0 2 0 1 2 0 2 2 1 0 1,6,8858,0,177160
3,10,0 2 0 1 2 0 2 2 2 0 1,6,8888,10,177770
3,10,0 2 0 1 2 1 0 2 0 0 1,6,8838,10,176770
3,10,0 2 0 1 2 1 0 2 1 0 1,6,8938,0,178760
3,10,0 2 0 1 2 1 0 2 2 0 1,6,8809,0,176180
3,10,0 2 0 1 2 1 1 2 0 0 1,6,8841,10,176830
3,10,0 2 0 1 2 1 1 2 1 0 1,6,8922,0,178440
3,10,0 2 0 1 2 1 1 2 2 0 1,6,8903,10,178070
3,10,0 2 0 1 2 1 2 2 0 0 1,6,8922,0,178440
3,10,0 2 0 1 2 1 2 2 1 0 1,6,8829,10,176590
3,10,0 2 0 1 2 1 2 2 2 0 1,6,8817,10,176350
3,10,0 2 0 1 2 2 0 0 0 0 1,6,8869,0,177380
3,10,0 2 0 1 2 2 0 0 1 0 1,6,8919,0,178380
3,10,0 2 0 1 2 2 0 0 2 0 1,6,8914,0,178280
3,10,0 2 0 1 2 2 0 2 0 0 1,6,8881,0,177620
3,10,0 2 0 1 2 2 0 2 1 0 1,6,8847,0,176940
3,10,0 2 0 1 2 2 0 2 2 0 1,6,8883,0,177660
3,10,0 2 0 1 2 2 1 0 0 0 1,6,8817,10,176350
3,10,0 2 0 1 2 2 1 0 1 0 1,6,8848,10,176970
3,10,0 2 0 1 2 2 1 0 2 0 1,6,8916,0,178320
3,10,0 2 0 1 2 2 1 2 0 0 1,6,8950,0,179000
3,10,0 2 0 1 2 2 1 2 1 0 1,6,8857,0,177140
3,10,0 2 0 1 2 2 1 2 2 0 1,6,8840,0,176800
3,10,0 2 0 1 2 2 2 0 0 0 1,6,8975,0,179500
3,10,0 2 0 1 2 2 2 0 1 0 1,6,8851,0,177020
3,10,0 2 0 1 2 2 2 0 2 0 1,6,8836,0,176720
3,10,0 2 0 1 2 2 2 2 0 0 1,6,8943,0,178860
3,10,0 2 0 1 2 2 2 2 1 0 1,6,8850,0,177000
3,10,0 2 0 1 2 2 2 2 2 0 1,6,8879,0,177580
3,10,0 2 0 2 0 0 0 0 0 0 1,6,8860,10,177210
3,10,0 2 0 2 0 0 0 0 1 0 1,6,8966,10,179330
3,10,0 2 0 2 0 0 0 0 2 0 1,6,8874,0,177480
3,10,0 2 0 2 0 0 0 2 0 0 1,6,8801,0,176020
3,10,0 2 0 2 0 0 0 2 1 0 1,6,8873,0,177460
3,10,0 2 0 2 0 0 0 2 2 0 1,6,8931,10,178630
3,10,0 2 0 2 0 0 1 0 0 0 1,6,8793,0,175860
3,10,0 2 0 2 0 0 1 0 1 0 1,6,8801,0,176020
3,10,0 2 0 2 0 0 1 0 2 0 1,6,8800,0,176000
3,10,0 2 0 2 0 0 1 2 0 0 1,6,8820,0,176400
3,10,0 2 0 2 0 0 1 2 1 0 1,6,8897,10,177950
3,10,0 2 0 2 0 0 1 2 2 0 1,6,8819,0,176380
3,10,0 2 0 2 0 0 2 0 0 0 1,6,8808,0,176160
3,10,0 2 0 2 0 0 2 0 1 0 1,6,8865,0,177300
3,10,0 2 0 2 0 0 2 0 2 0 1,6,8829,0,176580
3,10,0 2 0 2 0 0 2 2 0 0 1,6,8888,0,177760
3,10,0 2 0 2 0 0 2 2 1 0 1,6,8892,10,177850
3,10,0 2 0 2 0 0 2 2 2 0 1,6,8848,0,176960
3,10,0 2 0 2 0 1 0 2 0 0 1,6,8860,0,177200
3,10,0 2 0 2 0 1 0 2 1 0 1,6,8819,0,176380
3,10,0 2 0 2 0 1 0 2 2 0 1,6,8818,0,176360
3,10,0 2 0 2 0 1 1 2 0 0 1,6,8817,0,176340
3,10,0 2 0 2 0 1 1 2 1 0 1,6,8795,0,175900
3,10,0 2 0 2 0 1 1 2 2 0 1,6,8863,0,177260
3,10,0 2 0 2 0 1 2 2 0 0 1,6,8799,0,175980
3,10,0 2 0 2 0 1 2 2 1 0 1,6,8896,0,177920
3,10,0 2 0 2 0 1 2 2 2 0 1,6,8834,0,176680
3,10,0 2 0 2 0 2 0 0 0 0 1,6,8925,0,178500
3,10,0 2 0 2 0 2 0 0 1 0 1,6,8901,0,178020
3,10,0 2 0 2 0 2 0 0 2 0 1,6,8873,0,177460
3,10,0 2 0 2 0 2 0 2 0 0 1,6,8779,10,175590
3,10,0 2 0 2 0 2 0 2 1 0 1,6,8895,0,177900
3,10,0 2 0 2 0 2 0 2 2 0 1,6,8732,0,174640
3,10,0 2 0 2 0 2 1 0 0 0 1,6,8897,0,177940
3,10,0 2 0 2 0 2 1 0 1 0 1,6,8830,10,176610
3,10,0 2 0 2 0 2 1 0 2 0 1,6,8755,0,175100
3,10,0 2 0 2 0 2 1 2 0 0 1,6,8799,0,175980
3,10,0 2 0 2 0 2 1 2 1 0 1,6,8840,0,176800
3,10,0 2 0 2 0 2 1 2 2 0 1,6,8891,0,177820
3,10,0 2 0 2 0 2 2 0 0 0 1,6,8769,0,175380
3,10,0 2 0 2 0 2 2 0 1 0 1,6,9038,0,180760
3,10,0 2 0 2 0 2 2 0 2 0 1,6,8894,0,177880
3,10,0 2 0 2 0 2 2 2 0 0 1,6,8823,0,176460
3,10,0 2 0 2 0 2 2 2 1 0 1,6,8848,0,176960
3,10,0 2 0 2 0 2 2 2 2 0 1,6,8799,0,175980
3,10,0 2 0 2 1 0 0 0 0 0 1,6,8766,10,175330
3,10,0 2 0 2 1 0 0 0 1 0 1,6,8897,0,177940
3,10,0 2 0 2 1 0 0 0 2 0 1,6,8815,10,176310
3,10,0 2 0 2 1 0 0 2 0 0 1,6,8907,0,178140
3,10,0 2 0 2 1 0 0 2 1 0 1,6,8874,0,177480
3,10,0 2 0 2 1 0 0 2 2 0 1,6,8968,0,179360
3,10,0 2 0 2 1 0 1 0 0 0 1,6,8909,0,178180
3,10,0 2 0 2 1 0 1 0 1 0 1,6,8855,0,177100
3,10,0 2 0 2 1 0 1 0 2 0 1,6,8798,0,175960
3,10,0 2 0 2 1 0 1 2 0 0 1,6,8877,20,177560
3,10,0 2 0 2 1 0 1 2 1 0 1,6,8876,0,177520
3,10,0 2 0 2 1 0 1 2 2 0 1,6,8843,0,176860
3,10,0 2 0 2 1 0 2 0 0 0 1,6,8906,0,178120
3,10,0 2 0 2 1 0 2 0 1 0 1,6,8899,0,177980
3,10,0 2 0 2 1 0 2 0 2 0 1,6,8820,0,176400
3,10,0 2 0 2 1 0 2 2 0 0 1,6,8859,10,177190
3,10,0 2 0 2 1 0 2 2 1 0 1,6,8845,10,176910
3,10,0 2 0 2 1 0 2 2 2 0 1,6,8835,0,176700
3,10,0 2 0 2 1 1 0 2 0 0 1,6,8962,0,179240
3,10,0 2 0 2 1 1 0 2 1 0 1,6,8867,0,177340
3,10,0 2 0 2 1 1 0 2 2 0 1,6,8750,0,175000
3,10,0 2 0 2 1 1 1 2 0 0 1,6,8842,0,176840
3,10,0 2 0 2 1 1 1 2 1 0 1,6,8838,10,176770
3,10,0 2 0 2 1 1 1 2 2 0 1,6,8906,10,178130
3,10,0 2 0 2 1 1 2 2 0 0 1,6,8758,0,175160
3,10,0 2 0 2 1 1 2 2 1 0 1,6,8771,0,175420
3,10,0 2 0 2 1 1 2 2 2 0 1,6,8814,0,176280
3,10,0 2 0 2 1 2 0 0 0 0 1,6,8842,0,176840
3,10,0 2 0 2 1 2 0 0 1 0 1,6,8897,10,177950
3,10,0 2 0 2 1 2 0 0 2 0 1,6,8766,0,175320
3,10,0 2 0 2 1 2 0 2 0 0 1,6,8861,10,177230
3,10,0 2 0 2 1 2 0 2 1 0 1,6,8907,0,178140
3,10,0 2 0 2 1 2 0 2 2 0 1,6,8797,10,175950
3,10,0 2 0 2 1 2 1 0 0 0 1,6,8820,0,176400
3,10,0 2 0 2 1 2 1 0 1 0 1,6,8877,10,177550
3,10,0 2 0 2 1 2 1 0 2 0 1,6,8745,10,174910
3,10,0 2 0 2 1 2 1 2 0 0 1,6,8879,0,177580
3,10,0 2 0 2 1 2 1 2 1 0 1,6,8816,0,176320
3,10,0 2 0 2 1 2 1 2 2 0 1,6,8947,10,178950
3,10,0 2 0 2 1 2 2 0 0 0 1,6,8853,0,177060
3,10,0 2 0 2 1 2 2 0 1 0 1,6,8798,0,175960
3,10,0 2 0 2 1 2 2 0 2 0 1,6,8853,10,177070
3,10,0 2 0 2 1 2 2 2 0 0 1,6,8840,0,176800
3,10,0 2 0 2 1 2 2 2 1 0 1,6,8887,0,177740
3,10,0 2 0 2 1 2 2 2 2 0 1,6,8961,0,179220
3,10,0 2 0 2 2 0 0 0 0 0 1,6,8872,0,177440
3,10,0 2 0 2 2 0 0 0 1 0 1,6,8869,0,177380
3,10,0 2 0 2 2 0 0 0 2 0 1,6,8854,0,177080
3,10,0 2 0 2 2 0 0 2 0 0 1,6,8872,10,177450
3,10,0 2 0 2 2 0 0 2 1 0 1,6,8791,0,175820
3,10,0 2 0 2 2 0 0 2 2 0 1,6,8827,0,176540
3,10,0 2 0 2 2 0 1 0 0 0 1,6,8919,0,178380
3,10,0 2 0 2 2 0 1 0 1 0 1,6,8761,10,175230
3,10,0 2 0 2 2 0 1 0 2 0 1,6,8936,0,178720
3,10,0 2 0 2 2 0 1 2 0 0 1,6,8829,10,176590
3,10,0 2 0 2 2 0 1 2 1 0 1,6,8915,10,178310
3,10,0 2 0 2 2 0 1 2 2 0 1,6,8856,0,177120
3,10,0 2 0 2 2 0 2 0 0 0 1,6,8890,0,177800
3,10,0 2 0 2 2 0 2 0 1 0 1,6,8820,0,176400
3,10,0 2 0 2 2 0 2 0 2 0 1,6,8836,0,176720
3,10,0 2 0 2 2 0 2 2 0 0 1,6,8914,0,178280
3,10,0 2 0 2 2 0 2 2 1 0 1,6,8810,10,176210
3,10,0 2 0 2 2 0 2 2 2 0 1,6,8863,0,177260
3,10,0 2 0 2 2 1 0 2 0 0 1,6,8877,0,177540
3,10,0 2 0 2 2 1 0 2 1 0 1,6,8799,0,175980
3,10,0 2 0 2 2 1 0 2 2 0 1,6,8762,0,175240
3,10,0 2 0 2 2 1 1 2 0 0 1,6,8923,0,178460
3,10,0 2 0 2 2 1 1 2 1 0 1,6,8874,10,177490
3,10,0 2 0 2 2 1 1 2 2 0 1,6,8922,0,178440
3,10,0 2 0 2 2 1 2 2 0 0 1,6,8858,10,177170
3,10,0 2 0 2 2 1 2 2 1 0 1,6,8790,0,175800
3,10,0 2 0 2 2 1 2 2 2 0 1,6,8855,0,177100
3,10,0 2 0 2 2 2 0 0 0 0 1,6,8790,20,175820
3,10,0 2 0 2 2 2 0 0 1 0 1,6,8742,10,174850
3,10,0 2 0 2 2 2 0 0 2 0 1,6,8929,10,178590
3,10,0 2 0 2 2 2 0 2 0 0 1,6,8883,0,177660
3,10,0 2 0 2 2 2 0 2 1 0 1,6,8944,10,178890
3,10,0 2 0 2 2 2 0 2 2 0 1,6,8907,0,178140
3,10,0 2 0 2 2 2 1 0 0 0 1,6,8937,0,178740
3,10,0 2 0 2 2 2 1 0 1 0 1,6,8902,10,178050
3,10,0 2 0 2 2 2 1 0 2 0 1,6,8904,10,178090
3,10,0 2 0 2 2 2 1 2 0 0 1,6,8906,0,178120
3,10,0 2 0 2 2 2 1 2 1 0 1,6,8891,0,177820
3,10,0 2 0 2 2 2 1 2 2 0 1,6,8892,0,177840
3,10,0 2 0 2 2 2 2 0 0 0 1,6,8867,10,177350
3,10,0 2 0 2 2 2 2 0 1 0 1,6,8873,10,177470
3,10,0 2 0 2 2 2 2 0 2 0 1,6,8881,10,177630
3,10,0 2 0 2 2 2 2 2 0 0 1,6,8983,0,179660
3,10,0 2 0 2 2 2 2 2 1 0 1,6,8856,0,177120
3,10,0 2 0 2 2 2 2 2 2 0 1,6,8944,0,178880
3,10,0 2 1 0 0 0 0 0 0 0 1,6,8899,0,177980
3,10,0 2 1 0 0 0 0 0 1 0 1,6,8880,0,177600
3,10,0 2 1 0 0 0 0 0 2 0 1,6,8896,0,177920
3,10,0 2 1 0 0 0 0 2 0 0 1,6,8794,0,175880
3,10,0 2 1 0 0 0 0 2 1 0 1,6,8843,0,176860
3,10,0 2 1 0 0 0 0 2 2 0 1,6,8838,0,176760
3,10,0 2 1 0 0 0 1 0 0 0 1,6,8867,0,177340
3,10,0 2 1 0 0 0 1 0 1 0 1,6,8835,10,176710
3,10,0 2 1 0 0 0 1 0 2 0 1,6,8886,10,177730
3,10,0 2 1 0 0 0 1 2 0 0 1,6,8826,0,176520
3,10,0 2 1 0 0 0 1 2 1 0 1,6,8878,0,177560
3,10,0 2 1 0 0 0 1 2 2 0 1,6,8908,0,178160
3,10,0 2 1 0 0 0 2 0 0 0 1,6,8809,0,176180
3,10,0 2 1 0 0 0 2 0 1 0 1,6,8815,0,176300
3,10,0 2 1 0 0 0 2 0 2 0 1,6,8752,0,175040
3,10,0 2 1 0 0 0 2 2 0 0 1,6,8789,10,175790
3,10,0 2 1 0 0 0 2 2 1 0 1,6,8851,0,177020
3,10,0 2 1 0 0 0 2 2 2 0 1,6,8808,0,176160
3,10,0 2 1 0 0 1 0 2 0 0 1,6,8804,0,176080
3,10,0 2 1 0 0 1 0 2 1 0 1,6,8920,0,178400
3,10,0 2 1 0 0 1 0 2 2 0 1,6,8876,0,177520
3,10,0 2 1 0 0 1 1 2 0 0 1,6,8796,0,175920
3,10,0 2 1 0 0 1 1 2 1 0 1,6,8844,10,176890
3,10,0 2 1 0 0 1 1 2 2 0 1,6,8889,10,177790
3,10,0 2 1 0 0 1 2 2 0 0 1,6,8964,0,179280
3,10,0 2 1 0 0 1 2 2 1 0 1,6,8901,0,178020
3,10,0 2 1 0 0 1 2 2 2 0 1,6,8948,0,178960
3,10,0 2 1 0 0 2 0 0 0 0 1,6,8850,10,177010
3,10,0 2 1 0 0 2 0 0 1 0 1,6,8816,0,176320
3,10,0 2 1 0 0 2 0 0 2 0 1,6,8872,0,177440
3,10,0 2 1 0 0 2 0 2 0 0 1,6,8823,0,176460
3,10,0 2 1 0 0 2 0 2 1 0 1,6,8865,10,177310
3,10,0 2 1 0 0 2 0 2 2 0 1,6,8800,0,176000
3,10,0 2 1 0 0 2 1 0 0 0 1,6,8816,0,176320
3,10,0 2 1 0 0 2 1 0 1 0 1,6,8667,0,173340
3,10,0 2 1 0 0 2 1 0 2 0 1,6,8857,10,177150
3,10,0 2 1 0 0 2 1 2 0 0 1,6,8934,0,178680
3,10,0 2 1 0 0 2 1 2 1 0 1,6,8770,10,175410
3,10,0 2 1 0 0 2 1 2 2 0 1,6,8845,0,176900
3,10,0 2 1 0 0 2 2 0 0 0 1,6,8944,10,178890
3,10,0 2 1 0 0 2 2 0 1 0 1,6,8888,10,177770
3,10,0 2 1 0 0 2 2 0 2 0 1,6,8771,0,175420
3,10,0 2 1 0 0 2 2 2 0 0 1,6,8778,0,175560
3,10,0 2 1 0 0 2 2 2 1 0 1,6,8867,10,177350
3,10,0 2 1 0 0 2 2 2 2 0 1,6,8763,10,175270
3,10,0 2 1 0 1 0 0 0 0 0 1,6,8909,0,178180
3,10,0 2 1 0 1 0 0 0 1 0 1,6,8773,10,175470
3,10,0 2 1 0 1 0 0 0 2 0 1,6,8838,0,176760
3,10,0 2 1 0 1 0 0 2 0 0 1,6,8887,0,177740
3,10,0 2 1 0 1 0 0 2 1 0 1,6,8749,0,174980
3,10,0 2 1 0 1 0 0 2 2 0 1,6,8771,0,175420
3,10,0 2 1 0 1 0 1 0 0 0 1,6,8919,10,178390
3,10,0 2 1 0 1 0 1 0 1 0 1,6,8916,0,178320
3,10,0 2 1 0 1 0 1 0 2 0 1,6,8942,0,178840
3,10,0 2 1 0 1 0 1 2 0 0 1,6,8867,0,177340
3,10,0 2 1 0 1 0 1 2 1 0 1,6,8796,0,175920
3,10,0 2 1 0 1 0 1 2 2 0 1,6,8821,0,176420
3,10,0 2 1 0 1 0 2 0 0 0 1,6,8816,10,176330
3,10,0 2 1 0 1 0 2 0 1 0 1,6,8879,0,177580
3,10,0 2 1 0 1 0 2 0 2 0 1,6,8820,0,176400
3,10,0 2 1 0 1 0 2 2 0 0 1,6,8820,10,176410
3,10,0 2 1 0 1 0 2 2 1 0 1,6,8874,0,177480
3,10,0 2 1 0 1 0 2 2 2 0 1,6,8899,10,177990
3,10,0 2 1 0 1 1 0 2 0 0 1,6,8973,0,179460
3,10,0 2 1 0 1 1 0 2 1 0 1,6,8877,0,177540
3,10,0 2 1 0 1 1 0 2 2 0 1,6,8966,10,179330
3,10,0 2 1 0 1 1 1 2 0 0 1,6,8853,0,177060
3,10,0 2 1 0 1 1 1 2 1 0 1,6,8790,10,175810
3,10,0 2 1 0 1 1 1 2 2 0 1,6,8918,0,178360
3,10,0 2 1 0 1 1 2 2 0 0 1,6,8835,0,176700
3,10,0 2 1 0 1 1 2 2 1 0 1,6,8874,0,177480
3,10,0 2 1 0 1 1 2 2 2 0 1,6,8814,0,176280
3,10,0 2 1 0 1 2 0 0 0 0 1,6,8824,0,176480
3,10,0 2 1 0 1 2 0 0 1 0 1,6,8861,0,177220
3,10,0 2 1 0 1 2 0 0 2 0 1,6,8981,0,179620
3,10,0 2 1 0 1 2 0 2 0 0 1,6,8892,20,177860
3,10,0 2 1 0 1 2 0 2 1 0 1,6,8797,0,175940
3,10,0 2 1 0 1 2 0 2 2 0 1,6,8833,0,176660
3,10,0 2 1 0 1 2 1 0 0 0 1,6,8885,10,177710
3,10,0 2 1 0 1 2 1 0 1 0 1,6,8797,10,175950
3,10,0 2 1 0 1 2 1 0 2 0 1,6,8897,0,177940
3,10,0 2 1 0 1 2 1 2 0 0 1,6,8859,0,177180
3,10,0 2 1 0 1 2 1 2 1 0 1,6,8744,0,174880
3,10,0 2 1 0 1 2 1 2 2 0 1,6,8901,10,178030
3,10,0 2 1 0 1 2 2 0 0 0 1,6,8771,0,175420
3,10,0 2 1 0 1 2 2 0 1 0 1,6,8901,0,178020
3,10,0 2 1 0 1 2 2 0 2 0 1,6,8925,0,178500
3,10,0 2 1 0 1 2 2 2 0 0 1,6,8776,0,175520
3,10,0 2 1 0 1 2 2 2 1 0 1,6,8803,10,176070
3,10,0 2 1 0 1 2 2 2 2 0 1,6,8889,10,177790
3,10,0 2 1 0 2 0 0 0 0 0 1,6,8801,10,176030
3,10,0 2 1 0 2 0 0 0 1 0 1,6,8861,0,177220
3,10,0 2 1 0 2 0 0 0 2 0 1,6,8856,0,177120
3,10,0 2 1 0 2 0 0 2 0 0 1,6,8899,0,177980
3,10,0 2 1 0 2 0 0 2 1 0 1,6,8925,0,178500
3,10,0 2 1 0 2 0 0 2 2 0 1,6,8913,0,178260
3,10,0 2 1 0 2 0 1 0 0 0 1,6,8742,0,174840
3,10,0 2 1 0 2 0 1 0 1 0 1,6,8905,0,178100
3,10,0 2 1 0 2 0 1 0 2 0 1,6,8862,0,177240
3,10,0 2 1 0 2 0 1 2 0 0 1,6,8926,0,178520
3,10,0 2 1 0 2 0 1 2 1 0 1,6,8905,0,178100
3,10,0 2 1 0 2 0 1 2 2 0 1,6,8851,0,177020
3,10,0 2 1 0 2 0 2 0 0 0 1,6,8803,0,176060
3,10,0 2 1 0 2 0 2 0 1 0 1,6,8914,0,178280
3,10,0 2 1 0 2 0 2 0 2 0 1,6,8874,10,177490
3,10,0 2 1 0 2 0 2 2 0 0 1,6,8876,0,177520
3,10,0 2 1 0 2 0 2 2 1 0 1,6,8928,0,178560
3,10,0 2 1 0 2 0 2 2 2 0 1,6,8845,10,176910
3,10,0 2 1 0 2 1 0 2 0 0 1,6,8881,10,177630
3,10,0 2 1 0 2 1 0 2 1 0 1,6,8941,0,178820
3,10,0 2 1 0 2 1 0 2 2 0 1,6,8776,0,175520
3,10,0 2 1 0 2 1 1 2 0 0 1,6,8862,10,177250
3,10,0 2 1 0 2 1 1 2 1 0 1,6,8847,0,176940
3,10,0 2 1 0 2 1 1 2 2 0 1,6,8890,0,177800
3,10,0 2 1 0 2 1 2 2 0 0 1,6,8833,0,176660
3,10,0 2 1 0 2 1 2 2 1 0 1,6,8906,0,178120
3,10,0 2 1 0 2 1 2 2 2 0 1,6,8894,0,177880
3,10,0 2 1 0 2 2 0 0 0 0 1,6,8876,10,177530
3,10,0 2 1 0 2 2 0 0 1 0 1,6,8900,10,178010
3,10,0 2 1 0 2 2 0 0 2 0 1,6,8906,0,178120
3,10,0 2 1 0 2 2 0 2 0 0 1,6,8844,0,176880
3,10,0 2 1 0 2 2 0 2 1 0 1,6,8859,10,177190
3,10,0 2 1 0 2 2 0 2 2 0 1,6,8921,0,178420
3,10,0 2 1 0 2 2 1 0 0 0 1,6,8852,10,177050
3,10,0 2 1 0 2 2 1 0 1 0 1,6,8860,0,177200
3,10,0 2 1 0 2 2 1 0 2 0 1,6,8832,0,176640
3,10,0 2 1 0 2 2 1 2 0 0 1,6,8790,0,175800
3,10,0 2 1 0 2 2 1 2 1 0 1,6,8813,0,176260
3,10,0 2 1 0 2 2 1 2 2 0 1,6,8856,0,177120
3,10,0 2 1 0 2 2 2 0 0 0 1,6,8932,0,178640
3,10,0 2 1 0 2 2 2 0 1 0 1,6,8795,0,175900
3,10,0 2 1 0 2 2 2 0 2 0 1,6,8887,0,177740
3,10,0 2 1 0 2 2 2 2 0 0 1,6,8907,0,178140
3,10,0 2 1 0 2 2 2 2 1 0 1,6,8847,0,176940
3,10,0 2 1 0 2 2 2 2 2 0 1,6,8977,10,179550
3,10,0 2 1 1 0 0 0 2 0 0 1,6,8842,0,176840
3,10,0 2 1 1 0 0 0 2 1 0 1,6,8858,0,177160
3,10,0 2 1 1 0 0 0 2 2 0 1,6,8804,0,176080
3,10,0 2 1 1 0 0 1 2 0 0 1,6,8885,0,177700
3,10,0 2 1 1 0 0 1 2 1 0 1,6,8873,0,177460
3,10,0 2 1 1 0 0 1 2 2 0 1,6,8738,0,174760
3,10,0 2 1 1 0 0 2 2 0 0 1,6,8839,0,176780
3,10,0 2 1 1 0 0 2 2 1 0 1,6,8780,0,175600
3,10,0 2 1 1 0 0 2 2 2 0 1,6,8855,0,177100
3,10,0 2 1 1 0 1 0 2 0 0 1,6,8892,0,177840
3,10,0 2 1 1 0 1 0 2 1 0 1,6,8924,0,178480
3,10,0 2 1 1 0 1 0 2 2 0 1,6,8939,0,178780
3,10,0 2 1 1 0 1 1 2 0 0 1,6,8849,10,176990
3,10,0 2 1 1 0 1 1 2 1 0 1,6,8835,10,176710
3,10,0 2 1 1 0 1 1 2 2 0 1,6,8797,10,175950
3,10,0 2 1 1 0 1 2 2 0 0 1,6,8794,0,175880
3,10,0 2 1 1 0 1 2 2 1 0 1,6,8823,10,176470
3,10,0 2 1 1 0 1 2 2 2 0 1,6,8795,10,175910
3,10,0 2 1 1 0 2 0 0 0 0 1,6,8873,10,177470
3,10,0 2 1 1 0 2 0 0 1 0 1,6,8781,0,175620
3,10,0 2 1 1 0 2 0 0 2 0 1,6,8956,10,179130
3,10,0 2 1 1 0 2 0 2 0 0 1,6,8919,10,178390
3,10,0 2 1 1 0 2 0 2 1 0 1,6,8850,0,177000
3,10,0 2 1 1 0 2 0 2 2 0 1,6,8831,10,176630
3,10,0 2 1 1 0 2 1 0 0 0 1,6,8961,0,179220
3,10,0 2 1 1 0 2 1 0 1 0 1,6,8847,0,176940
3,10,0 2 1 1 0 2 1 0 2 0 1,6,8863,0,177260
3,10,0 2 1 1 0 2 1 2 0 0 1,6,8989,0,179780
3,10,0 2 1 1 0 2 1 2 1 0 1,6,8976,0,179520
3,10,0 2 1 1 0 2 1 2 2 0 1,6,8762,10,175250
3,10,0 2 1 1 0 2 2 0 0 0 1,6,8825,0,176500
3,10,0 2 1 1 0 2 2 0 1 0 1,6,8789,10,175790
3,10,0 2 1 1 0 2 2 0 2 0 1,6,8859,0,177180
3,10,0 2 1 1 0 2 2 2 0 0 1,6,8883,0,177660
3,10,0 2 1 1 0 2 2 2 1 0 1,6,8858,0,177160
3,10,0 2 1 1 0 2 2 2 2 0 1,6,8852,0,177040
3,10,0 2 1 1 1 0 0 2 0 0 1,6,8844,0,176880
3,10,0 2 1 1 1 0 0 2 1 0 1,6,8857,0,177140
3,10,0 2 1 1 1 0 0 2 2 0 1,6,8844,0,176880
3,10,0 2 1 1 1 0 1 2 0 0 1,6,8717,0,174340
3,10,0 2 1 1 1 0 1 2 1 0 1,6,8895,0,177900
3,10,0 2 1 1 1 0 1 2 2 0 1,6,8837,0,176740
3,10,0 2 1 1 1 0 2 2 0 0 1,6,8820,10,176410
3,10,0 2 1 1 1 0 2 2 1 0 1,6,8916,0,178320
3,10,0 2 1 1 1 0 2 2 2 0 1,6,8861,0,177220
3,10,0 2 1 1 1 1 0 2 0 0 1,6,8750,0,175000
3,10,0 2 1 1 1 1 0 2 1 0 1,6,8893,10,177870
3,10,0 2 1 1 1 1 0 2 2 0 1,6,8758,0,175160
3,10,0 2 1 1 1 1 1 2 0 0 1,6,8842,0,176840
3,10,0 2 1 1 1 1 1 2 1 0 1,6,8804,10,176090
3,10,0 2 1 1 1 1 1 2 2 0 1,6,8889,10,177790
3,10,0 2 1 1 1 1 2 2 0 0 1,6,8828,10,176570
3,10,0 2 1 1 1 1 2 2 1 0 1,6,8883,0,177660
3,10,0 2 1 1 1 1 2 2 2 0 1,6,8910,0,178200
3,10,0 2 1 1 1 2 0 0 0 0 1,6,8903,0,178060
3,10,0 2 1 1 1 2 0 0 1 0 1,6,8805,0,176100
3,10,0 2 1 1 1 2 0 0 2 0 1,6,8821,0,176420
3,10,0 2 1 1 1 2 0 2 0 0 1,6,8874,0,177480
3,10,0 2 1 1 1 2 0 2 1 0 1,6,8785,0,175700
3,10,0 2 1 1 1 2 0 2 2 0 1,6,8882,0,177640
3,10,0 2 1 1 1 2 1 0 0 0 1,6,8797,0,175940
3,10,0 2 1 1 1 2 1 0 1 0 1,6,8828,0,176560
3,10,0 2 1 1 1 2 1 0 2 0 1,6,8860,0,177200
3,10,0 2 1 1 1 2 1 2 0 0 1,6,8867,0,177340
3,10,0 2 1 1 1 2 1 2 1 0 1,6,9002,0,180040
3,10,0 2 1 1 1 2 1 2 2 0 1,6,8923,0,178460
3,10,0 2 1 1 1 2 2 0 0 0 1,6,8856,0,177120
3,10,0 2 1 1 1 2 2 0 1 0 1,6,8916,0,178320
3,10,0 2 1 1 1 2 2 0 2 0 1,6,8925,10,178510
3,10,0 2 1 1 1 2 2 2 0 0 1,6,8735,0,174700
3,10,0 2 1 1 1 2 2 2 1 0 1,6,8859,0,177180
3,10,0 2 1 1 1 2 2 2 2 0 1,6,8850,0,177000
3,10,0 2 1 1 2 0 0 2 0 0 1,6,8889,10,177790
3,10,0 2 1 1 2 0 0 2 1 0 1,6,8736,10,174730
3,10,0 2 1 1 2 0 0 2 2 0 1,6,8801,0,176020
3,10,0 2 1 1 2 0 1 2 0 0 1,6,8681,0,173620
3,10,0 2 1 1 2 0 1 2 1 0 1,6,8824,0,176480
3,10,0 2 1 1 2 0 1 2 2 0 1,6,8998,0,179960
3,10,0 2 1 1 2 0 2 2 0 0 1,6,8888,0,177760
3,10,0 2 1 1 2 0 2 2 1 0 1,6,8875,0,177500
3,10,0 2 1 1 2 0 2 2 2 0 1,6,8803,0,176060
3,10,0 2 1 1 2 1 0 2 0 0 1,6,8838,0,176760
3,10,0 2 1 1 2 1 0 2 1 0 1,6,8831,0,176620
3,10,0 2 1 1 2 1 0 2 2 0 1,6,8771,10,175430
3,10,0 2 1 1 2 1 1 2 0 0 1,6,8895,0,177900
3,10,0 2 1 1 2 1 1 2 1 0 1,6,8790,0,175800
3,10,0 2 1 1 2 1 1 2 2 0 1,6,8787,10,175750
3,10,0 2 1 1 2 1 2 2 0 0 1,6,8942,0,178840
3,10,0 2 1 1 2 1 2 2 1 0 1,6,8720,0,174400
3,10,0 2 1 1 2 1 2 2 2 0 1,6,8799,10,175990
3,10,0 2 1 1 2 2 0 0 0 0 1,6,8861,10,177230
3,10,0 2 1 1 2 2 0 0 1 0 1,6,8758,0,175160
3,10,0 2 1 1 2 2 0 0 2 0 1,6,8798,0,175960
3,10,0 2 1 1 2 2 0 2 0 0 1,6,8859,10,177190
3,10,0 2 1 1 2 2 0 2 1 0 1,6,8880,10,177610
3,10,0 2 1 1 2 2 0 2 2 0 1,6,8743,0,174860
3,10,0 2 1 1 2 2 1 0 0 0 1,6,8795,0,175900
3,10,0 2 1 1 2 2 1 0 1 0 1,6,8833,0,176660
3,10,0 2 1 1 2 2 1 0 2 0 1,6,8847,0,176940
3,10,0 2 1 1 2 2 1 2 0 0 1,6,8895,10,177910
3,10,0 2 1 1 2 2 1 2 1 0 1,6,8895,0,177900
3,10,0 2 1 1 2 2 1 2 2 0 1,6,8840,0,176800
3,10,0 2 1 1 2 2 2 0 0 0 1,6,8885,0,177700
3,10,0 2 1 1 2 2 2 0 1 0 1,6,8913,0,178260
3,10,0 2 1 1 2 2 2 0 2 0 1,6,8894,10,177890
3,10,0 2 1 1 2 2 2 2 0 0 1,6,8775,0,175500
3,10,0 2 1 1 2 2 2 2 1 0 1,6,8975,10,179510
3,10,0 2 1 1 2 2 2 2 2 0 1,6,8775,10,175510
3,10,0 2 1 2 0 0 0 0 0 0 1,6,8837,10,176750
3,10,0 2 1 2 0 0 0 0 1 0 1,6,8811,0,176220
3,10,0 2 1 2 0 0 0 0 2 0 1,6,8784,10,175690
3,10,0 2 1 2 0 0 0 2 0 0 1,6,8878,0,177560
3,10,0 2 1 2 0 0 0 2 1 0 1,6,8802,0,176040
3,10,0 2 1 2 0 0 0 2 2 0 1,6,8833,0,176660
3,10,0 2 1 2 0 0 1 0 0 0 1,6,8897,0,177940
3,10,0 2 1 2 0 0 1 0 1 0 1,6,8883,0,177660
3,10,0 2 1 2 0 0 1 0 2 0 1,6,8822,0,176440
3,10,0 2 1 2 0 0 1 2 0 0 1,6,8896,10,177930
3,10,0 2 1 2 0 0 1 2 1 0 1,6,8775,0,175500
3,10,0 2 1 2 0 0 1 2 2 0 1,6,8905,0,178100
3,10,0 2 1 2 0 0 2 0 0 0 1,6,8777,0,175540
3,10,0 2 1 2 0 0 2 0 1 0 1,6,8842,0,176840
3,10,0 2 1 2 0 0 2 0 2 0 1,6,8973,0,179460
3,10,0 2 1 2 0 0 2 2 0 0 1,6,8829,10,176590
3,10,0 2 1 2 0 0 2 2 1 0 1,6,8847,0,176940
3,10,0 2 1 2 0 0 2 2 2 0 1,6,8813,20,176280
3,10,0 2 1 2 0 1 0 2 0 0 1,6,8906,0,178120
3,10,0 2 1 2 0 1 0 2 1 0 1,6,8785,0,175700
3,10,0 2 1 2 0 1 0 2 2 0 1,6,8916,0,178320
3,10,0 2 1 2 0 1 1 2 0 0 1,6,9002,0,180040
3,10,0 2 1 2 0 1 1 2 1 0 1,6,8918,10,178370
3,10,0 2 1 2 0 1 1 2 2 0 1,6,8844,10,176890
3,10,0 2 1 2 0 1 2 2 0 0 1,6,8903,0,178060
3,10,0 2 1 2 0 1 2 2 1 0 1,6,8843,10,176870
3,10,0 2 1 2 0 1 2 2 2 0 1,6,8876,0,177520
3,10,0 2 1 2 0 2 0 0 0 0 1,6,8839,0,176780
3,10,0 2 1 2 0 2 0 0 1 0 1,6,8771,0,175420
3,10,0 2 1 2 0 2 0 0 2 0 1,6,8872,10,177450
3,10,0 2 1 2 0 2 0 2 0 0 1,6,9000,10,180010
3,10,0 2 1 2 0 2 0 2 1 0 1,6,8859,0,177180
3,10,0 2 1 2 0 2 0 2 2 0 1,6,8926,0,178520
3,10,0 2 1 2 0 2 1 0 0 0 1,6,8744,10,174890
3,10,0 2 1 2 0 2 1 0 1 0 1,6,9019,10,180390
3,10,0 2 1 2 0 2 1 0 2 0 1,6,8828,0,176560
3,10,0 2 1 2 0 2 1 2 0 0 1,6,8869,0,177380
3,10,0 2 1 2 0 2 1 2 1 0 1,6,8944,0,178880
3,10,0 2 1 2 0 2 1 2 2 0 1,6,8838,0,176760
3,10,0 2 1 2 0 2 2 0 0 0 1,6,8907,10,178150
3,10,0 2 1 2 0 2 2 0 1 0 1,6,8870,10,177410
3,10,0 2 1 2 0 2 2 0 2 0 1,6,8795,0,175900
3,10,0 2 1 2 0 2 2 2 0 0 1,6,8798,10,175970
3,10,0 2 1 2 0 2 2 2 1 0 1,6,9001,10,180030
3,10,0 2 1 2 0 2 2 2 2 0 1,6,8848,0,176960
3,10,0 2 1 2 1 0 0 0 0 0 1,6,8863,0,177260
3,10,0 2 1 2 1 0 0 0 1 0 1,6,8766,10,175330
3,10,0 2 1 2 1 0 0 0 2 0 1,6,8864,0,177280
3,10,0 2 1 2 1 0 0 2 0 0 1,6,8937,0,178740
3,10,0 2 1 2 1 0 0 2 1 0 1,6,8779,0,175580
3,10,0 2 1 2 1 0 0 2 2 0 1,6,8837,10,176750
3,10,0 2 1 2 1 0 1 0 0 0 1,6,8867,0,177340
3,10,0 2 1 2 1 0 1 0 1 0 1,6,8913,0,178260
3,10,0 2 1 2 1 0 1 0 2 0 1,6,8840,0,176800
3,10,0 2 1 2 1 0 1 2 0 0 1,6,8936,10,178730
3,10,0 2 1 2 1 0 1 2 1 0 1,6,8856,0,177120
3,10,0 2 1 2 1 0 1 2 2 0 1,6,8911,0,178220
3,10,0 2 1 2 1 0 2 0 0 0 1,6,8855,0,177100
3,10,0 2 1 2 1 0 2 0 1 0 1,6,8919,0,178380
3,10,0 2 1 2 1 0 2 0 2 0 1,6,8923,0,178460
3,10,0 2 1 2 1 0 2 2 0 0 1,6,8857,10,177150
3,10,0 2 1 2 1 0 2 2 1 0 1,6,8903,10,178070
3,10,0 2 1 2 1 0 2 2 2 0 1,6,8813,10,176270
3,10,0 2 1 2 1 1 0 2 0 0 1,6,8842,0,176840
3,10,0 2 1 2 1 1 0 2 1 0 1,6,8818,10,176370
3,10,0 2 1 2 1 1 0 2 2 0 1,6,8863,10,177270
3,10,0 2 1 2 1 1 1 2 0 0 1,6,8865,0,177300
3,10,0 2 1 2 1 1 1 2 1 0 1,6,8808,0,176160
3,10,0 2 1 2 1 1 1 2 2 0 1,6,8786,0,175720
3,10,0 2 1 2 1 1 2 2 0 0 1,6,8856,10,177130
3,10,0 2 1 2 1 1 2 2 1 0 1,6,8897,0,177940
3,10,0 2 1 2 1 1 2 2 2 0 1,6,8923,0,178460
3,10,0 2 1 2 1 2 0 0 0 0 1,6,8832,10,176650
3,10,0 2 1 2 1 2 0 0 1 0 1,6,8881,10,177630
3,10,0 2 1 2 1 2 0 0 2 0 1,6,8940,0,178800
3,10,0 2 1 2 1 2 0 2 0 0 1,6,8870,0,177400
3,10,0 2 1 2 1 2 0 2 1 0 1,6,8737,0,174740
3,10,0 2 1 2 1 2 0 2 2 0 1,6,8895,0,177900
3,10,0 2 1 2 1 2 1 0 0 0 1,6,8963,10,179270
3,10,0 2 1 2 1 2 1 0 1 0 1,6,8894,0,177880
3,10,0 2 1 2 1 2 1 0 2 0 1,6,8937,10,178750
3,10,0 2 1 2 1 2 1 2 0 0 1,6,8757,0,175140
3,10,0 2 1 2 1 2 1 2 1 0 1,6,8959,0,179180
3,10,0 2 1 2 1 2 1 2 2 0 1,6,8820,0,176400
3,10,0 2 1 2 1 2 2 0 0 0 1,6,8758,0,175160
3,10,0 2 1 2 1 2 2 0 1 0 1,6,8843,10,176870
3,10,0 2 1 2 1 2 2 0 2 0 1,6,8820,0,176400
3,10,0 2 1 2 1 2 2 2 0 0 1,6,8916,0,178320
3,10,0 2 1 2 1 2 2 2 1 0 1,6,8937,0,178740
3,10,0 2 1 2 1 2 2 2 2 0 1,6,8861,0,177220
3,10,0 2 1 2 2 0 0 0 0 0 1,6,8868,10,177370
3,10,0 2 1 2 2 0 0 0 1 0 1,6,8929,0,178580
3,10,0 2 1 2 2 0 0 0 2 0 1,6,8783,0,175660
3,10,0 2 1 2 2 0 0 2 0 0 1,6,8888,0,177760
3,10,0 2 1 2 2 0 0 2 1 0 1,6,8869,0,177380
3,10,0 2 1 2 2 0 0 2 2 0 1,6,8888,0,177760
3,10,0 2 1 2 2 0 1 0 0 0 1,6,8844,0,176880
3,10,0 2 1 2 2 0 1 0 1 0 1,6,8916,0,178320
3,10,0 2 1 2 2 0 1 0 2 0 1,6,8880,0,177600
3,10,0 2 1 2 2 0 1 2 0 0 1,6,8864,0,177280
3,10,0 2 1 2 2 0 1 2 1 0 1,6,8804,10,176090
3,10,0 2 1 2 2 0 1 2 2 0 1,6,8712,0,174240
3,10,0 2 1 2 2 0 2 0 0 0 1,6,8903,0,178060
3,10,0 2 1 2 2 0 2 0 1 0 1,6,8856,0,177120
3,10,0 2 1 2 2 0 2 0 2 0 1,6,8808,0,176160
3,10,0 2 1 2 2 0 2 2 0 0 1,6,8905,10,178110
3,10,0 2 1 2 2 0 2 2 1 0 1,6,8959,10,179190
3,10,0 2 1 2 2 0 2 2 2 0 1,6,8913,10,178270
3,10,0 2 1 2 2 1 0 2 0 0 1,6,8870,0,177400
3,10,0 2 1 2 2 1 0 2 1 0 1,6,8773,0,175460
3,10,0 2 1 2 2 1 0 2 2 0 1,6,8947,0,178940
3,10,0 2 1 2 2 1 1 2 0 0 1,6,8784,0,175680
3,10,0 2 1 2 2 1 1 2 1 0 1,6,8786,0,175720
3,10,0 2 1 2 2 1 1 2 2 0 1,6,8779,0,175580
3,10,0 2 1 2 2 1 2 2 0 0 1,6,8796,0,175920
3,10,0 2 1 2 2 1 2 2 1 0 1,6,8938,10,178770
3,10,0 2 1 2 2 1 2 2 2 0 1,6,8901,0,178020
3,10,0 2 1 2 2 2 0 0 0 0 1,6,8865,0,177300
3,10,0 2 1 2 2 2 0 0 1 0 1,6,8830,0,176600
3,10,0 2 1 2 2 2 0 0 2 0 1,6,8902,5,178045
3,10,0 2 1 2 2 2 0 2 0 0 1,6,8824,0,176480
3,10,0 2 1 2 2 2 0 2 1 0 1,6,8849,0,176980
3,10,0 2 1 2 2 2 0 2 2 0 1,6,8798,0,175960
3,10,0 2 1 2 2 2 1 0 0 0 1,6,8919,10,178390
3,10,0 2 1 2 2 2 1 0 1 0 1,6,8865,10,177310
3,10,0 2 1 2 2 2 1 0 2 0 1,6,8818,0,176360
3,10,0 2 1 2 2 2 1 2 0 0 1,6,8854,0,177080
3,10,0 2 1 2 2 2 1 2 1 0 1,6,8806,0,176120
3,10,0 2 1 2 2 2 1 2 2 0 1,6,8786,0,175720
3,10,0 2 1 2 2 2 2 0 0 0 1,6,8795,10,175910
3,10,0 2 1 2 2 2 2 0 1 0 1,6,8888,10,177770
3,10,0 2 1 2 2 2 2 0 2 0 1,6,8784,10,175690
3,10,0 2 1 2 2 2 2 2 0 0 1,6,8853,0,177060
3,10,0 2 1 2 2 2 2 2 1 0 1,6,8736,10,174730
3,10,0 2 1 2 2 2 2 2 2 0 1,6,8960,0,179200
3,10,0 2 2 0 0 0 0 0 0 0 1,6,8839,0,176780
3,10,0 2 2 0 0 0 0 0 1 0 1,6,8912,10,178250
3,10,0 2 2 0 0 0 0 0 2 0 1,6,8799,10,175990
3,10,0 2 2 0 0 0 0 2 0 0 1,6,8959,0,179180
3,10,0 2 2 0 0 0 0 2 1 0 1,6,8838,0,176760
3,10,0 2 2 0 0 0 0 2 2 0 1,6,8870,0,177400
3,10,0 2 2 0 0 0 1 0 0 0 1,6,8851,0,177020
3,10,0 2 2 0 0 0 1 0 1 0 1,6,8950,0,179000
3,10,0 2 2 0 0 0 1 0 2 0 1,6,8843,0,176860
3,10,0 2 2 0 0 0 1 2 0 0 1,6,8911,10,178230
3,10,0 2 2 0 0 0 1 2 1 0 1,6,8831,0,176620
3,10,0 2 2 0 0 0 1 2 2 0 1,6,8829,0,176580
3,10,0 2 2 0 0 0 2 0 0 0 1,6,8950,0,179000
3,10,0 2 2 0 0 0 2 0 1 0 1,6,8806,0,176120
3,10,0 2 2 0 0 0 2 0 2 0 1,6,8838,0,176760
3,10,0 2 2 0 0 0 2 2 0 0 1,6,8830,10,176610
3,10,0 2 2 0 0 0 2 2 1 0 1,6,8913,0,178260
3,10,0 2 2 0 0 0 2 2 2 0 1,6,8881,10,177630
3,10,0 2 2 0 0 1 0 2 0 0 1,6,8810,0,176200
3,10,0 2 2 0 0 1 0 2 1 0 1,6,8852,10,177050
3,10,0 2 2 0 0 1 0 2 2 0 1,6,8825,10,176510
3,10,0 2 2 0 0 1 1 2 0 0 1,6,8884,10,177690
3,10,0 2 2 0 0 1 1 2 1 0 1,6,8910,10,178210
3,10,0 2 2 0 0 1 1 2 2 0 1,6,8873,0,177460
3,10,0 2 2 0 0 1 2 2 0 0 1,6,8862,0,177240
3,10,0 2 2 0 0 1 2 2 1 0 1,6,8799,0,175980
3,10,0 2 2 0 0 1 2 2 2 0 1,6,8965,10,179310
3,10,0 2 2 0 0 2 0 0 0 0 1,6,8845,0,176900
3,10,0 2 2 0 0 2 0 0 1 0 1,6,8878,0,177560
3,10,0 2 2 0 0 2 0 0 2 0 1,6,8851,0,177020
3,10,0 2 2 0 0 2 0 2 0 0 1,6,8843,10,176870
3,10,0 2 2 0 0 2 0 2 1 0 1,6,8909,10,178190
3,10,0 2 2 0 0 2 0 2 2 0 1,6,8912,0,178240
3,10,0 2 2 0 0 2 1 0 0 0 1,6,8851,0,177020
3,10,0 2 2 0 0 2 1 0 1 0 1,6,8880,10,177610
3,10,0 2 2 0 0 2 1 0 2 0 1,6,8751,0,175020
3,10,0 2 2 0 0 2 1 2 0 0 1,6,8768,10,175370
3,10,0 2 2 0 0 2 1 2 1 0 1,6,8971,0,179420
3,10,0 2 2 0 0 2 1 2 2 0 1,6,8840,0,176800
3,10,0 2 2 0 0 2 2 0 0 0 1,6,8820,0,176400
3,10,0 2 2 0 0 2 2 0 1 0 1,6,8845,0,176900
3,10,0 2 2 0 0 2 2 0 2 0 1,6,8836,10,176730
3,10,0 2 2 0 0 2 2 2 0 0 1,6,8842,0,176840
3,10,0 2 2 0 0 2 2 2 1 0 1,6,8856,15,177135
3,10,0 2 2 0 0 2 2 2 2 0 1,6,8968,10,179370
3,10,0 2 2 0 1 0 0 0 0 0 1,6,8861,10,177230
3,10,0 2 2 0 1 0 0 0 1 0 1,6,8824,0,176480
3,10,0 2 2 0 1 0 0 0 2 0 1,6,8742,0,174840
3,10,0 2 2 0 1 0 0 2 0 0 1,6,8754,0,175080
3,10,0 2 2 0 1 0 0 2 1 0 1,6,8807,0,176140
3,10,0 2 2 0 1 0 0 2 2 0 1,6,8745,0,174900
3,10,0 2 2 0 1 0 1 0 0 0 1,6,8891,10,177830
3,10,0 2 2 0 1 0 1 0 1 0 1,6,8864,0,177280
3,10,0 2 2 0 1 0 1 0 2 0 1,6,8859,0,177180
3,10,0 2 2 0 1 0 1 2 0 0 1,6,8835,0,176700
3,10,0 2 2 0 1 0 1 2 1 0 1,6,8881,0,177620
3,10,0 2 2 0 1 0 1 2 2 0 1,6,8792,0,175840
3,10,0 2 2 0 1 0 2 0 0 0 1,6,8919,0,178380
3,10,0 2 2 0 1 0 2 0 1 0 1,6,8910,0,178200
3,10,0 2 2 0 1 0 2 0 2 0 1,6,8949,0,178980
3,10,0 2 2 0 1 0 2 2 0 0 1,6,8713,0,174260
3,10,0 2 2 0 1 0 2 2 1 0 1,6,8794,10,175890
3,10,0 2 2 0 1 0 2 2 2 0 1,6,8812,10,176250
3,10,0 2 2 0 1 1 0 2 0 0 1,6,8851,0,177020
3,10,0 2 2 0 1 1 0 2 1 0 1,6,8834,0,176680
3,10,0 2 2 0 1 1 0 2 2 0 1,6,8920,0,178400
3,10,0 2 2 0 1 1 1 2 0 0 1,6,8905,10,178110
3,10,0 2 2 0 1 1 1 2 1 0 1,6,8873,0,177460
3,10,0 2 2 0 1 1 1 2 2 0 1,6,8862,10,177250
3,10,0 2 2 0 1 1 2 2 0 0 1,6,8848,0,176960
3,10,0 2 2 0 1 1 2 2 1 0 1,6,8887,0,177740
3,10,0 2 2 0 1 1 2 2 2 0 1,6,8916,10,178330
3,10,0 2 2 0 1 2 0 0 0 0 1,6,8721,0,174420
3,10,0 2 2 0 1 2 0 0 1 0 1,6,8916,10,178330
3,10,0 2 2 0 1 2 0 0 2 0 1,6,8871,0,177420
3,10,0 2 2 0 1 2 0 2 0 0 1,6,8855,10,177110
3,10,0 2 2 0 1 2 0 2 1 0 1,6,8906,0,178120
3,10,0 2 2 0 1 2 0 2 2 0 1,6,8862,10,177250
3,10,0 2 2 0 1 2 1 0 0 0 1,6,8854,0,177080
3,10,0 2 2 0 1 2 1 0 1 0 1,6,8836,0,176720
3,10,0 2 2 0 1 2 1 0 2 0 1,6,8916,10,178330
3,10,0 2 2 0 1 2 1 2 0 0 1,6,8923,10,178470
3,10,0 2 2 0 1 2 1 2 1 0 1,6,8892,0,177840
3,10,0 2 2 0 1 2 1 2 2 0 1,6,8823,0,176460
3,10,0 2 2 0 1 2 2 0 0 0 1,6,8876,0,177520
3,10,0 2 2 0 1 2 2 0 1 0 1,6,8935,0,178700
3,10,0 2 2 0 1 2 2 0 2 0 1,6,8844,10,176890
3,10,0 2 2 0 1 2 2 2 0 0 1,6,8827,0,176540
3,10,0 2 2 0 1 2 2 2 1 0 1,6,8886,0,177720
3,10,0 2 2 0 1 2 2 2 2 0 1,6,8826,0,176520
3,10,0 2 2 0 2 0 0 0 0 0 1,6,8852,10,177050
3,10,0 2 2 0 2 0 0 0 1 0 1,6,8893,0,177860
3,10,0 2 2 0 2 0 0 0 2 0 1,6,8837,0,176740
3,10,0 2 2 0 2 0 0 2 0 0 1,6,8800,0,176000
3,10,0 2 2 0 2 0 0 2 1 0 1,6,8823,0,176460
3,10,0 2 2 0 2 0 0 2 2 0 1,6,8871,0,177420
3,10,0 2 2 0 2 0 1 0 0 0 1,6,8976,0,179520
3,10,0 2 2 0 2 0 1 0 1 0 1,6,8878,0,177560
3,10,0 2 2 0 2 0 1 0 2 0 1,6,8837,0,176740
3,10,0 2 2 0 2 0 1 2 0 0 1,6,8811,0,176220
3,10,0 2 2 0 2 0 1 2 1 0 1,6,8827,4,176544
3,10,0 2 2 0 2 0 1 2 2 0 1,6,8832,10,176650
3,10,0 2 2 0 2 0 2 0 0 0 1,6,8937,10,178750
3,10,0 2 2 0 2 0 2 0 1 0 1,6,8834,10,176690
3,10,0 2 2 0 2 0 2 0 2 0 1,6,8818,0,176360
3,10,0 2 2 0 2 0 2 2 0 0 1,6,8913,0,178260
3,10,0 2 2 0 2 0 2 2 1 0 1,6,8866,0,177320
3,10,0 2 2 0 2 0 2 2 2 0 1,6,8861,0,177220
3,10,0 2 2 0 2 1 0 2 0 0 1,6,8873,0,177460
3,10,0 2 2 0 2 1 0 2 1 0 1,6,8824,0,176480
3,10,0 2 2 0 2 1 0 2 2 0 1,6,8887,0,177740
3,10,0 2 2 0 2 1 1 2 0 0 1,6,8949,0,178980
3,10,0 2 2 0 2 1 1 2 1 0 1,6,8796,0,175920
3,10,0 2 2 0 2 1 1 2 2 0 1,6,8936,0,178720
3,10,0 2 2 0 2 1 2 2 0 0 1,6,8909,10,178190
3,10,0 2 2 0 2 1 2 2 1 0 1,6,8897,0,177940
3,10,0 2 2 0 2 1 2 2 2 0 1,6,8862,0,177240
3,10,0 2 2 0 2 2 0 0 0 0 1,6,8733,0,174660
3,10,0 2 2 0 2 2 0 0 1 0 1,6,8864,0,177280
3,10,0 2 2 0 2 2 0 0 2 0 1,6,8939,0,178780
3,10,0 2 2 0 2 2 0 2 0 0 1,6,8804,0,176080
3,10,0 2 2 0 2 2 0 2 1 0 1,6,8880,10,177610
3,10,0 2 2 0 2 2 0 2 2 0 1,6,8871,0,177420
3,10,0 2 2 0 2 2 1 0 0 0 1,6,8909,0,178180
3,10,0 2 2 0 2 2 1 0 1 0 1,6,8778,10,175570
3,10,0 2 2 0 2 2 1 0 2 0 1,6,8900,0,178000
3,10,0 2 2 0 2 2 1 2 0 0 1,6,8942,0,178840
3,10,0 2 2 0 2 2 1 2 1 0 1,6,8821,0,176420
3,10,0 2 2 0 2 2 1 2 2 0 1,6,8839,0,176780
3,10,0 2 2 0 2 2 2 0 0 0 1,6,8893,0,177860
3,10,0 2 2 0 2 2 2 0 1 0 1,6,8848,10,176970
3,10,0 2 2 0 2 2 2 0 2 0 1,6,8918,0,178360
3,10,0 2 2 0 2 2 2 2 0 0 1,6,8883,10,177670
3,10,0 2 2 0 2 2 2 2 1 0 1,6,8881,0,177620
3,10,0 2 2 0 2 2 2 2 2 0 1,6,8913,10,178270
3,10,0 2 2 1 0 0 0 2 0 0 1,6,8883,0,177660
3,10,0 2 2 1 0 0 0 2 1 0 1,6,8870,0,177400
3,10,0 2 2 1 0 0 0 2 2 0 1,6,8985,10,179710
3,10,0 2 2 1 0 0 1 2 0 0 1,6,8918,0,178360
3,10,0 2 2 1 0 0 1 2 1 0 1,6,8879,0,177580
3,10,0 2 2 1 0 0 1 2 2 0 1,6,8830,0,176600
3,10,0 2 2 1 0 0 2 2 0 0 1,6,8793,10,175870
3,10,0 2 2 1 0 0 2 2 1 0 1,6,8847,0,176940
3,10,0 2 2 1 0 0 2 2 2 0 1,6,8817,0,176340
3,10,0 2 2 1 0 1 0 2 0 0 1,6,8920,10,178410
3,10,0 2 2 1 0 1 0 2 1 0 1,6,8799,10,175990
3,10,0 2 2 1 0 1 0 2 2 0 1,6,8823,10,176470
3,10,0 2 2 1 0 1 1 2 0 0 1,6,8757,0,175140
3,10,0 2 2 1 0 1 1 2 1 0 1,6,8844,0,176880
3,10,0 2 2 1 0 1 1 2 2 0 1,6,8828,0,176560
3,10,0 2 2 1 0 1 2 2 0 0 1,6,8858,0,177160
3,10,0 2 2 1 0 1 2 2 1 0 1,6,8933,0,178660
3,10,0 2 2 1 0 1 2 2 2 0 1,6,8918,0,178360
3,10,0 2 2 1 0 2 0 0 0 0 1,6,8859,0,177180
3,10,0 2 2 1 0 2 0 0 1 0 1,6,8872,0,177440
3,10,0 2 2 1 0 2 0 0 2 0 1,6,8959,0,179180
3,10,0 2 2 1 0 2 0 2 0 0 1,6,8858,0,177160
3,10,0 2 2 1 0 2 0 2 1 0 1,6,8816,10,176330
3,10,0 2 2 1 0 2 0 2 2 0 1,6,8840,10,176810
3,10,0 2 2 1 0 2 1 0 0 0 1,6,8862,0,177240
3,10,0 2 2 1 0 2 1 0 1 0 1,6,8867,0,177340
3,10,0 2 2 1 0 2 1 0 2 0 1,6,8838,0,176760
3,10,0 2 2 1 0 2 1 2 0 0 1,6,8905,0,178100
3,10,0 2 2 1 0 2 1 2 1 0 1,6,8776,0,175520
3,10,0 2 2 1 0 2 1 2 2 0 1,6,8932,0,178640
3,10,0 2 2 1 0 2 2 0 0 0 1,6,8842,0,176840
3,10,0 2 2 1 0 2 2 0 1 0 1,6,8784,0,175680
3,10,0 2 2 1 0 2 2 0 2 0 1,6,8835,0,176700
3,10,0 2 2 1 0 2 2 2 0 0 1,6,8809,0,176180
3,10,0 2 2 1 0 2 2 2 1 0 1,6,8819,0,176380
3,10,0 2 2 1 0 2 2 2 2 0 1,6,8860,0,177200
3,10,0 2 2 1 1 0 0 2 0 0 1,6,8852,0,177040
3,10,0 2 2 1 1 0 0 2 1 0 1,6,8871,0,177420
3,10,0 2 2 1 1 0 0 2 2 0 1,6,8868,0,177360
3,10,0 2 2 1 1 0 1 2 0 0 1,6,8956,10,179130
3,10,0 2 2 1 1 0 1 2 1 0 1,6,8783,0,175660
3,10,0 2 2 1 1 0 1 2 2 0 1,6,8786,10,175730
3,10,0 2 2 1 1 0 2 2 0 0 1,6,8878,0,177560
3,10,0 2 2 1 1 0 2 2 1 0 1,6,8860,10,177210
3,10,0 2 2 1 1 0 2 2 2 0 1,6,8877,10,177550
3,10,0 2 2 1 1 1 0 2 0 0 1,6,8880,0,177600
3,10,0 2 2 1 1 1 0 2 1 0 1,6,8848,0,176960
3,10,0 2 2 1 1 1 0 2 2 0 1,6,8871,20,177440
3,10,0 2 2 1 1 1 1 2 0 0 1,6,8762,0,175240
3,10,0 2 2 1 1 1 1 2 1 0 1,6,8886,0,177720
3,10,0 2 2 1 1 1 1 2 2 0 1,6,8840,0,176800
3,10,0 2 2 1 1 1 2 2 0 0 1,6,8842,0,176840
3,10,0 2 2 1 1 1 2 2 1 0 1,6,8600,10,172010
3,10,0 2 2 1 1 1 2 2 2 0 1,6,8903,0,178060
3,10,0 2 2 1 1 2 0 0 0 0 1,6,8939,0,178780
3,10,0 2 2 1 1 2 0 0 1 0 1,6,8833,0,176660
3,10,0 2 2 1 1 2 0 0 2 0 1,6,8897,0,177940
3,10,0 2 2 1 1 2 0 2 0 0 1,6,8826,10,176530
3,10,0 2 2 1 1 2 0 2 1 0 1,6,8869,10,177390
3,10,0 2 2 1 1 2 0 2 2 0 1,6,8801,0,176020
3,10,0 2 2 1 1 2 1 0 0 0 1,6,8824,0,176480
3,10,0 2 2 1 1 2 1 0 1 0 1,6,8809,0,176180
3,10,0 2 2 1 1 2 1 0 2 0 1,6,8846,10,176930
3,10,0 2 2 1 1 2 1 2 0 0 1,6,8880,0,177600
3,10,0 2 2 1 1 2 1 2 1 0 1,6,8855,0,177100
3,10,0 2 2 1 1 2 1 2 2 0 1,6,8829,10,176590
3,10,0 2 2 1 1 2 2 0 0 0 1,6,8777,0,175540
3,10,0 2 2 1 1 2 2 0 1 0 1,6,8871,0,177420
3,10,0 2 2 1 1 2 2 0 2 0 1,6,8926,0,178520
3,10,0 2 2 1 1 2 2 2 0 0 1,6,8862,0,177240
3,10,0 2 2 1 1 2 2 2 1 0 1,6,8798,0,175960
3,10,0 2 2 1 1 2 2 2 2 0 1,6,8833,10,176670
3,10,0 2 2 1 2 0 0 2 0 0 1,6,8816,0,176320
3,10,0 2 2 1 2 0 0 2 1 0 1,6,8827,0,176540
3,10,0 2 2 1 2 0 0 2 2 0 1,6,8778,0,175560
3,10,0 2 2 1 2 0 1 2 0 0 1,6,8863,0,177260
3,10,0 2 2 1 2 0 1 2 1 0 1,6,8810,10,176210
3,10,0 2 2 1 2 0 1 2 2 0 1,6,8826,10,176530
3,10,0 2 2 1 2 0 2 2 0 0 1,6,8873,0,177460
3,10,0 2 2 1 2 0 2 2 1 0 1,6,8895,10,177910
3,10,0 2 2 1 2 0 2 2 2 0 1,6,8911,0,178220
3,10,0 2 2 1 2 1 0 2 0 0 1,6,8778,0,175560
3,10,0 2 2 1 2 1 0 2 1 0 1,6,8877,0,177540
3,10,0 2 2 1 2 1 0 2 2 0 1,6,8859,0,177180
3,10,0 2 2 1 2 1 1 2 0 0 1,6,8796,10,175930
3,10,0 2 2 1 2 1 1 2 1 0 1,6,8781,0,175620
3,10,0 2 2 1 2 1 1 2 2 0 1,6,8808,10,176170
3,10,0 2 2 1 2 1 2 2 0 0 1,6,8919,0,178380
3,10,0 2 2 1 2 1 2 2 1 0 1,6,8844,0,176880
3,10,0 2 2 1 2 1 2 2 2 0 1,6,8858,0,177160
3,10,0 2 2 1 2 2 0 0 0 0 1,6,8855,0,177100
3,10,0 2 2 1 2 2 0 0 1 0 1,6,8863,0,177260
3,10,0 2 2 1 2 2 0 0 2 0 1,6,8853,0,177060
3,10,0 2 2 1 2 2 0 2 0 0 1,6,8796,0,175920
3,10,0 2 2 1 2 2 0 2 1 0 1,6,8957,0,179140
3,10,0 2 2 1 2 2 0 2 2 0 1,6,8783,10,175670
3,10,0 2 2 1 2 2 1 0 0 0 1,6,8850,0,177000
3,10,0 2 2 1 2 2 1 0 1 0 1,6,8811,0,176220
3,10,0 2 2 1 2 2 1 0 2 0 1,6,8767,10,175350
3,10,0 2 2 1 2 2 1 2 0 0 1,6,8826,0,176520
3,10,0 2 2 1 2 2 1 2 1 0 1,6,8873,0,177460
3,10,0 2 2 1 2 2 1 2 2 0 1,6,8840,0,176800
3,10,0 2 2 1 2 2 2 0 0 0 1,6,8751,0,175020
3,10,0 2 2 1 2 2 2 0 1 0 1,6,8843,10,176870
3,10,0 2 2 1 2 2 2 0 2 0 1,6,8774,0,175480
3,10,0 2 2 1 2 2 2 2 0 0 1,6,8918,0,178360
3,10,0 2 2 1 2 2 2 2 1 0 1,6,8869,10,177390
3,10,0 2 2 1 2 2 2 2 2 0 1,6,8915,0,178300
3,10,0 2 2 2 0 0 0 0 0 0 1,6,8861,0,177220
3,10,0 2 2 2 0 0 0 0 1 0 1,6,8868,0,177360
3,10,0 2 2 2 0 0 0 0 2 0 1,6,8770,0,175400
3,10,0 2 2 2 0 0 0 2 0 0 1,6,8786,20,175740
3,10,0 2 2 2 0 0 0 2 1 0 1,6,8849,10,176990
3,10,0 2 2 2 0 0 0 2 2 0 1,6,8866,0,177320
3,10,0 2 2 2 0 0 1 0 0 0 1,6,8944,10,178890
3,10,0 2 2 2 0 0 1 0 1 0 1,6,8821,10,176430
3,10,0 2 2 2 0 0 1 0 2 0 1,6,8872,0,177440
3,10,0 2 2 2 0 0 1 2 0 0 1,6,8853,0,177060
3,10,0 2 2 2 0 0 1 2 1 0 1,6,8825,0,176500
3,10,0 2 2 2 0 0 1 2 2 0 1,6,8815,10,176310
3,10,0 2 2 2 0 0 2 0 0 0 1,6,8853,10,177070
3,10,0 2 2 2 0 0 2 0 1 0 1,6,8894,0,177880
3,10,0 2 2 2 0 0 2 0 2 0 1,6,8899,10,177990
3,10,0 2 2 2 0 0 2 2 0 0 1,6,8869,0,177380
3,10,0 2 2 2 0 0 2 2 1 0 1,6,8858,10,177170
3,10,0 2 2 2 0 0 2 2 2 0 1,6,8863,0,177260
3,10,0 2 2 2 0 1 0 2 0 0 1,6,8870,0,177400
3,10,0 2 2 2 0 1 0 2 1 0 1,6,8810,10,176210
3,10,0 2 2 2 0 1 0 2 2 0 1,6,8715,10,174310
3,10,0 2 2 2 0 1 1 2 0 0 1,6,8889,10,177790
3,10,0 2 2 2 0 1 1 2 1 0 1,6,8921,0,178420
3,10,0 2 2 2 0 1 1 2 2 0 1,6,8888,0,177760
3,10,0 2 2 2 0 1 2 2 0 0 1,6,8878,10,177570
3,10,0 2 2 2 0 1 2 2 1 0 1,6,8858,0,177160
3,10,0 2 2 2 0 1 2 2 2 0 1,6,8870,0,177400
3,10,0 2 2 2 0 2 0 0 0 0 1,6,8891,10,177830
3,10,0 2 2 2 0 2 0 0 1 0 1,6,8906,0,178120
3,10,0 2 2 2 0 2 0 0 2 0 1,6,8870,0,177400
3,10,0 2 2 2 0 2 0 2 0 0 1,6,8788,0,175760
3,10,0 2 2 2 0 2 0 2 1 0 1,6,8885,0,177700
3,10,0 2 2 2 0 2 0 2 2 0 1,6,8897,0,177940
3,10,0 2 2 2 0 2 1 0 0 0 1,6,8843,10,176870
3,10,0 2 2 2 0 2 1 0 1 0 1,6,8929,0,178580
3,10,0 2 2 2 0 2 1 0 2 0 1,6,8896,10,177930
3,10,0 2 2 2 0 2 1 2 0 0 1,6,8796,0,175920
3,10,0 2 2 2 0 2 1 2 1 0 1,6,8826,10,176530
3,10,0 2 2 2 0 2 1 2 2 0 1,6,8888,0,177760
3,10,0 2 2 2 0 2 2 0 0 0 1,6,8808,0,176160
3,10,0 2 2 2 0 2 2 0 1 0 1,6,8888,0,177760
3,10,0 2 2 2 0 2 2 0 2 0 1,6,8919,10,178390
3,10,0 2 2 2 0 2 2 2 0 0 1,6,8841,0,176820
3,10,0 2 2 2 0 2 2 2 1 0 1,6,8905,0,178100
3,10,0 2 2 2 0 2 2 2 2 0 1,6,8760,10,175210
3,10,0 2 2 2 1 0 0 0 0 0 1,6,8813,0,176260
3,10,0 2 2 2 1 0 0 0 1 0 1,6,8851,0,177020
3,10,0 2 2 2 1 0 0 0 2 0 1,6,8856,0,177120
3,10,0 2 2 2 1 0 0 2 0 0 1,6,8912,10,178250
3,10,0 2 2 2 1 0 0 2 1 0 1,6,8767,10,175350
3,10,0 2 2 2 1 0 0 2 2 0 1,6,8783,0,175660
3,10,0 2 2 2 1 0 1 0 0 0 1,6,8843,0,176860
3,10,0 2 2 2 1 0 1 0 1 0 1,6,8729,0,174580
3,10,0 2 2 2 1 0 1 0 2 0 1,6,8852,0,177040
3,10,0 2 2 2 1 0 1 2 0 0 1,6,8885,0,177700
3,10,0 2 2 2 1 0 1 2 1 0 1,6,8942,10,178850
3,10,0 2 2 2 1 0 1 2 2 0 1,6,8761,0,175220
3,10,0 2 2 2 1 0 2 0 0 0 1,6,8913,0,178260
3,10,0 2 2 2 1 0 2 0 1 0 1,6,8841,0,176820
3,10,0 2 2 2 1 0 2 0 2 0 1,6,8788,0,175760
3,10,0 2 2 2 1 0 2 2 0 0 1,6,8859,20,177200
3,10,0 2 2 2 1 0 2 2 1 0 1,6,8773,0,175460
3,10,0 2 2 2 1 0 2 2 2 0 1,6,8813,10,176270
3,10,0 2 2 2 1 1 0 2 0 0 1,6,8819,0,176380
3,10,0 2 2 2 1 1 0 2 1 0 1,6,8913,10,178270
3,10,0 2 2 2 1 1 0 2 2 0 1,6,8820,0,176400
3,10,0 2 2 2 1 1 1 2 0 0 1,6,8955,0,179100
3,10,0 2 2 2 1 1 1 2 1 0 1,6,8764,0,175280
3,10,0 2 2 2 1 1 1 2 2 0 1,6,8764,10,175290
3,10,0 2 2 2 1 1 2 2 0 0 1,6,8848,0,176960
3,10,0 2 2 2 1 1 2 2 1 0 1,6,8804,0,176080
3,10,0 2 2 2 1 1 2 2 2 0 1,6,8849,0,176980
3,10,0 2 2 2 1 2 0 0 0 0 1,6,8802,0,176040
3,10,0 2 2 2 1 2 0 0 1 0 1,6,8840,10,176810
3,10,0 2 2 2 1 2 0 0 2 0 1,6,8878,10,177570
3,10,0 2 2 2 1 2 0 2 0 0 1,6,8918,0,178360
3,10,0 2 2 2 1 2 0 2 1 0 1,6,8793,0,175860
3,10,0 2 2 2 1 2 0 2 2 0 1,6,8850,0,177000
3,10,0 2 2 2 1 2 1 0 0 0 1,6,8816,0,176320
3,10,0 2 2 2 1 2 1 0 1 0 1,6,8859,0,177180
3,10,0 2 2 2 1 2 1 0 2 0 1,6,8826,0,176520
3,10,0 2 2 2 1 2 1 2 0 0 1,6,8828,0,176560
3,10,0 2 2 2 1 2 1 2 1 0 1,6,8826,0,176520
3,10,0 2 2 2 1 2 1 2 2 0 1,6,8819,10,176390
3,10,0 2 2 2 1 2 2 0 0 0 1,6,8935,10,178710
3,10,0 2 2 2 1 2 2 0 1 0 1,6,8881,0,177620
3,10,0 2 2 2 1 2 2 0 2 0 1,6,8930,0,178600
3,10,0 2 2 2 1 2 2 2 0 0 1,6,8849,0,176980
3,10,0 2 2 2 1 2 2 2 1 0 1,6,8865,10,177310
3,10,0 2 2 2 1 2 2 2 2 0 1,6,8904,0,178080
3,10,0 2 2 2 2 0 0 0 0 0 1,6,8812,0,176240
3,10,0 2 2 2 2 0 0 0 1 0 1,6,8813,0,176260
3,10,0 2 2 2 2 0 0 0 2 0 1,6,8886,0,177720
3,10,0 2 2 2 2 0 0 2 0 0 1,6,8790,0,175800
3,10,0 2 2 2 2 0 0 2 1 0 1,6,8927,10,178550
3,10,0 2 2 2 2 0 0 2 2 0 1,6,8886,0,177720
3,10,0 2 2 2 2 0 1 0 0 0 1,6,8789,0,175780
3,10,0 2 2 2 2 0 1 0 1 0 1,6,8817,10,176350
3,10,0 2 2 2 2 0 1 0 2 0 1,6,8837,0,176740
3,10,0 2 2 2 2 0 1 2 0 0 1,6,8748,10,174970
3,10,0 2 2 2 2 0 1 2 1 0 1,6,8958,0,179160
3,10,0 2 2 2 2 0 1 2 2 0 1,6,8842,0,176840
3,10,0 2 2 2 2 0 2 0 0 0 1,6,8880,0,177600
3,10,0 2 2 2 2 0 2 0 1 0 1,6,8810,0,176200
3,10,0 2 2 2 2 0 2 0 2 0 1,6,8831,0,176620
3,10,0 2 2 2 2 0 2 2 0 0 1,6,8825,0,176500
3,10,0 2 2 2 2 0 2 2 1 0 1,6,8817,0,176340
3,10,0 2 2 2 2 0 2 2 2 0 1,6,8829,5,176585
3,10,0 2 2 2 2 1 0 2 0 0 1,6,8951,10,179030
3,10,0 2 2 2 2 1 0 2 1 0 1,6,8815,0,176300
3,10,0 2 2 2 2 1 0 2 2 0 1,6,8874,0,177480
3,10,0 2 2 2 2 1 1 2 0 0 1,6,9019,0,180380
3,10,0 2 2 2 2 1 1 2 1 0 1,6,8819,0,176380
3,10,0 2 2 2 2 1 1 2 2 0 1,6,8942,0,178840
3,10,0 2 2 2 2 1 2 2 0 0 1,6,8791,0,175820
3,10,0 2 2 2 2 1 2 2 1 0 1,6,8861,0,177220
3,10,0 2 2 2 2 1 2 2 2 0 1,6,8772,0,175440
3,10,0 2 2 2 2 2 0 0 0 0 1,6,8904,0,178080
3,10,0 2 2 2 2 2 0 0 1 0 1,6,8817,20,176360
3,10,0 2 2 2 2 2 0 0 2 0 1,6,8828,0,176560
3,10,0 2 2 2 2 2 0 2 0 0 1,6,8898,0,177960
3,10,0 2 2 2 2 2 0 2 1 0 1,6,8762,0,175240
3,10,0 2 2 2 2 2 0 2 2 0 1,6,8866,0,177320
3,10,0 2 2 2 2 2 1 0 0 0 1,6,8801,10,176030
3,10,0 2 2 2 2 2 1 0 1 0 1,6,8911,0,178220
3,10,0 2 2 2 2 2 1 0 2 0 1,6,8965,0,179300
3,10,0 2 2 2 2 2 1 2 0 0 1,6,8870,0,177400
3,10,0 2 2 2 2 2 1 2 1 0 1,6,8868,0,177360
3,10,0 2 2 2 2 2 1 2 2 0 1,6,8807,10,176150
3,10,0 2 2 2 2 2 2 0 0 0 1,6,8977,10,179550
3,10,0 2 2 2 2 2 2 0 1 0 1,6,8872,0,177440
3,10,0 2 2 2 2 2 2 0 2 0 1,6,8885,0,177700
3,10,0 2 2 2 2 2 2 2 0 0 1,6,8858,0,177160
3,10,0 2 2 2 2 2 2 2 1 0 1,6,8939,0,178780
3,10,0 2 2 2 2 2 2 2 2 0 1,6,8895,0,177900
4,4,0 0 0 0 1,1,96,64,832
4,4,0 0 0 1 1,3,128,64,1088
4,5,0 0 0 0 0 1,4,366,76,3736
4,5,0 0 0 1 0 1,12,422,60,4280
4,6,0 0 0 0 0 0 1,4,1280,256,15616
4,6,0 0 0 0 0 1 1,6,1344,240,16368
4,6,0 0 0 0 3 1 1,6,1344,272,16400
4,7,0 0 0 0 0 0 0 1,4,4578,316,64408
4,7,0 0 0 0 0 1 0 1,12,4714,252,66248
4,7,0 0 0 0 1 0 0 1,4,4530,252,63672
4,7,0 0 0 0 1 1 0 1,12,4666,252,65576
4,7,0 0 0 0 2 0 0 1,4,4746,252,66696
4,7,0 0 0 0 2 1 0 1,12,4690,252,65912
4,7,0 0 0 0 3 0 0 1,4,4746,252,66696
4,7,0 0 0 0 3 1 0 1,12,4690,252,65912
4,8,0 0 0 0 0 0 0 0 1,1,15936,832,255808
4,8,0 0 0 0 0 0 0 1 1,12,16272,1024,261376
4,8,0 0 0 0 0 0 1 0 1,3,16192,1088,260160
4,8,0 0 0 0 0 1 0 0 1,1,16320,1152,262272
4,8,0 0 0 0 0 1 0 1 1,12,16416,1024,263680
4,8,0 0 0 0 0 1 1 0 1,3,16704,896,268160
4,8,0 0 0 0 0 2 0 0 1,1,16320,960,262080
4,8,0 0 0 0 0 2 0 1 1,12,16264,1024,261248
4,8,0 0 0 0 0 2 1 0 1,3,16384,1088,263232
4,8,0 0 0 0 0 3 0 0 1,1,16320,960,262080
4,8,0 0 0 0 0 3 0 1 1,12,16264,1024,261248
4,8,0 0 0 0 0 3 1 0 1,3,16384,1088,263232
4,9,0 0 0 0 0 0 0 0 0 1,4,57886,1153,1043101
4,9,0 0 0 0 0 0 0 1 0 1,12,58472,1125,1053621
4,9,0 0 0 0 0 0 1 0 0 1,4,58180,1197,1048437
4,9,0 0 0 0 0 0 1 1 0 1,12,58190,981,1048401
4,9,0 0 0 0 0 0 2 0 0 1,4,58123,1065,1047279
4,9,0 0 0 0 0 0 2 1 0 1,12,58149,981,1047663
4,9,0 0 0 0 0 0 3 0 0 1,4,58123,1065,1047279
4,9,0 0 0 0 0 0 3 1 0 1,12,58149,981,1047663
4,9,0 0 0 0 0 1 0 0 0 1,12,58358,981,1051425
4,9,0 0 0 0 0 1 0 1 0 1,12,58104,945,1046817
4,9,0 0 0 0 0 1 1 0 0 1,12,57972,945,1044441
4,9,0 0 0 0 0 1 1 1 0 1,12,58110,993,1046973
4,9,0 0 0 0 0 1 2 0 0 1,12,58391,1053,1052091
4,9,0 0 0 0 0 1 2 1 0 1,12,58141,945,1047483
4,9,0 0 0 0 0 1 3 0 0 1,12,58391,1053,1052091
4,9,0 0 0 0 0 1 3 1 0 1,12,58141,945,1047483
4,9,0 0 0 0 0 2 0 1 0 1,12,58240,981,1049301
4,9,0 0 0 0 0 2 1 1 0 1,12,58010,1125,1045305
4,9,0 0 0 0 0 2 2 1 0 1,12,58361,1053,1051551
4,9,0 0 0 0 0 2 3 1 0 1,12,58101,1053,1046871
4,9,0 0 0 0 0 3 0 1 0 1,12,58240,981,1049301
4,9,0 0 0 0 0 3 1 1 0 1,12,58010,1125,1045305
4,9,0 0 0 0 0 3 2 1 0 1,12,58101,1053,1046871
4,9,0 0 0 0 0 3 3 1 0 1,12,58361,1053,1051551
4,10,0 0 0 0 0 0 0 0 0 0 1,4,208536,3736,4174456
4,10,0 0 0 0 0 0 0 0 0 1 1,6,209140,3920,4186720
4,10,0 0 0 0 0 0 0 0 3 1 1,6,209188,4200,4187960
4,10,0 0 0 0 0 0 0 1 0 0 1,4,210672,3900,4217340
4,10,0 0 0 0 0 0 0 1 0 1 1,12,209220,4080,4188480
4,10,0 0 0 0 0 0 0 1 3 1 1,12,209296,4080,4190000
4,10,0 0 0 0 0 0 0 2 0 0 1,4,210156,3900,4207020
4,10,0 0 0 0 0 0 0 2 0 1 1,12,209708,4160,4198320
4,10,0 0 0 0 0 0 0 2 3 1 1,12,209180,4080,4187680
4,10,0 0 0 0 0 0 0 3 0 0 1,4,210156,3900,4207020
4,10,0 0 0 0 0 0 0 3 0 1 1,12,209708,4160,4198320
4,10,0 0 0 0 0 0 0 3 3 1 1,12,209652,4080,4197120
4,10,0 0 0 0 0 0 1 0 0 0 1,12,209016,4280,4184600
4,10,0 0 0 0 0 0 1 0 0 1 1,6,209444,3920,4192800
4,10,0 0 0 0 0 0 1 0 3 1 1,6,208996,4232,4184152
4,10,0 0 0 0 0 0 1 1 0 0 1,12,209648,4140,4197100
4,10,0 0 0 0 0 0 1 2 0 0 1,12,209468,4140,4193500
4,10,0 0 0 0 0 0 1 2 0 1 1,12,209188,4000,4187760
4,10,0 0 0 0 0 0 1 2 3 1 1,12,209652,4080,4197120
4,10,0 0 0 0 0 0 1 3 0 0 1,12,209468,4140,4193500
4,10,0 0 0 0 0 0 1 3 0 1 1,12,209188,4000,4187760
4,10,0 0 0 0 0 0 1 3 3 1 1,12,209180,4080,4187680
4,10,0 0 0 0 0 0 2 0 0 1 1,6,209396,4240,4192160
4,10,0 0 0 0 0 0 2 0 3 1 1,6,209372,4200,4191640
4,10,0 0 0 0 0 0 3 0 0 1 1,6,209396,4240,4192160
4,10,0 0 0 0 0 0 3 0 3 1 1,6,209372,4200,4191640
4,10,0 0 0 0 0 0 3 1 0 1 1,12,209340,4080,4190880
4,10,0 0 0 0 0 0 3 1 3 1 1,12,209296,4080,4190000
5,5,0 0 0 0 0 1,1,1520,25,15225
5,5,0 0 0 1 0 1,10,1615,0,16150
5,5,0 0 0 3 0 1,10,1604,10,16050
5,5,0 0 0 3 3 1,20,1555,0,15550
5,5,0 0 1 3 3 1,20,1552,5,15525
5,5,0 0 2 3 3 1,20,1572,5,15725
5,5,0 0 3 0 0 1,20,1552,5,15525
5,5,0 0 3 3 3 1,20,1585,0,15850
5,5,0 0 4 3 3 1,20,1547,5,15475
5,5,0 1 0 0 0 1,1,1450,0,14500
5,5,0 1 0 1 0 1,10,1575,0,15750
5,5,0 1 0 3 0 1,10,1549,10,15500
5,5,0 1 0 3 3 1,20,1567,5,15675
5,5,0 1 1 3 3 1,20,1556,15,15575
5,5,0 1 2 3 3 1,20,1567,5,15675
5,5,0 1 3 3 3 1,20,1565,0,15650
5,5,0 1 4 3 3 1,20,1574,10,15750
5,5,0 2 0 0 0 1,1,1530,0,15300
5,5,0 2 0 1 0 1,10,1524,10,15250
5,5,0 2 0 3 0 1,10,1574,10,15750
5,5,0 2 0 3 3 1,20,1572,5,15725
5,5,0 2 1 3 3 1,20,1557,5,15575
5,5,0 2 2 3 3 1,20,1585,0,15850
5,5,0 2 3 3 3 1,20,1532,5,15325
5,5,0 2 4 3 3 1,20,1580,0,15800
5,5,0 3 0 0 0 1,1,1650,0,16500
5,5,0 3 0 1 0 1,10,1579,10,15800
5,5,0 3 0 3 0 1,10,1565,0,15650
5,5,0 3 0 3 3 1,20,1559,10,15600
5,5,0 3 1 3 3 1,20,1547,5,15475
5,5,0 3 2 3 3 1,20,1562,5,15625
5,5,0 3 3 3 3 1,20,1517,5,15175
5,5,0 3 4 3 3 1,20,1547,5,15475
5,5,0 4 0 0 0 1,1,1608,20,16100
5,5,0 4 0 1 0 1,10,1530,0,15300
5,5,0 4 0 3 0 1,10,1530,0,15300
5,5,0 4 0 3 3 1,20,1570,0,15700
5,5,0 4 1 3 3 1,20,1547,5,15475
5,5,0 4 2 3 3 1,20,1599,10,16000
5,5,0 4 3 3 3 1,20,1562,5,15625
5,5,0 4 4 3 3 1,20,1574,10,15750
5,6,0 0 0 0 0 0 1,5,6548,1,78577
5,6,0 0 0 0 1 0 1,10,6509,6,78114
5,6,0 0 0 0 3 0 1,10,6497,6,77970
5,6,0 0 0 1 1 0 1,20,6459,6,77514
5,6,0 0 0 1 3 0 1,20,6447,6,77370
5,6,0 0 0 3 0 0 1,20,6590,12,79092
5,6,0 0 0 3 1 0 1,20,6546,12,78564
5,6,0 0 0 3 3 0 1,20,6602,6,79230
5,6,0 0 1 0 0 0 1,5,6583,0,78996
5,6,0 0 1 0 1 0 1,10,6401,6,76818
5,6,0 0 1 0 3 0 1,10,6607,10,79294
5,6,0 0 1 1 1 0 1,20,6571,6,78858
5,6,0 0 1 1 3 0 1,20,6522,0,78264
5,6,0 0 1 3 0 0 1,20,6470,16,77656
5,6,0 0 1 3 1 0 1,20,6536,6,78438
5,6,0 0 1 3 3 0 1,20,6491,12,77904
5,6,0 0 2 0 0 0 1,5,6573,4,78880
5,6,0 0 2 0 1 0 1,10,6485,2,77822
5,6,0 0 2 0 3 0 1,10,6508,12,78108
5,6,0 0 2 1 1 0 1,20,6453,6,77442
5,6,0 0 2 1 3 0 1,20,6481,6,77778
5,6,0 0 2 3 0 0 1,20,6527,6,78330
5,6,0 0 2 3 1 0 1,20,6461,0,77532
5,6,0 0 2 3 3 0 1,20,6539,0,78468
5,6,0 0 3 0 0 0 1,5,6469,16,77644
5,6,0 0 3 0 1 0 1,10,6498,0,77976
5,6,0 0 3 0 3 0 1,10,6411,0,76932
5,6,0 0 3 1 1 0 1,20,6538,0,78456
5,6,0 0 3 1 3 0 1,20,6506,0,78072
5,6,0 0 3 3 0 0 1,20,6531,12,78384
5,6,0 0 3 3 1 0 1,20,6485,6,77826
5,6,0 0 3 3 3 0 1,20,6463,6,77562
5,6,0 0 4 0 0 0 1,5,6383,12,76608
5,6,0 0 4 0 1 0 1,10,6435,10,77230
5,6,0 0 4 0 3 0 1,10,6465,6,77586
5,6,0 0 4 1 1 0 1,20,6510,0,78120
5,6,0 0 4 1 3 0 1,20,6468,0,77616
5,6,0 0 4 3 0 0 1,20,6579,0,78948
5,6,0 0 4 3 1 0 1,20,6570,0,78840
5,6,0 0 4 3 3 0 1,20,6480,6,77766
5,6,0 1 0 0 1 0 1,20,6394,6,76734
5,6,0 1 0 0 3 0 1,20,6482,6,77790
5,6,0 1 0 1 1 0 1,20,6571,12,78864
5,6,0 1 0 1 3 0 1,20,6512,6,78150
5,6,0 1 0 3 0 0 1,20,6473,6,77682
5,6,0 1 0 3 1 0 1,20,6565,4,78784
5,6,0 1 0 3 3 0 1,20,6512,6,78150
5,6,0 1 1 0 1 0 1,20,6541,6,78498
5,6,0 1 1 0 3 0 1,20,6434,6,77214
5,6,0 1 1 1 1 0 1,20,6551,6,78618
5,6,0 1 1 1 3 0 1,20,6504,6,78054
5,6,0 1 1 3 0 0 1,20,6488,0,77856
5,6,0 1 1 3 1 0 1,20,6569,0,78828
5,6,0 1 1 3 3 0 1,20,6592,0,79104
5,6,0 1 2 0 1 0 1,20,6533,6,78402
5,6,0 1 2 0 3 0 1,20,6469,0,77628
5,6,0 1 2 1 1 0 1,20,6526,0,78312
5,6,0 1 2 1 3 0 1,20,6476,6,77718
5,6,0 1 2 3 0 0 1,20,6515,0,78180
5,6,0 1 2 3 1 0 1,20,6438,6,77262
5,6,0 1 2 3 3 0 1,20,6491,6,77898
5,6,0 1 3 0 1 0 1,20,6562,12,78756
5,6,0 1 3 0 3 0 1,20,6486,0,77832
5,6,0 1 3 1 1 0 1,20,6465,6,77586
5,6,0 1 3 1 3 0 1,20,6580,12,78972
5,6,0 1 3 3 0 0 1,20,6474,6,77694
5,6,0 1 3 3 1 0 1,20,6445,6,77346
5,6,0 1 3 3 3 0 1,20,6555,12,78672
5,6,0 1 4 0 1 0 1,20,6510,0,78120
5,6,0 1 4 0 3 0 1,20,6423,0,77076
5,6,0 1 4 1 1 0 1,20,6485,0,77820
5,6,0 1 4 1 3 0 1,20,6580,6,78966
5,6,0 1 4 3 0 0 1,20,6519,0,78228
5,6,0 1 4 3 1 0 1,20,6542,6,78510
5,6,0 1 4 3 3 0 1,20,6565,6,78786
5,6,0 2 0 1 1 0 1,20,6502,0,78024
5,6,0 2 0 1 3 0 1,20,6502,6,78030
5,6,0 2 0 3 0 0 1,20,6475,12,77712
5,6,0 2 0 3 1 0 1,20,6506,12,78084
5,6,0 2 0 3 3 0 1,20,6437,6,77250
5,6,0 2 1 1 1 0 1,20,6444,0,77328
5,6,0 2 1 1 3 0 1,20,6459,6,77514
5,6,0 2 1 3 0 0 1,20,6483,0,77796
5,6,0 2 1 3 1 0 1,20,6456,6,77478
5,6,0 2 1 3 3 0 1,20,6487,0,77844
5,6,0 2 2 1 1 0 1,20,6556,0,78672
5,6,0 2 2 1 3 0 1,20,6576,6,78918
5,6,0 2 2 3 0 0 1,20,6512,6,78150
5,6,0 2 2 3 1 0 1,20,6553,6,78642
5,6,0 2 2 3 3 0 1,20,6509,0,78108
5,6,0 2 3 1 1 0 1,20,6551,4,78616
5,6,0 2 3 1 3 0 1,20,6521,0,78252
5,6,0 2 3 3 0 0 1,20,6431,12,77184
5,6,0 2 3 3 1 0 1,20,6565,6,78786
5,6,0 2 3 3 3 0 1,20,6553,6,78642
5,6,0 2 4 1 1 0 1,20,6505,10,78070
5,6,0 2 4 1 3 0 1,20,6462,12,77556
5,6,0 2 4 3 0 0 1,20,6506,6,78078
5,6,0 2 4 3 1 0 1,20,6522,6,78270
5,6,0 2 4 3 3 0 1,20,6545,6,78546
5,6,0 3 0 0 0 0 1,20,6543,6,78522
5,6,0 3 0 0 1 0 1,20,6479,6,77754
5,6,0 3 0 0 3 0 1,20,6535,0,78420
5,6,0 3 0 1 1 0 1,20,6587,0,79044
5,6,0 3 0 1 3 0 1,20,6514,12,78180
5,6,0 3 0 3 0 0 1,20,6491,0,77892
5,6,0 3 0 3 1 0 1,20,6494,6,77934
5,6,0 3 0 3 3 0 1,20,6537,6,78450
5,6,0 3 1 0 0 0 1,20,6502,12,78036
5,6,0 3 1 0 1 0 1,20,6561,6,78738
5,6,0 3 1 0 3 0 1,20,6519,6,78234
5,6,0 3 1 1 1 0 1,20,6496,6,77958
5,6,0 3 1 1 3 0 1,20,6457,0,77484
5,6,0 3 1 3 0 0 1,20,6575,6,78906
5,6,0 3 1 3 1 0 1,20,6568,12,78828
5,6,0 3 1 3 3 0 1,20,6517,10,78214
5,6,0 3 2 0 0 0 1,20,6557,6,78690
5,6,0 3 2 0 1 0 1,20,6473,6,77682
5,6,0 3 2 0 3 0 1,20,6499,0,77988
5,6,0 3 2 1 1 0 1,20,6451,0,77412
5,6,0 3 2 1 3 0 1,20,6586,6,79038
5,6,0 3 2 3 0 0 1,20,6557,6,78690
5,6,0 3 2 3 1 0 1,20,6572,18,78882
5,6,0 3 2 3 3 0 1,20,6533,12,78408
5,6,0 3 3 0 0 0 1,20,6514,6,78174
5,6,0 3 3 0 1 0 1,20,6485,6,77826
5,6,0 3 3 0 3 0 1,20,6568,6,78822
5,6,0 3 3 1 1 0 1,20,6513,0,78156
5,6,0 3 3 1 3 0 1,20,6428,6,77142
5,6,0 3 3 3 0 0 1,20,6539,6,78474
5,6,0 3 3 3 1 0 1,20,6473,0,77676
5,6,0 3 3 3 3 0 1,20,6629,4,79552
5,6,0 3 4 0 0 0 1,20,6484,0,77808
5,6,0 3 4 0 1 0 1,20,6542,6,78510
5,6,0 3 4 0 3 0 1,20,6535,6,78426
5,6,0 3 4 1 1 0 1,20,6481,3,77775
5,6,0 3 4 1 3 0 1,20,6553,0,78636
5,6,0 3 4 3 0 0 1,20,6511,6,78138
5,6,0 3 4 3 1 0 1,20,6509,12,78120
5,6,0 3 4 3 3 0 1,20,6508,0,78096
5,6,0 4 0 1 1 0 1,20,6524,6,78294
5,6,0 4 0 1 3 0 1,20,6517,6,78210
5,6,0 4 0 3 0 0 1,20,6501,0,78012
5,6,0 4 0 3 1 0 1,20,6539,6,78474
5,6,0 4 0 3 3 0 1,20,6392,6,76710
5,6,0 4 1 1 1 0 1,20,6468,12,77628
5,6,0 4 1 1 3 0 1,20,6545,9,78549
5,6,0 4 1 3 0 0 1,20,6473,0,77676
5,6,0 4 1 3 1 0 1,20,6501,6,78018
5,6,0 4 1 3 3 0 1,20,6514,6,78174
5,6,0 4 2 1 1 0 1,20,6508,6,78102
5,6,0 4 2 1 3 0 1,20,6498,12,77988
5,6,0 4 2 3 0 0 1,20,6507,6,78090
5,6,0 4 2 3 1 0 1,20,6581,0,78972
5,6,0 4 2 3 3 0 1,20,6509,0,78108
5,6,0 4 3 1 1 0 1,20,6522,12,78276
5,6,0 4 3 1 3 0 1,20,6458,6,77502
5,6,0 4 3 3 0 0 1,20,6467,0,77604
5,6,0 4 3 3 1 0 1,20,6500,6,78006
5,6,0 4 3 3 3 0 1,20,6438,6,77262
5,6,0 4 4 1 1 0 1,20,6514,12,78180
5,6,0 4 4 1 3 0 1,20,6493,0,77916
5,6,0 4 4 3 0 0 1,20,6504,0,78048
5,6,0 4 4 3 1 0 1,20,6512,6,78150
5,6,0 4 4 3 3 0 1,20,6508,0,78096
5,7,0 0 0 0 0 0 0 1,5,27860,1,390041
5,7,0 0 0 0 0 1 0 1,10,27698,0,387772
5,7,0 0 0 0 0 3 0 1,10,28046,2,392646
5,7,0 0 0 0 1 1 0 1,20,27907,0,390698
5,7,0 0 0 0 1 3 0 1,20,27876,7,390271
5,7,0 0 0 0 3 0 0 1,20,27838,7,389739
5,7,0 0 0 0 3 1 0 1,20,27973,0,391622
5,7,0 0 0 0 3 3 0 1,20,28035,7,392497
5,7,0 0 0 1 0 0 0 1,5,28114,0,393596
5,7,0 0 0 1 0 1 0 1,10,28049,0,392686
5,7,0 0 0 1 0 3 0 1,10,27982,14,391762
5,7,0 0 0 1 1 1 0 1,20,27901,14,390628
5,7,0 0 0 1 1 3 0 1,20,27810,0,389340
5,7,0 0 0 1 3 0 0 1,20,27811,0,389354
5,7,0 0 0 1 3 1 0 1,20,27866,21,390145
5,7,0 0 0 1 3 3 0 1,20,28005,0,392070
5,7,0 0 0 2 0 0 0 1,5,28104,0,393456
5,7,0 0 0 2 0 1 0 1,10,27924,14,390950
5,7,0 0 0 2 0 3 0 1,10,27752,0,388528
5,7,0 0 0 2 1 1 0 1,20,28006,14,392098
5,7,0 0 0 2 1 3 0 1,20,28031,0,392434
5,7,0 0 0 2 3 0 0 1,20,28088,7,393239
5,7,0 0 0 2 3 1 0 1,20,27884,7,390383
5,7,0 0 0 2 3 3 0 1,20,27987,0,391818
5,7,0 0 0 3 0 0 0 1,5,27970,0,391580
5,7,0 0 0 3 0 1 0 1,10,27902,0,390628
5,7,0 0 0 3 0 3 0 1,10,28072,0,393008
5,7,0 0 0 3 1 1 0 1,20,27933,0,391062
5,7,0 0 0 3 1 3 0 1,20,27938,0,391132
5,7,0 0 0 3 3 0 0 1,20,28074,7,393043
5,7,0 0 0 3 3 1 0 1,20,27947,7,391265
5,7,0 0 0 3 3 3 0 1,20,27997,7,391965
5,7,0 0 0 4 0 0 0 1,5,27896,28,390572
5,7,0 0 0 4 0 1 0 1,10,27916,0,390824
5,7,0 0 0 4 0 3 0 1,10,27669,0,387366
5,7,0 0 0 4 1 1 0 1,20,28086,0,393204
5,7,0 0 0 4 1 3 0 1,20,27972,0,391608
5,7,0 0 0 4 3 0 0 1,20,27874,14,390250
5,7,0 0 0 4 3 1 0 1,20,28092,7,393295
5,7,0 0 0 4 3 3 0 1,20,28032,7,392455
5,7,0 0 1 0 0 1 0 1,20,27860,7,390047
5,7,0 0 1 0 0 3 0 1,20,27961,7,391461
5,7,0 0 1 0 1 1 0 1,20,27814,7,389403
5,7,0 0 1 0 1 3 0 1,20,27894,0,390516
5,7,0 0 1 0 3 0 0 1,20,27905,14,390684
5,7,0 0 1 0 3 1 0 1,20,27905,7,390677
5,7,0 0 1 0 3 3 0 1,20,28058,0,392812
5,7,0 0 1 1 0 1 0 1,20,27924,0,390936
5,7,0 0 1 1 0 3 0 1,20,27975,7,391657
5,7,0 0 1 1 1 1 0 1,20,27869,7,390173
5,7,0 0 1 1 1 3 0 1,20,28007,7,392105
5,7,0 0 1 1 3 0 0 1,20,27701,0,387814
5,7,0 0 1 1 3 1 0 1,20,27860,0,390040
5,7,0 0 1 1 3 3 0 1,20,28062,7,392875
5,7,0 0 1 2 0 1 0 1,20,27769,14,388780
5,7,0 0 1 2 0 3 0 1,20,27959,7,391433
5,7,0 0 1 2 1 1 0 1,20,27934,7,391083
5,7,0 0 1 2 1 3 0 1,20,27766,0,388724
5,7,0 0 1 2 3 0 0 1,20,27888,7,390439
5,7,0 0 1 2 3 1 0 1,20,27796,14,389158
5,7,0 0 1 2 3 3 0 1,20,27841,14,389788
5,7,0 0 1 3 0 1 0 1,20,27772,0,388808
5,7,0 0 1 3 0 3 0 1,20,27887,0,390418
5,7,0 0 1 3 1 1 0 1,20,27785,7,388997
5,7,0 0 1 3 1 3 0 1,20,27863,0,390082
5,7,0 0 1 3 3 0 0 1,20,27714,7,388003
5,7,0 0 1 3 3 1 0 1,20,27790,0,389060
5,7,0 0 1 3 3 3 0 1,20,27987,7,391825
5,7,0 0 1 4 0 1 0 1,20,27933,7,391069
5,7,0 0 1 4 0 3 0 1,20,27911,7,390761
5,7,0 0 1 4 1 1 0 1,20,27951,0,391314
5,7,0 0 1 4 1 3 0 1,20,28046,14,392658
5,7,0 0 1 4 3 0 0 1,20,28057,7,392805
5,7,0 0 1 4 3 1 0 1,20,27807,7,389305
5,7,0 0 1 4 3 3 0 1,20,27900,0,390600
5,7,0 0 2 0 1 1 0 1,20,27971,14,391608
5,7,0 0 2 0 1 3 0 1,20,28019,0,392266
5,7,0 0 2 0 3 0 0 1,20,28016,0,392224
5,7,0 0 2 0 3 1 0 1,20,28028,0,392392
5,7,0 0 2 0 3 3 0 1,20,27828,0,389592
5,7,0 0 2 1 1 1 0 1,20,27789,7,389053
5,7,0 0 2 1 1 3 0 1,20,28025,0,392350
5,7,0 0 2 1 3 0 0 1,20,27903,7,390649
5,7,0 0 2 1 3 1 0 1,20,27905,0,390670
5,7,0 0 2 1 3 3 0 1,20,27767,7,388745
5,7,0 0 2 2 1 1 0 1,20,27822,0,389508
5,7,0 0 2 2 1 3 0 1,20,27985,14,391804
5,7,0 0 2 2 3 0 0 1,20,27721,0,388094
5,7,0 0 2 2 3 1 0 1,20,27804,7,389263
5,7,0 0 2 2 3 3 0 1,20,27957,0,391398
5,7,0 0 2 3 1 1 0 1,20,28065,7,392917
5,7,0 0 2 3 1 3 0 1,20,27935,7,391097
5,7,0 0 2 3 3 0 0 1,20,27904,7,390663
5,7,0 0 2 3 3 1 0 1,20,27799,14,389200
5,7,0 0 2 3 3 3 0 1,20,27875,0,390250
5,7,0 0 2 4 1 1 0 1,20,27851,0,389914
5,7,0 0 2 4 1 3 0 1,20,28094,7,393323
5,7,0 0 2 4 3 0 0 1,20,27879,14,390320
5,7,0 0 2 4 3 1 0 1,20,27897,7,390565
5,7,0 0 2 4 3 3 0 1,20,27864,14,390110
5,7,0 0 3 0 0 0 0 1,20,27869,0,390166
5,7,0 0 3 0 0 1 0 1,20,27977,14,391692
5,7,0 0 3 0 0 3 0 1,20,27964,0,391496
5,7,0 0 3 0 1 1 0 1,20,28054,7,392763
5,7,0 0 3 0 1 3 0 1,20,27916,7,390831
5,7,0 0 3 0 3 0 0 1,20,27976,0,391664
5,7,0 0 3 0 3 1 0 1,20,28025,7,392357
5,7,0 0 3 0 3 3 0 1,20,27928,0,390992
5,7,0 0 3 1 0 0 0 1,20,27869,0,390166
5,7,0 0 3 1 0 1 0 1,20,27921,7,390901
5,7,0 0 3 1 0 3 0 1,20,27878,0,390292
5,7,0 0 3 1 1 1 0 1,20,27874,7,390243
5,7,0 0 3 1 1 3 0 1,20,27989,14,391860
5,7,0 0 3 1 3 0 0 1,20,28038,7,392539
5,7,0 0 3 1 3 1 0 1,20,28090,0,393260
5,7,0 0 3 1 3 3 0 1,20,27852,7,389935
5,7,0 0 3 2 0 0 0 1,20,27716,7,388031
5,7,0 0 3 2 0 1 0 1,20,27950,0,391300
5,7,0 0 3 2 0 3 0 1,20,27977,0,391678
5,7,0 0 3 2 1 1 0 1,20,27817,0,389438
5,7,0 0 3 2 1 3 0 1,20,27948,7,391279
5,7,0 0 3 2 3 0 0 1,20,27803,7,389249
5,7,0 0 3 2 3 1 0 1,20,27837,0,389718
5,7,0 0 3 2 3 3 0 1,20,28064,7,392903
5,7,0 0 3 3 0 0 0 1,20,27747,7,388465
5,7,0 0 3 3 0 1 0 1,20,27989,7,391853
5,7,0 0 3 3 0 3 0 1,20,27887,0,390418
5,7,0 0 3 3 1 1 0 1,20,27875,7,390257
5,7,0 0 3 3 1 3 0 1,20,27992,14,391902
5,7,0 0 3 3 3 0 0 1,20,27962,0,391468
5,7,0 0 3 3 3 1 0 1,20,27985,0,391790
5,7,0 0 3 3 3 3 0 1,20,27892,7,390495
5,7,0 0 3 4 0 0 0 1,20,27903,0,390642
5,7,0 0 3 4 0 1 0 1,20,28006,0,392084
5,7,0 0 3 4 0 3 0 1,20,27916,7,390831
5,7,0 0 3 4 1 1 0 1,20,27810,14,389354
5,7,0 0 3 4 1 3 0 1,20,27964,7,391503
5,7,0 0 3 4 3 0 0 1,20,27942,7,391195
5,7,0 0 3 4 3 1 0 1,20,27927,7,390985
5,7,0 0 3 4 3 3 0 1,20,27935,0,391090
5,7,0 0 4 0 1 1 0 1,20,28024,7,392343
5,7,0 0 4 0 1 3 0 1,20,27764,0,388696
5,7,0 0 4 0 3 0 0 1,20,27921,0,390894
5,7,0 0 4 0 3 1 0 1,20,28045,7,392637
5,7,0 0 4 0 3 3 0 1,20,27823,0,389522
5,7,0 0 4 1 1 1 0 1,20,27877,0,390278
5,7,0 0 4 1 1 3 0 1,20,27912,7,390775
5,7,0 0 4 1 3 0 0 1,20,27898,7,390579
5,7,0 0 4 1 3 1 0 1,20,27995,0,391930
5,7,0 0 4 1 3 3 0 1,20,27972,7,391615
5,7,0 0 4 2 1 1 0 1,20,27982,0,391748
5,7,0 0 4 2 1 3 0 1,20,27773,7,388829
5,7,0 0 4 2 3 0 0 1,20,27893,7,390509
5,7,0 0 4 2 3 1 0 1,20,27844,7,389823
5,7,0 0 4 2 3 3 0 1,20,28007,0,392098
5,7,0 0 4 3 1 1 0 1,20,27912,14,390782
5,7,0 0 4 3 1 3 0 1,20,27933,0,391062
5,7,0 0 4 3 3 0 0 1,20,27917,0,390838
5,7,0 0 4 3 3 1 0 1,20,28067,7,392945
5,7,0 0 4 3 3 3 0 1,20,27737,7,388325
5,7,0 0 4 4 1 1 0 1,20,27956,0,391384
5,7,0 0 4 4 1 3 0 1,20,27977,0,391678
5,7,0 0 4 4 3 0 0 1,20,27955,0,391370
5,7,0 0 4 4 3 1 0 1,20,27860,0,390040
5,7,0 0 4 4 3 3 0 1,20,27925,0,390950
5,7,0 1 0 0 0 0 0 1,10,28082,14,393162
5,7,0 1 0 0 0 1 0 1,10,28023,14,392336
5,7,0 1 0 0 0 3 0 1,10,27944,0,391216
5,7,0 1 0 0 1 1 0 1,20,27867,7,390145
5,7,0 1 0 0 1 3 0 1,20,27881,0,390334
5,7,0 1 0 0 3 0 0 1,20,27937,14,391132
5,7,0 1 0 0 3 1 0 1,20,27839,7,389753
5,7,0 1 0 0 3 3 0 1,20,27986,0,391804
5,7,0 1 0 1 0 0 0 1,10,27803,0,389242
5,7,0 1 0 1 0 1 0 1,10,27956,14,391398
5,7,0 1 0 1 0 3 0 1,10,28059,0,392826
5,7,0 1 0 1 1 1 0 1,20,27927,0,390978
5,7,0 1 0 1 1 3 0 1,20,27820,7,389487
5,7,0 1 0 1 3 0 0 1,20,27809,21,389347
5,7,0 1 0 1 3 1 0 1,20,27848,7,389879
5,7,0 1 0 1 3 3 0 1,20,27721,7,388101
5,7,0 1 0 2 0 0 0 1,10,27798,0,389172
5,7,0 1 0 2 0 1 0 1,10,27579,14,386120
5,7,0 1 0 2 0 3 0 1,10,27693,14,387716
5,7,0 1 0 2 1 1 0 1,20,27946,7,391251
5,7,0 1 0 2 1 3 0 1,20,27855,0,389970
5,7,0 1 0 2 3 0 0 1,20,27970,7,391587
5,7,0 1 0 2 3 1 0 1,20,27830,0,389620
5,7,0 1 0 2 3 3 0 1,20,27932,0,391048
5,7,0 1 0 3 0 0 0 1,10,27824,0,389536
5,7,0 1 0 3 0 1 0 1,10,28043,14,392616
5,7,0 1 0 3 0 3 0 1,10,27999,14,392000
5,7,0 1 0 3 1 1 0 1,20,27944,7,391223
5,7,0 1 0 3 1 3 0 1,20,27880,7,390327
5,7,0 1 0 3 3 0 0 1,20,27859,0,390026
5,7,0 1 0 3 3 1 0 1,20,28000,0,392000
5,7,0 1 0 3 3 3 0 1,20,27843,7,389809
5,7,0 1 0 4 0 0 0 1,10,27942,0,391188
5,7,0 1 0 4 0 1 0 1,10,27870,0,390180
5,7,0 1 0 4 0 3 0 1,10,27853,0,389942
5,7,0 1 0 4 1 1 0 1,20,27937,0,391118
5,7,0 1 0 4 1 3 0 1,20,27938,0,391132
5,7,0 1 0 4 3 0 0 1,20,27807,0,389298
5,7,0 1 0 4 3 1 0 1,20,27784,7,388983
5,7,0 1 0 4 3 3 0 1,20,28002,0,392028
5,7,0 1 1 0 0 1 0 1,20,27884,0,390376
5,7,0 1 1 0 0 3 0 1,20,27959,0,391426
5,7,0 1 1 0 1 1 0 1,20,27790,0,389060
5,7,0 1 1 0 1 3 0 1,20,27981,0,391734
5,7,0 1 1 0 3 0 0 1,20,27833,0,389662
5,7,0 1 1 0 3 1 0 1,20,27782,0,388948
5,7,0 1 1 0 3 3 0 1,20,27856,0,389984
5,7,0 1 1 1 0 1 0 1,20,27887,0,390418
5,7,0 1 1 1 0 3 0 1,20,27994,0,391916
5,7,0 1 1 1 1 1 0 1,20,27949,7,391293
5,7,0 1 1 1 1 3 0 1,20,27868,0,390152
5,7,0 1 1 1 3 0 0 1,20,27798,0,389172
5,7,0 1 1 1 3 1 0 1,20,28006,0,392084
5,7,0 1 1 1 3 3 0 1,20,27791,7,389081
5,7,0 1 1 2 0 1 0 1,20,27884,14,390390
5,7,0 1 1 2 0 3 0 1,20,27919,0,390866
5,7,0 1 1 2 1 1 0 1,20,27818,14,389466
5,7,0 1 1 2 1 3 0 1,20,27860,0,390040
5,7,0 1 1 2 3 0 0 1,20,27875,7,390257
5,7,0 1 1 2 3 1 0 1,20,27732,7,388255
5,7,0 1 1 2 3 3 0 1,20,27832,0,389648
5,7,0 1 1 3 0 1 0 1,20,27939,0,391146
5,7,0 1 1 3 0 3 0 1,20,27882,7,390355
5,7,0 1 1 3 1 1 0 1,20,27794,7,389123
5,7,0 1 1 3 1 3 0 1,20,27877,14,390292
5,7,0 1 1 3 3 0 0 1,20,27731,7,388241
5,7,0 1 1 3 3 1 0 1,20,27837,7,389725
5,7,0 1 1 3 3 3 0 1,20,27666,0,387324
5,7,0 1 1 4 0 1 0 1,20,27957,7,391405
5,7,0 1 1 4 0 3 0 1,20,27995,7,391937
5,7,0 1 1 4 1 1 0 1,20,27902,0,390628
5,7,0 1 1 4 1 3 0 1,20,27910,7,390747
5,7,0 1 1 4 3 0 0 1,20,27784,7,388983
5,7,0 1 1 4 3 1 0 1,20,27674,7,387443
5,7,0 1 1 4 3 3 0 1,20,27959,7,391433
5,7,0 1 2 0 1 1 0 1,20,27807,7,389305
5,7,0 1 2 0 1 3 0 1,20,27855,14,389984
5,7,0 1 2 0 3 0 0 1,20,27940,7,391167
5,7,0 1 2 0 3 1 0 1,20,27829,7,389613
5,7,0 1 2 0 3 3 0 1,20,27918,7,390859
5,7,0 1 2 1 1 1 0 1,20,27832,0,389648
5,7,0 1 2 1 1 3 0 1,20,27945,7,391237
5,7,0 1 2 1 3 0 0 1,20,27888,0,390432
5,7,0 1 2 1 3 1 0 1,20,27938,7,391139
5,7,0 1 2 1 3 3 0 1,20,27994,0,391916
5,7,0 1 2 2 1 1 0 1,20,28024,0,392336
5,7,0 1 2 2 1 3 0 1,20,27870,0,390180
5,7,0 1 2 2 3 0 0 1,20,27728,0,388192
5,7,0 1 2 2 3 1 0 1,20,27932,7,391055
5,7,0 1 2 2 3 3 0 1,20,27872,0,390208
5,7,0 1 2 3 1 1 0 1,20,27999,7,391993
5,7,0 1 2 3 1 3 0 1,20,27758,0,388612
5,7,0 1 2 3 3 0 0 1,20,28111,7,393561
5,7,0 1 2 3 3 1 0 1,20,27922,7,390915
5,7,0 1 2 3 3 3 0 1,20,27966,0,391524
5,7,0 1 2 4 1 1 0 1,20,27989,7,391853
5,7,0 1 2 4 1 3 0 1,20,27813,0,389382
5,7,0 1 2 4 3 0 0 1,20,27909,7,390733
5,7,0 1 2 4 3 1 0 1,20,27822,0,389508
5,7,0 1 2 4 3 3 0 1,20,27864,7,390103
5,7,0 1 3 0 0 0 0 1,20,28010,7,392147
5,7,0 1 3 0 0 1 0 1,20,28004,0,392056
5,7,0 1 3 0 0 3 0 1,20,27826,7,389571
5,7,0 1 3 0 1 1 0 1,20,27777,7,388885
5,7,0 1 3 0 1 3 0 1,20,27961,0,391454
5,7,0 1 3 0 3 0 0 1,20,27835,7,389697
5,7,0 1 3 0 3 1 0 1,20,27914,7,390803
5,7,0 1 3 0 3 3 0 1,20,27811,0,389354
5,7,0 1 3 1 0 0 0 1,20,28053,0,392742
5,7,0 1 3 1 0 1 0 1,20,27804,7,389263
5,7,0 1 3 1 0 3 0 1,20,27909,0,390726
5,7,0 1 3 1 1 1 0 1,20,27866,14,390138
5,7,0 1 3 1 1 3 0 1,20,27788,0,389032
5,7,0 1 3 1 3 0 0 1,20,27918,0,390852
5,7,0 1 3 1 3 1 0 1,20,27966,0,391524
5,7,0 1 3 1 3 3 0 1,20,27971,7,391601
5,7,0 1 3 2 0 0 0 1,20,28018,0,392252
5,7,0 1 3 2 0 1 0 1,20,27807,7,389305
5,7,0 1 3 2 0 3 0 1,20,27883,14,390376
5,7,0 1 3 2 1 1 0 1,20,27876,7,390271
5,7,0 1 3 2 1 3 0 1,20,28032,7,392455
5,7,0 1 3 2 3 0 0 1,20,27958,0,391412
5,7,0 1 3 2 3 1 0 1,20,27997,7,391965
5,7,0 1 3 2 3 3 0 1,20,27819,7,389473
5,7,0 1 3 3 0 0 0 1,20,27966,7,391531
5,7,0 1 3 3 0 1 0 1,20,27964,0,391496
5,7,0 1 3 3 0 3 0 1,20,28027,7,392385
5,7,0 1 3 3 1 1 0 1,20,28007,0,392098
5,7,0 1 3 3 1 3 0 1,20,27970,7,391587
5,7,0 1 3 3 3 0 0 1,20,27881,7,390341
5,7,0 1 3 3 3 1 0 1,20,27862,7,390075
5,7,0 1 3 3 3 3 0 1,20,28068,7,392959
5,7,0 1 3 4 0 0 0 1,20,27969,7,391573
5,7,0 1 3 4 0 1 0 1,20,27804,14,389270
5,7,0 1 3 4 0 3 0 1,20,28102,14,393442
5,7,0 1 3 4 1 1 0 1,20,27824,7,389543
5,7,0 1 3 4 1 3 0 1,20,27895,7,390537
5,7,0 1 3 4 3 0 0 1,20,27844,7,389823
5,7,0 1 3 4 3 1 0 1,20,28049,7,392693
5,7,0 1 3 4 3 3 0 1,20,27994,7,391923
5,7,0 1 4 0 1 1 0 1,20,27955,0,391370
5,7,0 1 4 0 1 3 0 1,20,27903,7,390649
5,7,0 1 4 0 3 0 0 1,20,28059,21,392847
5,7,0 1 4 0 3 1 0 1,20,27787,0,389018
5,7,0 1 4 0 3 3 0 1,20,27851,0,389914
5,7,0 1 4 1 1 1 0 1,20,27837,0,389718
5,7,0 1 4 1 1 3 0 1,20,28173,0,394422
5,7,0 1 4 1 3 0 0 1,20,27975,7,391657
5,7,0 1 4 1 3 1 0 1,20,27871,0,390194
5,7,0 1 4 1 3 3 0 1,20,27868,14,390166
5,7,0 1 4 2 1 1 0 1,20,27983,14,391776
5,7,0 1 4 2 1 3 0 1,20,27912,7,390775
5,7,0 1 4 2 3 0 0 1,20,27950,7,391307
5,7,0 1 4 2 3 1 0 1,20,27800,0,389200
5,7,0 1 4 2 3 3 0 1,20,27864,7,390103
5,7,0 1 4 3 1 1 0 1,20,27839,7,389753
5,7,0 1 4 3 1 3 0 1,20,27888,0,390432
5,7,0 1 4 3 3 0 0 1,20,27851,7,389921
5,7,0 1 4 3 3 1 0 1,20,27905,0,390670
5,7,0 1 4 3 3 3 0 1,20,27996,0,391944
5,7,0 1 4 4 1 1 0 1,20,28077,0,393078
5,7,0 1 4 4 1 3 0 1,20,27860,7,390047
5,7,0 1 4 4 3 0 0 1,20,28052,0,392728
5,7,0 1 4 4 3 1 0 1,20,27892,0,390488
5,7,0 1 4 4 3 3 0 1,20,27949,7,391293
5,7,0 2 0 0 0 1 0 1,10,27883,0,390362
5,7,0 2 0 0 0 3 0 1,10,27737,0,388318
5,7,0 2 0 0 1 1 0 1,20,27731,0,388234
5,7,0 2 0 0 1 3 0 1,20,27926,0,390964
5,7,0 2 0 0 3 0 0 1,20,27827,14,389592
5,7,0 2 0 0 3 1 0 1,20,27758,14,388626
5,7,0 2 0 0 3 3 0 1,20,27802,0,389228
5,7,0 2 0 1 0 1 0 1,10,27963,0,391482
5,7,0 2 0 1 0 3 0 1,10,27668,0,387352
5,7,0 2 0 1 1 1 0 1,20,27857,7,390005
5,7,0 2 0 1 1 3 0 1,20,27899,0,390586
5,7,0 2 0 1 3 0 0 1,20,27863,0,390082
5,7,0 2 0 1 3 1 0 1,20,27824,14,389550
5,7,0 2 0 1 3 3 0 1,20,27958,7,391419
5,7,0 2 0 2 0 1 0 1,10,28072,14,393022
5,7,0 2 0 2 0 3 0 1,10,27839,0,389746
5,7,0 2 0 2 1 1 0 1,20,27796,7,389151
5,7,0 2 0 2 1 3 0 1,20,27982,0,391748
5,7,0 2 0 2 3 0 0 1,20,27853,0,389942
5,7,0 2 0 2 3 1 0 1,20,27731,0,388234
5,7,0 2 0 2 3 3 0 1,20,27937,7,391125
5,7,0 2 0 3 0 1 0 1,10,27748,14,388486
5,7,0 2 0 3 0 3 0 1,10,27951,0,391314
5,7,0 2 0 3 1 1 0 1,20,27788,14,389046
5,7,0 2 0 3 1 3 0 1,20,27948,7,391279
5,7,0 2 0 3 3 0 0 1,20,27886,7,390411
5,7,0 2 0 3 3 1 0 1,20,27927,14,390992
5,7,0 2 0 3 3 3 0 1,20,27957,7,391405
5,7,0 2 0 4 0 1 0 1,10,27792,0,389088
5,7,0 2 0 4 0 3 0 1,10,27670,0,387380
5,7,0 2 0 4 1 1 0 1,20,27783,7,388969
5,7,0 2 0 4 1 3 0 1,20,27774,7,388843
5,7,0 2 0 4 3 0 0 1,20,28107,0,393498
5,7,0 2 0 4 3 1 0 1,20,27992,0,391888
5,7,0 2 0 4 3 3 0 1,20,27826,14,389578
5,7,0 2 1 0 0 1 0 1,20,27850,7,389907
5,7,0 2 1 0 0 3 0 1,20,27899,7,390593
5,7,0 2 1 0 1 1 0 1,20,27898,7,390579
5,7,0 2 1 0 1 3 0 1,20,28088,7,393239
5,7,0 2 1 0 3 0 0 1,20,27938,0,391132
5,7,0 2 1 0 3 1 0 1,20,27894,0,390516
5,7,0 2 1 0 3 3 0 1,20,28004,7,392063
5,7,0 2 1 1 0 1 0 1,20,28065,7,392917
5,7,0 2 1 1 0 3 0 1,20,27915,7,390817
5,7,0 2 1 1 1 1 0 1,20,27905,0,390670
5,7,0 2 1 1 1 3 0 1,20,27836,7,389711
5,7,0 2 1 1 3 0 0 1,20,28022,14,392322
5,7,0 2 1 1 3 1 0 1,20,27997,7,391965
5,7,0 2 1 1 3 3 0 1,20,27848,7,389879
5,7,0 2 1 2 0 1 0 1,20,27995,7,391937
5,7,0 2 1 2 0 3 0 1,20,28039,0,392546
5,7,0 2 1 2 1 1 0 1,20,27938,14,391146
5,7,0 2 1 2 1 3 0 1,20,28017,0,392238
5,7,0 2 1 2 3 0 0 1,20,27893,0,390502
5,7,0 2 1 2 3 1 0 1,20,27908,7,390719
5,7,0 2 1 2 3 3 0 1,20,27847,7,389865
5,7,0 2 1 3 0 1 0 1,20,27924,0,390936
5,7,0 2 1 3 0 3 0 1,20,27756,0,388584
5,7,0 2 1 3 1 1 0 1,20,27854,0,389956
5,7,0 2 1 3 1 3 0 1,20,27881,0,390334
5,7,0 2 1 3 3 0 0 1,20,27986,7,391811
5,7,0 2 1 3 3 1 0 1,20,27840,7,389767
5,7,0 2 1 3 3 3 0 1,20,27750,0,388500
5,7,0 2 1 4 0 1 0 1,20,27897,0,390558
5,7,0 2 1 4 0 3 0 1,20,27862,7,390075
5,7,0 2 1 4 1 1 0 1,20,27968,7,391559
5,7,0 2 1 4 1 3 0 1,20,27614,7,386603
5,7,0 2 1 4 3 0 0 1,20,27904,7,390663
5,7,0 2 1 4 3 1 0 1,20,27884,7,390383
5,7,0 2 1 4 3 3 0 1,20,28016,14,392238
5,7,0 2 2 0 1 1 0 1,20,27908,7,390719
5,7,0 2 2 0 1 3 0 1,20,27846,0,389844
5,7,0 2 2 0 3 0 0 1,20,27703,0,387842
5,7,0 2 2 0 3 1 0 1,20,27821,7,389501
5,7,0 2 2 0 3 3 0 1,20,28009,7,392133
5,7,0 2 2 1 1 1 0 1,20,27940,0,391160
5,7,0 2 2 1 1 3 0 1,20,27923,14,390936
5,7,0 2 2 1 3 0 0 1,20,27978,0,391692
5,7,0 2 2 1 3 1 0 1,20,27740,0,388360
5,7,0 2 2 1 3 3 0 1,20,27860,14,390054
5,7,0 2 2 2 1 1 0 1,20,27813,14,389396
5,7,0 2 2 2 1 3 0 1,20,27964,7,391503
5,7,0 2 2 2 3 0 0 1,20,27815,7,389417
5,7,0 2 2 2 3 1 0 1,20,28073,7,393029
5,7,0 2 2 2 3 3 0 1,20,27867,7,390145
5,7,0 2 2 3 1 1 0 1,20,27976,7,391671
5,7,0 2 2 3 1 3 0 1,20,27716,0,388024
5,7,0 2 2 3 3 0 0 1,20,27876,7,390271
5,7,0 2 2 3 3 1 0 1,20,27673,0,387422
5,7,0 2 2 3 3 3 0 1,20,27982,7,391755
5,7,0 2 2 4 1 1 0 1,20,27963,7,391489
5,7,0 2 2 4 1 3 0 1,20,27882,0,390348
5,7,0 2 2 4 3 0 0 1,20,27962,0,391468
5,7,0 2 2 4 3 1 0 1,20,27891,14,390488
5,7,0 2 2 4 3 3 0 1,20,27974,7,391643
5,7,0 2 3 0 0 0 0 1,20,27980,0,391720
5,7,0 2 3 0 0 1 0 1,20,27958,0,391412
5,7,0 2 3 0 0 3 0 1,20,28089,7,393253
5,7,0 2 3 0 1 1 0 1,20,27841,0,389774
5,7,0 2 3 0 1 3 0 1,20,27883,7,390369
5,7,0 2 3 0 3 0 0 1,20,27905,7,390677
5,7,0 2 3 0 3 1 0 1,20,28074,0,393036
5,7,0 2 3 0 3 3 0 1,20,27824,7,389543
5,7,0 2 3 1 0 0 0 1,20,27870,0,390180
5,7,0 2 3 1 0 1 0 1,20,27860,7,390047
5,7,0 2 3 1 0 3 0 1,20,27857,14,390012
5,7,0 2 3 1 1 1 0 1,20,27925,0,390950
5,7,0 2 3 1 1 3 0 1,20,27944,0,391216
5,7,0 2 3 1 3 0 0 1,20,27960,7,391447
5,7,0 2 3 1 3 1 0 1,20,28107,7,393505
5,7,0 2 3 1 3 3 0 1,20,27863,7,390089
5,7,0 2 3 2 0 0 0 1,20,27777,7,388885
5,7,0 2 3 2 0 1 0 1,20,27950,7,391307
5,7,0 2 3 2 0 3 0 1,20,27928,14,391006
5,7,0 2 3 2 1 1 0 1,20,27843,14,389816
5,7,0 2 3 2 1 3 0 1,20,27927,0,390978
5,7,0 2 3 2 3 0 0 1,20,28015,7,392217
5,7,0 2 3 2 3 1 0 1,20,27783,7,388969
5,7,0 2 3 2 3 3 0 1,20,27902,7,390635
5,7,0 2 3 3 0 0 0 1,20,27936,0,391104
5,7,0 2 3 3 0 1 0 1,20,27826,7,389571
5,7,0 2 3 3 0 3 0 1,20,27890,14,390474
5,7,0 2 3 3 1 1 0 1,20,27976,7,391671
5,7,0 2 3 3 1 3 0 1,20,27918,7,390859
5,7,0 2 3 3 3 0 0 1,20,28019,0,392266
5,7,0 2 3 3 3 1 0 1,20,27960,7,391447
5,7,0 2 3 3 3 3 0 1,20,27887,7,390425
5,7,0 2 3 4 0 0 0 1,20,27841,7,389781
5,7,0 2 3 4 0 1 0 1,20,27904,7,390663
5,7,0 2 3 4 0 3 0 1,20,27865,0,390110
5,7,0 2 3 4 1 1 0 1,20,27921,0,390894
5,7,0 2 3 4 1 3 0 1,20,27854,7,389963
5,7,0 2 3 4 3 0 0 1,20,27832,0,389648
5,7,0 2 3 4 3 1 0 1,20,28047,0,392658
5,7,0 2 3 4 3 3 0 1,20,27987,0,391818
5,7,0 2 4 0 1 1 0 1,20,27831,0,389634
5,7,0 2 4 0 1 3 0 1,20,27913,7,390789
5,7,0 2 4 0 3 0 0 1,20,27920,7,390887
5,7,0 2 4 0 3 1 0 1,20,27916,7,390831
5,7,0 2 4 0 3 3 0 1,20,27994,7,391923
5,7,0 2 4 1 1 1 0 1,20,27897,7,390565
5,7,0 2 4 1 1 3 0 1,20,27904,0,390656
5,7,0 2 4 1 3 0 0 1,20,28078,0,393092
5,7,0 2 4 1 3 1 0 1,20,28072,7,393015
5,7,0 2 4 1 3 3 0 1,20,27903,7,390649
5,7,0 2 4 2 1 1 0 1,20,27919,0,390866
5,7,0 2 4 2 1 3 0 1,20,27839,7,389753
5,7,0 2 4 2 3 0 0 1,20,28018,0,392252
5,7,0 2 4 2 3 1 0 1,20,27883,7,390369
5,7,0 2 4 2 3 3 0 1,20,27827,7,389585
5,7,0 2 4 3 1 1 0 1,20,27814,0,389396
5,7,0 2 4 3 1 3 0 1,20,27885,14,390404
5,7,0 2 4 3 3 0 0 1,20,27878,14,390306
5,7,0 2 4 3 3 1 0 1,20,27988,0,391832
5,7,0 2 4 3 3 3 0 1,20,27950,0,391300
5,7,0 2 4 4 1 1 0 1,20,27956,0,391384
5,7,0 2 4 4 1 3 0 1,20,28103,21,393463
5,7,0 2 4 4 3 0 0 1,20,27817,0,389438
5,7,0 2 4 4 3 1 0 1,20,28019,7,392273
5,7,0 2 4 4 3 3 0 1,20,27751,14,388528
5,7,0 3 0 0 0 0 0 1,10,27794,14,389130
5,7,0 3 0 0 0 1 0 1,10,27990,0,391860
5,7,0 3 0 0 0 3 0 1,10,27938,0,391132
5,7,0 3 0 0 1 1 0 1,20,27930,0,391020
5,7,0 3 0 0 1 3 0 1,20,27886,7,390411
5,7,0 3 0 0 3 0 0 1,20,27961,0,391454
5,7,0 3 0 0 3 1 0 1,20,27914,0,390796
5,7,0 3 0 0 3 3 0 1,20,27781,0,388934
5,7,0 3 0 1 0 0 0 1,10,28180,0,394520
5,7,0 3 0 1 0 1 0 1,10,28041,14,392588
5,7,0 3 0 1 0 3 0 1,10,27964,14,391510
5,7,0 3 0 1 1 1 0 1,20,27855,14,389984
5,7,0 3 0 1 1 3 0 1,20,27835,7,389697
5,7,0 3 0 1 3 0 0 1,20,27891,0,390474
5,7,0 3 0 1 3 1 0 1,20,27949,7,391293
5,7,0 3 0 1 3 3 0 1,20,27948,7,391279
5,7,0 3 0 2 0 0 0 1,10,27840,0,389760
5,7,0 3 0 2 0 1 0 1,10,27763,14,388696
5,7,0 3 0 2 0 3 0 1,10,28096,14,393358
5,7,0 3 0 2 1 1 0 1,20,27936,14,391118
5,7,0 3 0 2 1 3 0 1,20,27767,0,388738
5,7,0 3 0 2 3 0 0 1,20,27816,0,389424
5,7,0 3 0 2 3 1 0 1,20,28092,7,393295
5,7,0 3 0 2 3 3 0 1,20,28013,7,392189
5,7,0 3 0 3 0 0 0 1,10,27740,14,388374
5,7,0 3 0 3 0 1 0 1,10,27881,14,390348
5,7,0 3 0 3 0 3 0 1,10,27809,14,389340
5,7,0 3 0 3 1 1 0 1,20,27869,0,390166
5,7,0 3 0 3 1 3 0 1,20,27954,7,391363
5,7,0 3 0 3 3 0 0 1,20,28106,14,393498
5,7,0 3 0 3 3 1 0 1,20,27791,7,389081
5,7,0 3 0 3 3 3 0 1,20,27927,0,390978
5,7,0 3 0 4 0 0 0 1,10,27889,0,390446
5,7,0 3 0 4 0 1 0 1,10,28257,0,395598
5,7,0 3 0 4 0 3 0 1,10,28260,0,395640
5,7,0 3 0 4 1 1 0 1,20,27908,0,390712
5,7,0 3 0 4 1 3 0 1,20,27931,7,391041
5,7,0 3 0 4 3 0 0 1,20,28077,7,393085
5,7,0 3 0 4 3 1 0 1,20,27822,7,389515
5,7,0 3 0 4 3 3 0 1,20,27730,0,388220
5,7,0 3 1 0 0 1 0 1,20,27905,0,390670
5,7,0 3 1 0 0 3 0 1,20,27830,7,389627
5,7,0 3 1 0 1 1 0 1,20,27975,0,391650
5,7,0 3 1 0 1 3 0 1,20,27988,14,391846
5,7,0 3 1 0 3 0 0 1,20,27833,7,389669
5,7,0 3 1 0 3 1 0 1,20,27826,7,389571
5,7,0 3 1 0 3 3 0 1,20,27693,7,387709
5,7,0 3 1 1 0 1 0 1,20,27849,7,389893
5,7,0 3 1 1 0 3 0 1,20,27895,0,390530
5,7,0 3 1 1 1 1 0 1,20,27831,0,389634
5,7,0 3 1 1 1 3 0 1,20,27958,0,391412
5,7,0 3 1 1 3 0 0 1,20,27880,14,390334
5,7,0 3 1 1 3 1 0 1,20,27934,7,391083
5,7,0 3 1 1 3 3 0 1,20,28011,0,392154
5,7,0 3 1 2 0 1 0 1,20,27874,0,390236
5,7,0 3 1 2 0 3 0 1,20,27826,14,389578
5,7,0 3 1 2 1 1 0 1,20,27987,0,391818
5,7,0 3 1 2 1 3 0 1,20,27854,7,389963
5,7,0 3 1 2 3 0 0 1,20,27788,7,389039
5,7,0 3 1 2 3 1 0 1,20,27947,7,391265
5,7,0 3 1 2 3 3 0 1,20,28021,0,392294
5,7,0 3 1 3 0 1 0 1,20,27914,7,390803
5,7,0 3 1 3 0 3 0 1,20,27675,0,387450
5,7,0 3 1 3 1 1 0 1,20,28008,14,392126
5,7,0 3 1 3 1 3 0 1,20,27954,7,391363
5,7,0 3 1 3 3 0 0 1,20,27869,7,390173
5,7,0 3 1 3 3 1 0 1,20,27958,14,391426
5,7,0 3 1 3 3 3 0 1,20,27939,7,391153
5,7,0 3 1 4 0 1 0 1,20,27909,7,390733
5,7,0 3 1 4 0 3 0 1,20,27982,7,391755
5,7,0 3 1 4 1 1 0 1,20,27955,7,391377
5,7,0 3 1 4 1 3 0 1,20,27861,7,390061
5,7,0 3 1 4 3 0 0 1,20,27745,0,388430
5,7,0 3 1 4 3 1 0 1,20,27940,0,391160
5,7,0 3 1 4 3 3 0 1,20,27997,7,391965
5,7,0 3 2 0 1 1 0 1,20,27822,7,389515
5,7,0 3 2 0 1 3 0 1,20,27939,0,391146
5,7,0 3 2 0 3 0 0 1,20,27996,0,391944
5,7,0 3 2 0 3 1 0 1,20,27814,0,389396
5,7,0 3 2 0 3 3 0 1,20,28013,7,392189
5,7,0 3 2 1 1 1 0 1,20,27958,7,391419
5,7,0 3 2 1 1 3 0 1,20,27748,0,388472
5,7,0 3 2 1 3 0 0 1,20,27851,0,389914
5,7,0 3 2 1 3 1 0 1,20,27912,0,390768
5,7,0 3 2 1 3 3 0 1,20,27916,0,390824
5,7,0 3 2 2 1 1 0 1,20,27859,7,390033
5,7,0 3 2 2 1 3 0 1,20,28069,7,392973
5,7,0 3 2 2 3 0 0 1,20,27758,7,388619
5,7,0 3 2 2 3 1 0 1,20,27717,7,388045
5,7,0 3 2 2 3 3 0 1,20,28018,7,392259
5,7,0 3 2 3 1 1 0 1,20,27916,7,390831
5,7,0 3 2 3 1 3 0 1,20,27902,0,390628
5,7,0 3 2 3 3 0 0 1,20,27947,0,391258
5,7,0 3 2 3 3 1 0 1,20,27819,0,389466
5,7,0 3 2 3 3 3 0 1,20,27927,0,390978
5,7,0 3 2 4 1 1 0 1,20,27765,7,388717
5,7,0 3 2 4 1 3 0 1,20,27791,7,389081
5,7,0 3 2 4 3 0 0 1,20,27852,7,389935
5,7,0 3 2 4 3 1 0 1,20,27907,7,390705
5,7,0 3 2 4 3 3 0 1,20,27870,0,390180
5,7,0 3 3 0 0 0 0 1,20,27820,0,389480
5,7,0 3 3 0 0 1 0 1,20,27712,7,387975
5,7,0 3 3 0 0 3 0 1,20,27920,7,390887
5,7,0 3 3 0 1 1 0 1,20,27965,0,391510
5,7,0 3 3 0 1 3 0 1,20,27929,0,391006
5,7,0 3 3 0 3 0 0 1,20,27941,0,391174
5,7,0 3 3 0 3 1 0 1,20,27811,7,389361
5,7,0 3 3 0 3 3 0 1,20,28008,7,392119
5,7,0 3 3 1 0 0 0 1,20,27909,14,390740
5,7,0 3 3 1 0 1 0 1,20,27912,0,390768
5,7,0 3 3 1 0 3 0 1,20,27917,7,390845
5,7,0 3 3 1 1 1 0 1,20,27786,0,389004
5,7,0 3 3 1 1 3 0 1,20,27825,7,389557
5,7,0 3 3 1 3 0 0 1,20,27906,0,390684
5,7,0 3 3 1 3 1 0 1,20,27912,0,390768
5,7,0 3 3 1 3 3 0 1,20,27946,0,391244
5,7,0 3 3 2 0 0 0 1,20,27875,0,390250
5,7,0 3 3 2 0 1 0 1,20,27939,0,391146
5,7,0 3 3 2 0 3 0 1,20,27987,0,391818
5,7,0 3 3 2 1 1 0 1,20,27949,7,391293
5,7,0 3 3 2 1 3 0 1,20,27834,7,389683
5,7,0 3 3 2 3 0 0 1,20,27788,7,389039
5,7,0 3 3 2 3 1 0 1,20,27965,0,391510
5,7,0 3 3 2 3 3 0 1,20,27763,7,388689
5,7,0 3 3 3 0 0 0 1,20,28011,0,392154
5,7,0 3 3 3 0 1 0 1,20,27757,0,388598
5,7,0 3 3 3 0 3 0 1,20,27992,7,391895
5,7,0 3 3 3 1 1 0 1,20,27999,0,391986
5,7,0 3 3 3 1 3 0 1,20,27742,0,388388
5,7,0 3 3 3 3 0 0 1,20,27659,7,387233
5,7,0 3 3 3 3 1 0 1,20,27886,7,390411
5,7,0 3 3 3 3 3 0 1,20,27819,7,389473
5,7,0 3 3 4 0 0 0 1,20,28006,7,392091
5,7,0 3 3 4 0 1 0 1,20,27909,7,390733
5,7,0 3 3 4 0 3 0 1,20,28062,7,392875
5,7,0 3 3 4 1 1 0 1,20,27858,0,390012
5,7,0 3 3 4 1 3 0 1,20,27891,7,390481
5,7,0 3 3 4 3 0 0 1,20,27945,0,391230
5,7,0 3 3 4 3 1 0 1,20,27982,7,391755
5,7,0 3 3 4 3 3 0 1,20,27947,7,391265
5,7,0 3 4 0 1 1 0 1,20,27867,7,390145
5,7,0 3 4 0 1 3 0 1,20,27888,14,390446
5,7,0 3 4 0 3 0 0 1,20,27913,7,390789
5,7,0 3 4 0 3 1 0 1,20,27886,7,390411
5,7,0 3 4 0 3 3 0 1,20,27963,7,391489
5,7,0 3 4 1 1 1 0 1,20,27918,7,390859
5,7,0 3 4 1 1 3 0 1,20,27853,0,389942
5,7,0 3 4 1 3 0 0 1,20,27873,7,390229
5,7,0 3 4 1 3 1 0 1,20,27796,14,389158
5,7,0 3 4 1 3 3 0 1,20,27751,0,388514
5,7,0 3 4 2 1 1 0 1,20,27917,0,390838
5,7,0 3 4 2 1 3 0 1,20,27917,0,390838
5,7,0 3 4 2 3 0 0 1,20,27993,7,391909
5,7,0 3 4 2 3 1 0 1,20,27907,7,390705
5,7,0 3 4 2 3 3 0 1,20,27916,0,390824
5,7,0 3 4 3 1 1 0 1,20,27754,0,388556
5,7,0 3 4 3 1 3 0 1,20,27859,7,390033
5,7,0 3 4 3 3 0 0 1,20,27752,0,388528
5,7,0 3 4 3 3 1 0 1,20,27833,14,389676
5,7,0 3 4 3 3 3 0 1,20,27902,0,390628
5,7,0 3 4 4 1 1 0 1,20,27768,0,388752
5,7,0 3 4 4 1 3 0 1,20,27803,14,389256
5,7,0 3 4 4 3 0 0 1,20,27977,7,391685
5,7,0 3 4 4 3 1 0 1,20,27920,0,390880
5,7,0 3 4 4 3 3 0 1,20,27862,7,390075
5,7,0 4 0 0 0 1 0 1,10,27770,0,388780
5,7,0 4 0 0 0 3 0 1,10,28197,0,394758
5,7,0 4 0 0 1 1 0 1,20,27992,0,391888
5,7,0 4 0 0 1 3 0 1,20,27829,14,389620
5,7,0 4 0 0 3 0 0 1,20,27882,0,390348
5,7,0 4 0 0 3 1 0 1,20,27982,0,391748
5,7,0 4 0 0 3 3 0 1,20,27897,14,390572
5,7,0 4 0 1 0 1 0 1,10,27894,0,390516
5,7,0 4 0 1 0 3 0 1,10,27920,0,390880
5,7,0 4 0 1 1 1 0 1,20,27950,0,391300
5,7,0 4 0 1 1 3 0 1,20,27752,7,388535
5,7,0 4 0 1 3 0 0 1,20,27836,14,389718
5,7,0 4 0 1 3 1 0 1,20,27927,0,390978
5,7,0 4 0 1 3 3 0 1,20,27721,7,388101
5,7,0 4 0 2 0 1 0 1,10,27973,0,391622
5,7,0 4 0 2 0 3 0 1,10,27748,0,388472
5,7,0 4 0 2 1 1 0 1,20,27918,0,390852
5,7,0 4 0 2 1 3 0 1,20,27962,7,391475
5,7,0 4 0 2 3 0 0 1,20,27759,7,388633
5,7,0 4 0 2 3 1 0 1,20,27852,0,389928
5,7,0 4 0 2 3 3 0 1,20,27845,0,389830
5,7,0 4 0 3 0 1 0 1,10,27948,0,391272
5,7,0 4 0 3 0 3 0 1,10,27922,0,390908
5,7,0 4 0 3 1 1 0 1,20,28122,0,393708
5,7,0 4 0 3 1 3 0 1,20,27698,7,387779
5,7,0 4 0 3 3 0 0 1,20,27805,7,389277
5,7,0 4 0 3 3 1 0 1,20,27905,7,390677
5,7,0 4 0 3 3 3 0 1,20,28049,7,392693
5,7,0 4 0 4 0 1 0 1,10,27900,0,390600
5,7,0 4 0 4 0 3 0 1,10,27993,0,391902
5,7,0 4 0 4 1 1 0 1,20,27980,7,391727
5,7,0 4 0 4 1 3 0 1,20,28014,0,392196
5,7,0 4 0 4 3 0 0 1,20,27998,7,391979
5,7,0 4 0 4 3 1 0 1,20,27997,21,391979
5,7,0 4 0 4 3 3 0 1,20,27893,7,390509
5,7,0 4 1 0 0 1 0 1,20,27790,0,389060
5,7,0 4 1 0 0 3 0 1,20,27867,0,390138
5,7,0 4 1 0 1 1 0 1,20,27954,7,391363
5,7,0 4 1 0 1 3 0 1,20,27852,7,389935
5,7,0 4 1 0 3 0 0 1,20,27877,0,390278
5,7,0 4 1 0 3 1 0 1,20,27799,7,389193
5,7,0 4 1 0 3 3 0 1,20,27805,7,389277
5,7,0 4 1 1 0 1 0 1,20,27879,0,390306
5,7,0 4 1 1 0 3 0 1,20,27952,7,391335
5,7,0 4 1 1 1 1 0 1,20,27979,14,391720
5,7,0 4 1 1 1 3 0 1,20,28039,14,392560
5,7,0 4 1 1 3 0 0 1,20,27862,0,390068
5,7,0 4 1 1 3 1 0 1,20,28084,7,393183
5,7,0 4 1 1 3 3 0 1,20,27881,7,390341
5,7,0 4 1 2 0 1 0 1,20,27728,0,388192
5,7,0 4 1 2 0 3 0 1,20,27935,7,391097
5,7,0 4 1 2 1 1 0 1,20,27830,7,389627
5,7,0 4 1 2 1 3 0 1,20,27792,7,389095
5,7,0 4 1 2 3 0 0 1,20,28019,7,392273
5,7,0 4 1 2 3 1 0 1,20,27807,0,389298
5,7,0 4 1 2 3 3 0 1,20,27837,7,389725
5,7,0 4 1 3 0 1 0 1,20,27875,7,390257
5,7,0 4 1 3 0 3 0 1,20,27904,7,390663
5,7,0 4 1 3 1 1 0 1,20,27832,0,389648
5,7,0 4 1 3 1 3 0 1,20,27911,0,390754
5,7,0 4 1 3 3 0 0 1,20,28020,7,392287
5,7,0 4 1 3 3 1 0 1,20,27997,14,391972
5,7,0 4 1 3 3 3 0 1,20,27884,7,390383
5,7,0 4 1 4 0 1 0 1,20,27937,7,391125
5,7,0 4 1 4 0 3 0 1,20,27930,7,391027
5,7,0 4 1 4 1 1 0 1,20,28022,14,392322
5,7,0 4 1 4 1 3 0 1,20,27889,0,390446
5,7,0 4 1 4 3 0 0 1,20,27901,0,390614
5,7,0 4 1 4 3 1 0 1,20,27861,0,390054
5,7,0 4 1 4 3 3 0 1,20,27913,7,390789
5,7,0 4 2 0 1 1 0 1,20,27852,0,389928
5,7,0 4 2 0 1 3 0 1,20,27849,14,389900
5,7,0 4 2 0 3 0 0 1,20,27871,14,390208
5,7,0 4 2 0 3 1 0 1,20,27867,0,390138
5,7,0 4 2 0 3 3 0 1,20,27963,0,391482
5,7,0 4 2 1 1 1 0 1,20,27995,0,391930
5,7,0 4 2 1 1 3 0 1,20,27797,7,389165
5,7,0 4 2 1 3 0 0 1,20,27984,7,391783
5,7,0 4 2 1 3 1 0 1,20,27839,7,389753
5,7,0 4 2 1 3 3 0 1,20,27871,7,390201
5,7,0 4 2 2 1 1 0 1,20,27945,7,391237
5,7,0 4 2 2 1 3 0 1,20,27905,0,390670
5,7,0 4 2 2 3 0 0 1,20,27819,7,389473
5,7,0 4 2 2 3 1 0 1,20,27817,0,389438
5,7,0 4 2 2 3 3 0 1,20,27792,7,389095
5,7,0 4 2 3 1 1 0 1,20,27759,7,388633
5,7,0 4 2 3 1 3 0 1,20,27743,7,388409
5,7,0 4 2 3 3 0 0 1,20,27860,7,390047
5,7,0 4 2 3 3 1 0 1,20,27913,0,390782
5,7,0 4 2 3 3 3 0 1,20,27854,7,389963
5,7,0 4 2 4 1 1 0 1,20,27885,7,390397
5,7,0 4 2 4 1 3 0 1,20,27746,7,388451
5,7,0 4 2 4 3 0 0 1,20,27816,0,389424
5,7,0 4 2 4 3 1 0 1,20,28025,14,392364
5,7,0 4 2 4 3 3 0 1,20,27916,0,390824
5,7,0 4 3 0 0 0 0 1,20,27970,7,391587
5,7,0 4 3 0 0 1 0 1,20,27837,7,389725
5,7,0 4 3 0 0 3 0 1,20,27954,7,391363
5,7,0 4 3 0 1 1 0 1,20,27929,7,391013
5,7,0 4 3 0 1 3 0 1,20,28025,0,392350
5,7,0 4 3 0 3 0 0 1,20,27922,0,390908
5,7,0 4 3 0 3 1 0 1,20,27962,0,391468
5,7,0 4 3 0 3 3 0 1,20,27738,0,388332
5,7,0 4 3 1 0 0 0 1,20,27753,0,388542
5,7,0 4 3 1 0 1 0 1,20,27943,14,391216
5,7,0 4 3 1 0 3 0 1,20,27832,7,389655
5,7,0 4 3 1 1 1 0 1,20,27892,7,390495
5,7,0 4 3 1 1 3 0 1,20,27971,21,391615
5,7,0 4 3 1 3 0 0 1,20,27922,0,390908
5,7,0 4 3 1 3 1 0 1,20,27874,7,390243
5,7,0 4 3 1 3 3 0 1,20,28040,21,392581
5,7,0 4 3 2 0 0 0 1,20,27905,7,390677
5,7,0 4 3 2 0 1 0 1,20,27968,0,391552
5,7,0 4 3 2 0 3 0 1,20,27940,7,391167
5,7,0 4 3 2 1 1 0 1,20,27933,0,391062
5,7,0 4 3 2 1 3 0 1,20,27894,14,390530
5,7,0 4 3 2 3 0 0 1,20,27904,7,390663
5,7,0 4 3 2 3 1 0 1,20,27877,0,390278
5,7,0 4 3 2 3 3 0 1,20,27935,0,391090
5,7,0 4 3 3 0 0 0 1,20,27951,7,391321
5,7,0 4 3 3 0 1 0 1,20,28000,7,392007
5,7,0 4 3 3 0 3 0 1,20,27857,0,389998
5,7,0 4 3 3 1 1 0 1,20,27776,14,388878
5,7,0 4 3 3 1 3 0 1,20,27861,0,390054
5,7,0 4 3 3 3 0 0 1,20,27893,0,390502
5,7,0 4 3 3 3 1 0 1,20,28210,7,394947
5,7,0 4 3 3 3 3 0 1,20,27752,0,388528
5,7,0 4 3 4 0 0 0 1,20,27989,7,391853
5,7,0 4 3 4 0 1 0 1,20,27909,14,390740
5,7,0 4 3 4 0 3 0 1,20,27785,7,388997
5,7,0 4 3 4 1 1 0 1,20,27895,7,390537
5,7,0 4 3 4 1 3 0 1,20,27939,0,391146
5,7,0 4 3 4 3 0 0 1,20,27858,7,390019
5,7,0 4 3 4 3 1 0 1,20,27666,0,387324
5,7,0 4 3 4 3 3 0 1,20,27841,0,389774
5,7,0 4 4 0 1 1 0 1,20,27707,0,387898
5,7,0 4 4 0 1 3 0 1,20,27787,7,389025
5,7,0 4 4 0 3 0 0 1,20,28004,7,392063
5,7,0 4 4 0 3 1 0 1,20,27917,0,390838
5,7,0 4 4 0 3 3 0 1,20,27830,7,389627
5,7,0 4 4 1 1 1 0 1,20,27882,7,390355
5,7,0 4 4 1 1 3 0 1,20,27745,0,388430
5,7,0 4 4 1 3 0 0 1,20,27896,14,390558
5,7,0 4 4 1 3 1 0 1,20,27929,7,391013
5,7,0 4 4 1 3 3 0 1,20,27906,7,390691
5,7,0 4 4 2 1 1 0 1,20,27948,0,391272
5,7,0 4 4 2 1 3 0 1,20,28124,14,393750
5,7,0 4 4 2 3 0 0 1,20,27942,0,391188
5,7,0 4 4 2 3 1 0 1,20,27864,7,390103
5,7,0 4 4 2 3 3 0 1,20,27784,14,388990
5,7,0 4 4 3 1 1 0 1,20,27856,14,389998
5,7,0 4 4 3 1 3 0 1,20,28086,0,393204
5,7,0 4 4 3 3 0 0 1,20,27917,14,390852
5,7,0 4 4 3 3 1 0 1,20,27738,0,388332
5,7,0 4 4 3 3 3 0 1,20,27836,14,389718
5,7,0 4 4 4 1 1 0 1,20,27795,7,389137
5,7,0 4 4 4 1 3 0 1,20,27879,0,390306
5,7,0 4 4 4 3 0 0 1,20,27736,0,388304
5,7,0 4 4 4 3 1 0 1,20,27858,7,390019
5,7,0 4 4 4 3 3 0 1,20,27743,7,388409
3,11,0 2 1 0 2 2 1 2 2 0 0 1,6,24090,0,529980
3,11,0 0 1 0 1 2 2 0 0 0 0 1,6,24139,11,531069
3,11,0 1 1 0 2 0 1 2 2 0 0 1,6,24187,0,532114
3,11,0 1 1 0 2 1 0 2 0 1 0 1,6,24088,11,529947
3,11,0 2 1 1 2 0 0 1 2 0 0 1,6,24031,11,528693
3,11,0 0 2 2 2 0 2 2 2 1 0 1,6,24228,0,533016
3,11,0 2 2 0 2 1 2 2 2 0 0 1,6,24166,11,531663
3,11,0 1 0 1 0 2 2 0 2 1 0 1,6,24002,0,528044
3,11,0 2 1 2 0 2 2 1 2 0 0 1,6,24281,0,534182
3,11,0 2 1 2 1 0 1 0 2 2 0 1,6,24223,0,532906
3,11,0 2 2 0 0 2 0 1 0 2 0 1,6,24096,0,530112
3,11,0 0 0 1 1 0 1 1 2 1 0 1,6,24223,0,532906
3,11,0 0 1 1 2 1 1 0 2 1 0 1,6,24269,0,533918
3,11,0 0 0 0 1 1 1 2 2 2 0 1,6,24135,0,530970
3,11,0 1 0 1 1 0 2 0 2 0 0 1,6,24026,0,528572
3,11,0 0 1 2 0 2 0 0 2 0 0 1,6,24146,0,531212
3,11,0 0 1 0 1 2 0 0 2 2 0 1,6,23996,0,527912
3,11,0 1 0 2 1 0 0 1 2 1 0 1,6,24278,0,534116
3,11,0 2 0 2 1 0 2 2 0 1 0 1,6,24157,0,531454
3,11,0 2 2 1 1 2 1 1 2 2 0 1,6,24310,11,534831
3,11,0 2 0 0 2 2 1 0 2 0 0 1,6,24215,0,532730
3,11,0 1 2 1 1 0 1 2 2 2 0 1,6,24007,0,528154
3,11,0 1 0 0 2 0 0 0 2 0 0 1,6,24030,0,528660
3,11,0 0 0 0 0 2 0 0 0 1 0 1,3,24067,0,529474
3,11,0 0 1 0 2 1 0 2 0 0 0 1,6,24170,0,531740
3,11,0 0 2 1 0 2 1 1 2 2 0 1,6,24040,0,528880
3,11,0 2 1 1 0 1 0 2 2 0 0 1,6,24347,0,535634
3,11,0 0 2 0 0 0 0 2 0 0 0 1,6,24151,0,531322
3,11,0 1 0 0 1 0 2 0 0 1 0 1,6,24178,11,531927
3,11,0 0 1 2 2 1 0 0 0 1 0 1,6,24124,0,530728
5,8,0 0 4 0 3 3 0 0 1,20,122366,8,1957864
5,8,0 4 4 2 4 3 0 0 1,20,121767,0,1948272
5,8,0 3 3 3 3 3 0 0 1,20,122033,0,1952528
5,8,0 3 1 3 1 3 3 0 1,20,122505,0,1960080
5,8,0 2 1 3 1 3 3 0 1,20,122227,0,1955632
5,8,0 0 1 2 1 1 1 0 1,20,122233,0,1955728
5,8,0 0 0 3 2 1 1 0 1,20,122092,8,1953480
5,8,0 3 2 0 3 3 1 0 1,20,122002,0,1952032
5,8,0 0 2 1 4 3 3 0 1,20,122083,0,1953328
5,8,0 3 3 1 1 0 1 0 1,20,122052,0,1952832
5,8,0 2 1 0 2 1 3 0 1,20,122024,16,1952400
5,8,0 0 1 2 3 3 0 0 1,20,122143,8,1954296
5,8,0 0 4 2 4 3 1 0 1,20,121930,8,1950888
5,8,0 4 4 3 3 0 0 0 1,20,122146,8,1954344
5,8,0 1 1 4 0 3 1 0 1,20,122205,8,1955288
5,8,0 0 3 0 1 3 1 0 1,20,121826,0,1949216
5,8,0 1 4 3 3 0 1 0 1,20,121819,16,1949120
5,8,0 2 2 1 4 3 3 0 1,20,121755,0,1948080
5,8,0 1 0 3 2 3 3 0 1,20,122478,8,1959656
5,8,0 0 3 4 4 1 3 0 1,20,122059,0,1952944
7,7,0 3 3 6 4 6 4 1,42,411260,7,5757647
7,7,0 2 1 4 0 5 0 1,42,412117,14,5769652
7,7,0 0 2 3 4 6 4 1,42,413034,14,5782490
7,7,0 5 0 3 0 6 4 1,42,411694,7,5763723
7,7,0 4 6 3 3 6 4 1,42,411271,0,5757794
7,7,0 0 0 0 0 0 0 1,1,411495,49,5760979
7,7,0 6 1 4 6 6 4 1,42,412302,21,5772249
7,7,0 6 5 5 1 6 4 1,42,411844,14,5765830
7,7,0 2 2 6 4 6 4 1,42,411071,7,5755001
7,7,0 6 3 4 6 6 4 1,42,411344,7,5758823
7,7,0 2 0 3 1 6 4 1,42,412079,7,5769113
7,7,0 0 6 5 2 6 4 1,42,411802,14,5765242
7,7,0 1 1 2 3 6 4 1,42,411099,7,5755393
7,7,0 0 2 4 5 6 4 1,42,411925,7,5766957
7,7,0 4 0 3 4 6 4 1,42,412012,14,5768182
7,7,0 4 6 3 4 6 4 1,42,411635,0,5762890
7,7,0 1 4 5 2 6 4 1,42,411568,7,5761959
7,7,0 4 1 3 5 6 4 1,42,411589,7,5762253
7,7,0 6 0 1 0 4 0 1,21,411978,0,5767692
7,7,0 3 3 3 2 6 4 1,42,412097,0,5769358
7,7,0 6 5 1 2 6 4 1,42,411564,14,5761910
7,7,0 1 0 6 5 6 4 1,42,411974,7,5767643
7,7,0 5 1 5 1 6 4 1,42,411572,0,5762008
7,7,0 6 6 4 5 6 4 1,42,411372,7,5759215
7,7,0 3 1 5 5 6 4 1,42,412418,14,5773866
7,7,0 5 5 2 0 6 4 1,42,411761,0,5764654
7,7,0 0 2 3 2 6 4 1,42,412083,0,5769162
7,7,0 3 0 2 5 6 4 1,42,411432,0,5760048
7,7,0 2 6 2 2 6 4 1,42,412013,0,5768182
7,7,0 4 5 3 4 6 4 1,42,411718,14,5764066
7,7,0 1 5 5 0 5 0 1,42,411540,7,5761567
7,7,0 5 4 3 5 6 4 1,42,412496,0,5774944
7,7,0 4 6 4 1 6 4 1,42,412250,14,5771514
7,7,0 1 3 5 3 6 4 1,42,411502,0,5761028
7,7,0 5 3 4 2 6 4 1,42,412076,0,5769064
7,7,0 0 3 0 6 6 4 1,42,411796,0,5765144
7,7,0 1 1 5 2 6 4 1,42,411057,7,5754805
7,7,0 1 0 4 2 6 4 1,42,412090,0,5769260
7,7,0 4 4 2 1 6 4 1,42,411764,7,5764703
7,7,0 0 2 0 5 6 4 1,42,412597,7,5776365
