q,d,f_coeffs_low_first,orbit_size,N_irr,E,Lambda_sum
5,8,0 0 0 0 0 0 0 0 1,5,122066,17,1953073
5,8,0 0 0 0 0 0 1 0 1,10,122479,0,1959664
5,8,0 0 0 0 0 0 3 0 1,10,122123,0,1953968
5,8,0 0 0 0 0 1 1 0 1,20,121944,8,1951112
5,8,0 0 0 0 0 1 3 0 1,20,122446,8,1959144
5,8,0 0 0 0 0 3 0 0 1,20,121885,0,1950160
5,8,0 0 0 0 0 3 1 0 1,20,121878,8,1950056
5,8,0 0 0 0 0 3 3 0 1,20,122225,8,1955608
5,8,0 0 0 0 1 0 0 0 1,5,122455,12,1959292
5,8,0 0 0 0 1 0 1 0 1,10,121656,0,1946496
5,8,0 0 0 0 1 0 3 0 1,10,122052,8,1952840
5,8,0 0 0 0 1 1 1 0 1,20,121867,0,1949872
5,8,0 0 0 0 1 1 3 0 1,20,121700,0,1947200
5,8,0 0 0 0 1 3 0 0 1,20,122134,0,1954144
5,8,0 0 0 0 1 3 1 0 1,20,122032,8,1952520
5,8,0 0 0 0 1 3 3 0 1,20,122311,0,1956976
5,8,0 0 0 0 2 0 0 0 1,5,121873,8,1949976
5,8,0 0 0 0 2 0 1 0 1,10,121999,8,1951992
5,8,0 0 0 0 2 0 3 0 1,10,121937,8,1951000
5,8,0 0 0 0 2 1 1 0 1,20,121830,8,1949288
5,8,0 0 0 0 2 1 3 0 1,20,122096,8,1953544
5,8,0 0 0 0 2 3 0 0 1,20,121980,0,1951680
5,8,0 0 0 0 2 3 1 0 1,20,122025,0,1952400
5,8,0 0 0 0 2 3 3 0 1,20,122058,8,1952936
5,8,0 0 0 0 3 0 0 0 1,5,123113,8,1969816
5,8,0 0 0 0 3 0 1 0 1,10,121679,8,1946872
5,8,0 0 0 0 3 0 3 0 1,10,122165,8,1954648
5,8,0 0 0 0 3 1 1 0 1,20,122047,0,1952752
5,8,0 0 0 0 3 1 3 0 1,20,121949,8,1951192
5,8,0 0 0 0 3 3 0 0 1,20,121834,0,1949344
5,8,0 0 0 0 3 3 1 0 1,20,121829,0,1949264
5,8,0 0 0 0 3 3 3 0 1,20,121799,8,1948792
5,8,0 0 0 0 4 0 0 0 1,5,122259,12,1956156
5,8,0 0 0 0 4 0 1 0 1,10,122306,8,1956904
5,8,0 0 0 0 4 0 3 0 1,10,122222,0,1955552
5,8,0 0 0 0 4 1 1 0 1,20,121928,16,1950864
5,8,0 0 0 0 4 1 3 0 1,20,122435,8,1958968
5,8,0 0 0 0 4 3 0 0 1,20,122085,0,1953360
5,8,0 0 0 0 4 3 1 0 1,20,122335,8,1957368
5,8,0 0 0 0 4 3 3 0 1,20,122223,8,1955576
5,8,0 0 0 1 0 0 1 0 1,20,122380,0,1958080
5,8,0 0 0 1 0 0 3 0 1,20,121838,8,1949416
5,8,0 0 0 1 0 1 1 0 1,20,122011,0,1952176
5,8,0 0 0 1 0 1 3 0 1,20,122088,0,1953408
5,8,0 0 0 1 0 3 0 0 1,20,121972,8,1951560
5,8,0 0 0 1 0 3 1 0 1,20,122257,8,1956120
5,8,0 0 0 1 0 3 3 0 1,20,122170,0,1954720
5,8,0 0 0 1 1 0 1 0 1,20,122256,0,1956096
5,8,0 0 0 1 1 0 3 0 1,20,122211,0,1955376
5,8,0 0 0 1 1 1 1 0 1,20,122139,8,1954232
5,8,0 0 0 1 1 1 3 0 1,20,122067,0,1953072
5,8,0 0 0 1 1 3 0 0 1,20,122271,8,1956344
5,8,0 0 0 1 1 3 1 0 1,20,122268,8,1956296
5,8,0 0 0 1 1 3 3 0 1,20,121997,0,1951952
5,8,0 0 0 1 2 0 1 0 1,20,122625,16,1962016
5,8,0 0 0 1 2 0 3 0 1,20,121936,8,1950984
5,8,0 0 0 1 2 1 1 0 1,20,121804,0,1948864
5,8,0 0 0 1 2 1 3 0 1,20,122206,8,1955304
5,8,0 0 0 1 2 3 0 0 1,20,122302,8,1956840
5,8,0 0 0 1 2 3 1 0 1,20,122220,8,1955528
5,8,0 0 0 1 2 3 3 0 1,20,121696,0,1947136
5,8,0 0 0 1 3 0 1 0 1,20,122282,8,1956520
5,8,0 0 0 1 3 0 3 0 1,20,122045,0,1952720
5,8,0 0 0 1 3 1 1 0 1,20,122331,8,1957304
5,8,0 0 0 1 3 1 3 0 1,20,121905,0,1950480
5,8,0 0 0 1 3 3 0 0 1,20,122061,8,1952984
5,8,0 0 0 1 3 3 1 0 1,20,121896,8,1950344
5,8,0 0 0 1 3 3 3 0 1,20,122126,0,1954016
5,8,0 0 0 1 4 0 1 0 1,20,122290,16,1956656
5,8,0 0 0 1 4 0 3 0 1,20,122147,0,1954352
5,8,0 0 0 1 4 1 1 0 1,20,122272,0,1956352
5,8,0 0 0 1 4 1 3 0 1,20,122291,8,1956664
5,8,0 0 0 1 4 3 0 0 1,20,122077,8,1953240
5,8,0 0 0 1 4 3 1 0 1,20,122282,8,1956520
5,8,0 0 0 1 4 3 3 0 1,20,122114,0,1953824
5,8,0 0 0 2 0 1 1 0 1,20,121937,0,1950992
5,8,0 0 0 2 0 1 3 0 1,20,122305,8,1956888
5,8,0 0 0 2 0 3 0 0 1,20,121782,8,1948520
5,8,0 0 0 2 0 3 1 0 1,20,122205,16,1955296
5,8,0 0 0 2 0 3 3 0 1,20,121882,16,1950128
5,8,0 0 0 2 1 1 1 0 1,20,121837,0,1949392
5,8,0 0 0 2 1 1 3 0 1,20,122011,0,1952176
5,8,0 0 0 2 1 3 0 0 1,20,122228,16,1955664
5,8,0 0 0 2 1 3 1 0 1,20,122217,0,1955472
5,8,0 0 0 2 1 3 3 0 1,20,122127,8,1954040
5,8,0 0 0 2 2 1 1 0 1,20,122120,8,1953928
5,8,0 0 0 2 2 1 3 0 1,20,122077,0,1953232
5,8,0 0 0 2 2 3 0 0 1,20,121790,0,1948640
5,8,0 0 0 2 2 3 1 0 1,20,122123,16,1953984
5,8,0 0 0 2 2 3 3 0 1,20,122484,0,1959744
5,8,0 0 0 2 3 1 1 0 1,20,121819,8,1949112
5,8,0 0 0 2 3 1 3 0 1,20,122154,8,1954472
5,8,0 0 0 2 3 3 0 0 1,20,121594,0,1945504
5,8,0 0 0 2 3 3 1 0 1,20,122067,8,1953080
5,8,0 0 0 2 3 3 3 0 1,20,122064,0,1953024
5,8,0 0 0 2 4 1 1 0 1,20,122224,0,1955584
5,8,0 0 0 2 4 1 3 0 1,20,122145,0,1954320
5,8,0 0 0 2 4 3 0 0 1,20,122294,16,1956720
5,8,0 0 0 2 4 3 1 0 1,20,121843,8,1949496
5,8,0 0 0 2 4 3 3 0 1,20,121659,8,1946552
5,8,0 0 0 3 0 0 0 0 1,20,122053,0,1952848
5,8,0 0 0 3 0 0 1 0 1,20,122145,8,1954328
5,8,0 0 0 3 0 0 3 0 1,20,122140,0,1954240
5,8,0 0 0 3 0 1 1 0 1,20,122160,0,1954560
5,8,0 0 0 3 0 1 3 0 1,20,121979,0,1951664
5,8,0 0 0 3 0 3 0 0 1,20,121999,16,1952000
5,8,0 0 0 3 0 3 1 0 1,20,122508,16,1960144
5,8,0 0 0 3 0 3 3 0 1,20,121834,8,1949352
5,8,0 0 0 3 1 0 0 0 1,20,122077,0,1953232
5,8,0 0 0 3 1 0 1 0 1,20,121906,0,1950496
5,8,0 0 0 3 1 0 3 0 1,20,122141,8,1954264
5,8,0 0 0 3 1 1 1 0 1,20,122332,0,1957312
5,8,0 0 0 3 1 1 3 0 1,20,121772,0,1948352
5,8,0 0 0 3 1 3 0 0 1,20,121891,8,1950264
5,8,0 0 0 3 1 3 1 0 1,20,122028,0,1952448
5,8,0 0 0 3 1 3 3 0 1,20,122282,8,1956520
5,8,0 0 0 3 2 0 0 0 1,20,121896,0,1950336
5,8,0 0 0 3 2 0 1 0 1,20,121893,0,1950288
5,8,0 0 0 3 2 0 3 0 1,20,122136,0,1954176
5,8,0 0 0 3 2 1 1 0 1,20,122092,8,1953480
5,8,0 0 0 3 2 1 3 0 1,20,122243,0,1955888
5,8,0 0 0 3 2 3 0 0 1,20,122160,0,1954560
5,8,0 0 0 3 2 3 1 0 1,20,122023,0,1952368
5,8,0 0 0 3 2 3 3 0 1,20,121622,8,1945960
5,8,0 0 0 3 3 0 0 0 1,20,121911,0,1950576
5,8,0 0 0 3 3 0 1 0 1,20,121936,8,1950984
5,8,0 0 0 3 3 0 3 0 1,20,121973,8,1951576
5,8,0 0 0 3 3 1 1 0 1,20,122098,8,1953576
5,8,0 0 0 3 3 1 3 0 1,20,121925,8,1950808
5,8,0 0 0 3 3 3 0 0 1,20,122061,8,1952984
5,8,0 0 0 3 3 3 1 0 1,20,122109,8,1953752
5,8,0 0 0 3 3 3 3 0 1,20,122193,8,1955096
5,8,0 0 0 3 4 0 0 0 1,20,121896,0,1950336
5,8,0 0 0 3 4 0 1 0 1,20,121727,0,1947632
5,8,0 0 0 3 4 0 3 0 1,20,121936,16,1950992
5,8,0 0 0 3 4 1 1 0 1,20,121877,8,1950040
5,8,0 0 0 3 4 1 3 0 1,20,121961,0,1951376
5,8,0 0 0 3 4 3 0 0 1,20,121675,0,1946800
5,8,0 0 0 3 4 3 1 0 1,20,121818,8,1949096
5,8,0 0 0 3 4 3 3 0 1,20,121982,8,1951720
5,8,0 0 0 4 0 1 1 0 1,20,122182,8,1954920
5,8,0 0 0 4 0 1 3 0 1,20,121953,8,1951256
5,8,0 0 0 4 0 3 0 0 1,20,122170,0,1954720
5,8,0 0 0 4 0 3 1 0 1,20,122129,0,1954064
5,8,0 0 0 4 0 3 3 0 1,20,122264,8,1956232
5,8,0 0 0 4 1 1 1 0 1,20,121894,8,1950312
5,8,0 0 0 4 1 1 3 0 1,20,121904,16,1950480
5,8,0 0 0 4 1 3 0 0 1,20,121765,24,1948264
5,8,0 0 0 4 1 3 1 0 1,20,122141,8,1954264
5,8,0 0 0 4 1 3 3 0 1,20,122117,0,1953872
5,8,0 0 0 4 2 1 1 0 1,20,121725,0,1947600
5,8,0 0 0 4 2 1 3 0 1,20,122029,8,1952472
5,8,0 0 0 4 2 3 0 0 1,20,122174,16,1954800
5,8,0 0 0 4 2 3 1 0 1,20,122172,8,1954760
5,8,0 0 0 4 2 3 3 0 1,20,121709,0,1947344
5,8,0 0 0 4 3 1 1 0 1,20,122201,0,1955216
5,8,0 0 0 4 3 1 3 0 1,20,122067,16,1953088
5,8,0 0 0 4 3 3 0 0 1,20,121984,0,1951744
5,8,0 0 0 4 3 3 1 0 1,20,122175,0,1954800
5,8,0 0 0 4 3 3 3 0 1,20,122447,0,1959152
5,8,0 0 0 4 4 1 1 0 1,20,122237,8,1955800
5,8,0 0 0 4 4 1 3 0 1,20,121977,0,1951632
5,8,0 0 0 4 4 3 0 0 1,20,121547,8,1944760
5,8,0 0 0 4 4 3 1 0 1,20,122100,0,1953600
5,8,0 0 0 4 4 3 3 0 1,20,121893,0,1950288
5,8,0 0 1 0 0 0 0 0 1,10,122269,0,1956304
5,8,0 0 1 0 0 0 1 0 1,10,121914,8,1950632
5,8,0 0 1 0 0 0 3 0 1,10,121785,12,1948572
5,8,0 0 1 0 0 1 1 0 1,20,122076,0,1953216
5,8,0 0 1 0 0 1 3 0 1,20,122111,8,1953784
5,8,0 0 1 0 0 3 0 0 1,20,122028,8,1952456
5,8,0 0 1 0 0 3 1 0 1,20,122324,0,1957184
5,8,0 0 1 0 0 3 3 0 1,20,121926,8,1950824
5,8,0 0 1 0 1 0 0 0 1,10,122180,0,1954880
5,8,0 0 1 0 1 0 1 0 1,10,121858,8,1949736
5,8,0 0 1 0 1 0 3 0 1,10,122400,0,1958400
5,8,0 0 1 0 1 1 1 0 1,20,121956,0,1951296
5,8,0 0 1 0 1 1 3 0 1,20,121989,8,1951832
5,8,0 0 1 0 1 3 0 0 1,20,122160,0,1954560
5,8,0 0 1 0 1 3 1 0 1,20,122062,0,1952992
5,8,0 0 1 0 1 3 3 0 1,20,121627,0,1946032
5,8,0 0 1 0 2 0 0 0 1,10,122244,0,1955904
5,8,0 0 1 0 2 0 1 0 1,10,121705,16,1947296
5,8,0 0 1 0 2 0 3 0 1,10,122552,0,1960832
5,8,0 0 1 0 2 1 1 0 1,20,122110,0,1953760
5,8,0 0 1 0 2 1 3 0 1,20,122697,8,1963160
5,8,0 0 1 0 2 3 0 0 1,20,122058,0,1952928
5,8,0 0 1 0 2 3 1 0 1,20,122001,16,1952032
5,8,0 0 1 0 2 3 3 0 1,20,122052,0,1952832
5,8,0 0 1 0 3 0 0 0 1,10,122204,8,1955272
5,8,0 0 1 0 3 0 1 0 1,10,122083,0,1953328
5,8,0 0 1 0 3 0 3 0 1,10,123156,0,1970496
5,8,0 0 1 0 3 1 1 0 1,20,122231,0,1955696
5,8,0 0 1 0 3 1 3 0 1,20,121854,8,1949672
5,8,0 0 1 0 3 3 0 0 1,20,122268,8,1956296
5,8,0 0 1 0 3 3 1 0 1,20,122150,8,1954408
5,8,0 0 1 0 3 3 3 0 1,20,122073,8,1953176
5,8,0 0 1 0 4 0 0 0 1,10,122402,16,1958448
5,8,0 0 1 0 4 0 1 0 1,10,122061,0,1952976
5,8,0 0 1 0 4 0 3 0 1,10,122105,8,1953688
5,8,0 0 1 0 4 1 1 0 1,20,122327,8,1957240
5,8,0 0 1 0 4 1 3 0 1,20,122112,8,1953800
5,8,0 0 1 0 4 3 0 0 1,20,121810,8,1948968
5,8,0 0 1 0 4 3 1 0 1,20,122262,0,1956192
5,8,0 0 1 0 4 3 3 0 1,20,122249,0,1955984
5,8,0 0 1 1 0 0 1 0 1,20,121893,8,1950296
5,8,0 0 1 1 0 0 3 0 1,20,121709,8,1947352
5,8,0 0 1 1 0 1 1 0 1,20,122086,8,1953384
5,8,0 0 1 1 0 1 3 0 1,20,122081,8,1953304
5,8,0 0 1 1 0 3 0 0 1,20,122463,8,1959416
5,8,0 0 1 1 0 3 1 0 1,20,122179,0,1954864
5,8,0 0 1 1 0 3 3 0 1,20,121975,0,1951600
5,8,0 0 1 1 1 0 1 0 1,20,121959,0,1951344
5,8,0 0 1 1 1 0 3 0 1,20,122210,8,1955368
5,8,0 0 1 1 1 1 1 0 1,20,121979,0,1951664
5,8,0 0 1 1 1 1 3 0 1,20,121684,8,1946952
5,8,0 0 1 1 1 3 0 0 1,20,122112,8,1953800
5,8,0 0 1 1 1 3 1 0 1,20,122181,0,1954896
5,8,0 0 1 1 1 3 3 0 1,20,122400,8,1958408
5,8,0 0 1 1 2 0 1 0 1,20,122333,0,1957328
5,8,0 0 1 1 2 0 3 0 1,20,122083,0,1953328
5,8,0 0 1 1 2 1 1 0 1,20,122228,0,1955648
5,8,0 0 1 1 2 1 3 0 1,20,122125,0,1954000
5,8,0 0 1 1 2 3 0 0 1,20,122250,8,1956008
5,8,0 0 1 1 2 3 1 0 1,20,122047,8,1952760
5,8,0 0 1 1 2 3 3 0 1,20,122207,16,1955328
5,8,0 0 1 1 3 0 1 0 1,20,121771,8,1948344
5,8,0 0 1 1 3 0 3 0 1,20,122250,0,1956000
5,8,0 0 1 1 3 1 1 0 1,20,121711,8,1947384
5,8,0 0 1 1 3 1 3 0 1,20,121961,16,1951392
5,8,0 0 1 1 3 3 0 0 1,20,121521,0,1944336
5,8,0 0 1 1 3 3 1 0 1,20,122105,0,1953680
5,8,0 0 1 1 3 3 3 0 1,20,122109,8,1953752
5,8,0 0 1 1 4 0 1 0 1,20,122098,8,1953576
5,8,0 0 1 1 4 0 3 0 1,20,122475,0,1959600
5,8,0 0 1 1 4 1 1 0 1,20,121970,8,1951528
5,8,0 0 1 1 4 1 3 0 1,20,121864,16,1949840
5,8,0 0 1 1 4 3 0 0 1,20,122275,8,1956408
5,8,0 0 1 1 4 3 1 0 1,20,122128,0,1954048
5,8,0 0 1 1 4 3 3 0 1,20,122522,8,1960360
5,8,0 0 1 2 0 1 1 0 1,20,122062,8,1953000
5,8,0 0 1 2 0 1 3 0 1,20,121946,8,1951144
5,8,0 0 1 2 0 3 0 0 1,20,122333,8,1957336
5,8,0 0 1 2 0 3 1 0 1,20,122327,0,1957232
5,8,0 0 1 2 0 3 3 0 1,20,121775,16,1948416
5,8,0 0 1 2 1 1 1 0 1,20,122233,0,1955728
5,8,0 0 1 2 1 1 3 0 1,20,122333,0,1957328
5,8,0 0 1 2 1 3 0 0 1,20,121835,0,1949360
5,8,0 0 1 2 1 3 1 0 1,20,122091,0,1953456
5,8,0 0 1 2 1 3 3 0 1,20,122145,0,1954320
5,8,0 0 1 2 2 1 1 0 1,20,122077,8,1953240
5,8,0 0 1 2 2 1 3 0 1,20,121942,0,1951072
5,8,0 0 1 2 2 3 0 0 1,20,122169,24,1954728
5,8,0 0 1 2 2 3 1 0 1,20,122329,8,1957272
5,8,0 0 1 2 2 3 3 0 1,20,122291,0,1956656
5,8,0 0 1 2 3 1 1 0 1,20,122231,8,1955704
5,8,0 0 1 2 3 1 3 0 1,20,122447,8,1959160
5,8,0 0 1 2 3 3 0 0 1,20,122143,8,1954296
5,8,0 0 1 2 3 3 1 0 1,20,122304,0,1956864
5,8,0 0 1 2 3 3 3 0 1,20,122050,16,1952816
5,8,0 0 1 2 4 1 1 0 1,20,121871,0,1949936
5,8,0 0 1 2 4 1 3 0 1,20,122284,0,1956544
5,8,0 0 1 2 4 3 0 0 1,20,121858,0,1949728
5,8,0 0 1 2 4 3 1 0 1,20,122041,8,1952664
5,8,0 0 1 2 4 3 3 0 1,20,122080,0,1953280
5,8,0 0 1 3 0 0 0 0 1,20,121951,8,1951224
5,8,0 0 1 3 0 0 1 0 1,20,122408,0,1958528
5,8,0 0 1 3 0 0 3 0 1,20,121947,0,1951152
5,8,0 0 1 3 0 1 1 0 1,20,121719,0,1947504
5,8,0 0 1 3 0 1 3 0 1,20,121829,0,1949264
5,8,0 0 1 3 0 3 0 0 1,20,122265,16,1956256
5,8,0 0 1 3 0 3 1 0 1,20,122160,8,1954568
5,8,0 0 1 3 0 3 3 0 1,20,121979,8,1951672
5,8,0 0 1 3 1 0 0 0 1,20,122074,16,1953200
5,8,0 0 1 3 1 0 1 0 1,20,121955,8,1951288
5,8,0 0 1 3 1 0 3 0 1,20,122229,8,1955672
5,8,0 0 1 3 1 1 1 0 1,20,122113,0,1953808
5,8,0 0 1 3 1 1 3 0 1,20,121750,0,1948000
5,8,0 0 1 3 1 3 0 0 1,20,122030,0,1952480
5,8,0 0 1 3 1 3 1 0 1,20,121594,8,1945512
5,8,0 0 1 3 1 3 3 0 1,20,122267,16,1956288
5,8,0 0 1 3 2 0 0 0 1,20,121929,0,1950864
5,8,0 0 1 3 2 0 1 0 1,20,121996,8,1951944
5,8,0 0 1 3 2 0 3 0 1,20,121983,8,1951736
5,8,0 0 1 3 2 1 1 0 1,20,122141,0,1954256
5,8,0 0 1 3 2 1 3 0 1,20,121906,0,1950496
5,8,0 0 1 3 2 3 0 0 1,20,122078,0,1953248
5,8,0 0 1 3 2 3 1 0 1,20,122138,0,1954208
5,8,0 0 1 3 2 3 3 0 1,20,122001,0,1952016
5,8,0 0 1 3 3 0 0 0 1,20,122032,0,1952512
5,8,0 0 1 3 3 0 1 0 1,20,121917,0,1950672
5,8,0 0 1 3 3 0 3 0 1,20,122711,16,1963392
5,8,0 0 1 3 3 1 1 0 1,20,122231,0,1955696
5,8,0 0 1 3 3 1 3 0 1,20,122041,0,1952656
5,8,0 0 1 3 3 3 0 0 1,20,122268,8,1956296
5,8,0 0 1 3 3 3 1 0 1,20,122456,24,1959320
5,8,0 0 1 3 3 3 3 0 1,20,121750,8,1948008
5,8,0 0 1 3 4 0 0 0 1,20,122180,8,1954888
5,8,0 0 1 3 4 0 1 0 1,20,122233,8,1955736
5,8,0 0 1 3 4 0 3 0 1,20,122138,8,1954216
5,8,0 0 1 3 4 1 1 0 1,20,121999,0,1951984
5,8,0 0 1 3 4 1 3 0 1,20,122012,0,1952192
5,8,0 0 1 3 4 3 0 0 1,20,122065,8,1953048
5,8,0 0 1 3 4 3 1 0 1,20,121922,8,1950760
5,8,0 0 1 3 4 3 3 0 1,20,122149,0,1954384
5,8,0 0 1 4 0 1 1 0 1,20,122283,8,1956536
5,8,0 0 1 4 0 1 3 0 1,20,122104,0,1953664
5,8,0 0 1 4 0 3 0 0 1,20,122116,0,1953856
5,8,0 0 1 4 0 3 1 0 1,20,121874,8,1949992
5,8,0 0 1 4 0 3 3 0 1,20,121925,8,1950808
5,8,0 0 1 4 1 1 1 0 1,20,122093,16,1953504
5,8,0 0 1 4 1 1 3 0 1,20,121998,0,1951968
5,8,0 0 1 4 1 3 0 0 1,20,122200,0,1955200
5,8,0 0 1 4 1 3 1 0 1,20,121749,0,1947984
5,8,0 0 1 4 1 3 3 0 1,20,122264,8,1956232
5,8,0 0 1 4 2 1 1 0 1,20,121743,8,1947896
5,8,0 0 1 4 2 1 3 0 1,20,122272,0,1956352
5,8,0 0 1 4 2 3 0 0 1,20,122443,0,1959088
5,8,0 0 1 4 2 3 1 0 1,20,122065,8,1953048
5,8,0 0 1 4 2 3 3 0 1,20,121878,0,1950048
5,8,0 0 1 4 3 1 1 0 1,20,121925,0,1950800
5,8,0 0 1 4 3 1 3 0 1,20,121785,0,1948560
5,8,0 0 1 4 3 3 0 0 1,20,121948,8,1951176
5,8,0 0 1 4 3 3 1 0 1,20,121977,16,1951648
5,8,0 0 1 4 3 3 3 0 1,20,121803,0,1948848
5,8,0 0 1 4 4 1 1 0 1,20,121911,16,1950592
5,8,0 0 1 4 4 1 3 0 1,20,122016,8,1952264
5,8,0 0 1 4 4 3 0 0 1,20,121808,0,1948928
5,8,0 0 1 4 4 3 1 0 1,20,121726,0,1947616
5,8,0 0 1 4 4 3 3 0 1,20,121862,0,1949792
5,8,0 0 2 0 0 0 1 0 1,10,121994,8,1951912
5,8,0 0 2 0 0 0 3 0 1,10,122234,8,1955752
5,8,0 0 2 0 0 1 1 0 1,20,122041,16,1952672
5,8,0 0 2 0 0 1 3 0 1,20,122197,8,1955160
5,8,0 0 2 0 0 3 0 0 1,20,121934,0,1950944
5,8,0 0 2 0 0 3 1 0 1,20,122219,0,1955504
5,8,0 0 2 0 0 3 3 0 1,20,122036,0,1952576
5,8,0 0 2 0 1 0 1 0 1,10,122191,0,1955056
5,8,0 0 2 0 1 0 3 0 1,10,121411,0,1942576
5,8,0 0 2 0 1 1 1 0 1,20,121990,0,1951840
5,8,0 0 2 0 1 1 3 0 1,20,121842,8,1949480
5,8,0 0 2 0 1 3 0 0 1,20,121922,0,1950752
5,8,0 0 2 0 1 3 1 0 1,20,122201,8,1955224
5,8,0 0 2 0 1 3 3 0 1,20,122074,0,1953184
5,8,0 0 2 0 2 0 1 0 1,10,121936,8,1950984
5,8,0 0 2 0 2 0 3 0 1,10,121681,0,1946896
5,8,0 0 2 0 2 1 1 0 1,20,121613,8,1945816
5,8,0 0 2 0 2 1 3 0 1,20,122188,0,1955008
5,8,0 0 2 0 2 3 0 0 1,20,122062,0,1952992
5,8,0 0 2 0 2 3 1 0 1,20,122140,8,1954248
5,8,0 0 2 0 2 3 3 0 1,20,122002,8,1952040
5,8,0 0 2 0 3 0 1 0 1,10,121708,0,1947328
5,8,0 0 2 0 3 0 3 0 1,10,121667,16,1946688
5,8,0 0 2 0 3 1 1 0 1,20,121736,8,1947784
5,8,0 0 2 0 3 1 3 0 1,20,122046,0,1952736
5,8,0 0 2 0 3 3 0 0 1,20,122030,0,1952480
5,8,0 0 2 0 3 3 1 0 1,20,121986,0,1951776
5,8,0 0 2 0 3 3 3 0 1,20,122284,0,1956544
5,8,0 0 2 0 4 0 1 0 1,10,121643,0,1946288
5,8,0 0 2 0 4 0 3 0 1,10,122056,10,1952906
5,8,0 0 2 0 4 1 1 0 1,20,122193,8,1955096
5,8,0 0 2 0 4 1 3 0 1,20,122164,0,1954624
5,8,0 0 2 0 4 3 0 0 1,20,121944,16,1951120
5,8,0 0 2 0 4 3 1 0 1,20,121641,0,1946256
5,8,0 0 2 0 4 3 3 0 1,20,122334,0,1957344
5,8,0 0 2 1 0 0 1 0 1,20,122009,0,1952144
5,8,0 0 2 1 0 0 3 0 1,20,122006,8,1952104
5,8,0 0 2 1 0 1 1 0 1,20,122059,0,1952944
5,8,0 0 2 1 0 1 3 0 1,20,122206,0,1955296
5,8,0 0 2 1 0 3 0 0 1,20,122394,0,1958304
5,8,0 0 2 1 0 3 1 0 1,20,121737,8,1947800
5,8,0 0 2 1 0 3 3 0 1,20,122318,8,1957096
5,8,0 0 2 1 1 0 1 0 1,20,122299,8,1956792
5,8,0 0 2 1 1 0 3 0 1,20,121841,0,1949456
5,8,0 0 2 1 1 1 1 0 1,20,122151,0,1954416
5,8,0 0 2 1 1 1 3 0 1,20,122215,8,1955448
5,8,0 0 2 1 1 3 0 0 1,20,122194,8,1955112
5,8,0 0 2 1 1 3 1 0 1,20,122063,8,1953016
5,8,0 0 2 1 1 3 3 0 1,20,122045,0,1952720
5,8,0 0 2 1 2 0 1 0 1,20,122184,0,1954944
5,8,0 0 2 1 2 0 3 0 1,20,121984,0,1951744
5,8,0 0 2 1 2 1 1 0 1,20,122018,8,1952296
5,8,0 0 2 1 2 1 3 0 1,20,122220,8,1955528
5,8,0 0 2 1 2 3 0 0 1,20,121784,8,1948552
5,8,0 0 2 1 2 3 1 0 1,20,122273,8,1956376
5,8,0 0 2 1 2 3 3 0 1,20,122017,0,1952272
5,8,0 0 2 1 3 0 1 0 1,20,122187,0,1954992
5,8,0 0 2 1 3 0 3 0 1,20,122064,0,1953024
5,8,0 0 2 1 3 1 1 0 1,20,122362,16,1957808
5,8,0 0 2 1 3 1 3 0 1,20,122525,8,1960408
5,8,0 0 2 1 3 3 0 0 1,20,122235,0,1955760
5,8,0 0 2 1 3 3 1 0 1,20,122115,0,1953840
5,8,0 0 2 1 3 3 3 0 1,20,122316,16,1957072
5,8,0 0 2 1 4 0 1 0 1,20,121861,0,1949776
5,8,0 0 2 1 4 0 3 0 1,20,122380,0,1958080
5,8,0 0 2 1 4 1 1 0 1,20,122439,0,1959024
5,8,0 0 2 1 4 1 3 0 1,20,122140,8,1954248
5,8,0 0 2 1 4 3 0 0 1,20,122030,0,1952480
5,8,0 0 2 1 4 3 1 0 1,20,121776,0,1948416
5,8,0 0 2 1 4 3 3 0 1,20,122083,0,1953328
5,8,0 0 2 2 0 1 1 0 1,20,122280,0,1956480
5,8,0 0 2 2 0 1 3 0 1,20,121918,8,1950696
5,8,0 0 2 2 0 3 0 0 1,20,122074,0,1953184
5,8,0 0 2 2 0 3 1 0 1,20,122060,0,1952960
5,8,0 0 2 2 0 3 3 0 1,20,122352,8,1957640
5,8,0 0 2 2 1 1 1 0 1,20,121824,0,1949184
5,8,0 0 2 2 1 1 3 0 1,20,122073,8,1953176
5,8,0 0 2 2 1 3 0 0 1,20,122272,0,1956352
5,8,0 0 2 2 1 3 1 0 1,20,121975,0,1951600
5,8,0 0 2 2 1 3 3 0 1,20,121918,8,1950696
5,8,0 0 2 2 2 1 1 0 1,20,122301,0,1956816
5,8,0 0 2 2 2 1 3 0 1,20,121973,16,1951584
5,8,0 0 2 2 2 3 0 0 1,20,122409,8,1958552
5,8,0 0 2 2 2 3 1 0 1,20,122271,8,1956344
5,8,0 0 2 2 2 3 3 0 1,20,122064,16,1953040
5,8,0 0 2 2 3 1 1 0 1,20,122262,8,1956200
5,8,0 0 2 2 3 1 3 0 1,20,122269,8,1956312
5,8,0 0 2 2 3 3 0 0 1,20,122257,8,1956120
5,8,0 0 2 2 3 3 1 0 1,20,121862,0,1949792
5,8,0 0 2 2 3 3 3 0 1,20,121827,0,1949232
5,8,0 0 2 2 4 1 1 0 1,20,122087,16,1953408
5,8,0 0 2 2 4 1 3 0 1,20,122375,0,1958000
5,8,0 0 2 2 4 3 0 0 1,20,121710,0,1947360
5,8,0 0 2 2 4 3 1 0 1,20,122269,8,1956312
5,8,0 0 2 2 4 3 3 0 1,20,122150,0,1954400
5,8,0 0 2 3 0 0 0 0 1,20,121999,8,1951992
5,8,0 0 2 3 0 0 1 0 1,20,122487,8,1959800
5,8,0 0 2 3 0 0 3 0 1,20,122080,0,1953280
5,8,0 0 2 3 0 1 1 0 1,20,122112,8,1953800
5,8,0 0 2 3 0 1 3 0 1,20,121992,8,1951880
5,8,0 0 2 3 0 3 0 0 1,20,122106,8,1953704
5,8,0 0 2 3 0 3 1 0 1,20,122336,8,1957384
5,8,0 0 2 3 0 3 3 0 1,20,122112,16,1953808
5,8,0 0 2 3 1 0 0 0 1,20,122139,0,1954224
5,8,0 0 2 3 1 0 1 0 1,20,122225,0,1955600
5,8,0 0 2 3 1 0 3 0 1,20,121946,0,1951136
5,8,0 0 2 3 1 1 1 0 1,20,122174,0,1954784
5,8,0 0 2 3 1 1 3 0 1,20,122173,16,1954784
5,8,0 0 2 3 1 3 0 0 1,20,121999,8,1951992
5,8,0 0 2 3 1 3 1 0 1,20,122271,0,1956336
5,8,0 0 2 3 1 3 3 0 1,20,122252,0,1956032
5,8,0 0 2 3 2 0 0 0 1,20,121880,8,1950088
5,8,0 0 2 3 2 0 1 0 1,20,122104,0,1953664
5,8,0 0 2 3 2 0 3 0 1,20,121858,0,1949728
5,8,0 0 2 3 2 1 1 0 1,20,122181,0,1954896
5,8,0 0 2 3 2 1 3 0 1,20,122621,0,1961936
5,8,0 0 2 3 2 3 0 0 1,20,122319,8,1957112
5,8,0 0 2 3 2 3 1 0 1,20,122228,24,1955672
5,8,0 0 2 3 2 3 3 0 1,20,122449,0,1959184
5,8,0 0 2 3 3 0 0 0 1,20,122260,0,1956160
5,8,0 0 2 3 3 0 1 0 1,20,121944,0,1951104
5,8,0 0 2 3 3 0 3 0 1,20,121667,0,1946672
5,8,0 0 2 3 3 1 1 0 1,20,121872,8,1949960
5,8,0 0 2 3 3 1 3 0 1,20,121883,0,1950128
5,8,0 0 2 3 3 3 0 0 1,20,121659,16,1946560
5,8,0 0 2 3 3 3 1 0 1,20,122317,0,1957072
5,8,0 0 2 3 3 3 3 0 1,20,122059,0,1952944
5,8,0 0 2 3 4 0 0 0 1,20,122101,8,1953624
5,8,0 0 2 3 4 0 1 0 1,20,121902,8,1950440
5,8,0 0 2 3 4 0 3 0 1,20,122112,0,1953792
5,8,0 0 2 3 4 1 1 0 1,20,121598,0,1945568
5,8,0 0 2 3 4 1 3 0 1,20,121817,8,1949080
5,8,0 0 2 3 4 3 0 0 1,20,121867,8,1949880
5,8,0 0 2 3 4 3 1 0 1,20,122281,8,1956504
5,8,0 0 2 3 4 3 3 0 1,20,122015,0,1952240
5,8,0 0 2 4 0 1 1 0 1,20,122261,8,1956184
5,8,0 0 2 4 0 1 3 0 1,20,121947,16,1951168
5,8,0 0 2 4 0 3 0 0 1,20,122068,16,1953104
5,8,0 0 2 4 0 3 1 0 1,20,121864,8,1949832
5,8,0 0 2 4 0 3 3 0 1,20,122399,16,1958400
5,8,0 0 2 4 1 1 1 0 1,20,121933,8,1950936
5,8,0 0 2 4 1 1 3 0 1,20,122027,0,1952432
5,8,0 0 2 4 1 3 0 0 1,20,121827,0,1949232
5,8,0 0 2 4 1 3 1 0 1,20,121964,0,1951424
5,8,0 0 2 4 1 3 3 0 1,20,121978,0,1951648
5,8,0 0 2 4 2 1 1 0 1,20,121968,8,1951496
5,8,0 0 2 4 2 1 3 0 1,20,121739,0,1947824
5,8,0 0 2 4 2 3 0 0 1,20,122047,0,1952752
5,8,0 0 2 4 2 3 1 0 1,20,121730,0,1947680
5,8,0 0 2 4 2 3 3 0 1,20,122066,8,1953064
5,8,0 0 2 4 3 1 1 0 1,20,122395,8,1958328
5,8,0 0 2 4 3 1 3 0 1,20,122231,0,1955696
5,8,0 0 2 4 3 3 0 0 1,20,121910,0,1950560
5,8,0 0 2 4 3 3 1 0 1,20,121769,16,1948320
5,8,0 0 2 4 3 3 3 0 1,20,121742,16,1947888
5,8,0 0 2 4 4 1 1 0 1,20,122078,16,1953264
5,8,0 0 2 4 4 1 3 0 1,20,122153,0,1954448
5,8,0 0 2 4 4 3 0 0 1,20,122052,8,1952840
5,8,0 0 2 4 4 3 1 0 1,20,121932,0,1950912
5,8,0 0 2 4 4 3 3 0 1,20,122323,0,1957168
5,8,0 0 3 0 0 0 0 0 1,10,122057,0,1952912
5,8,0 0 3 0 0 0 1 0 1,10,121637,12,1946204
5,8,0 0 3 0 0 0 3 0 1,10,122020,8,1952328
5,8,0 0 3 0 0 1 1 0 1,20,122232,8,1955720
5,8,0 0 3 0 0 1 3 0 1,20,122124,8,1953992
5,8,0 0 3 0 0 3 0 0 1,20,122081,8,1953304
5,8,0 0 3 0 0 3 1 0 1,20,121726,0,1947616
5,8,0 0 3 0 0 3 3 0 1,20,121741,8,1947864
5,8,0 0 3 0 1 0 0 0 1,10,122018,16,1952304
5,8,0 0 3 0 1 0 1 0 1,10,122223,8,1955576
5,8,0 0 3 0 1 0 3 0 1,10,122680,8,1962888
5,8,0 0 3 0 1 1 1 0 1,20,121916,8,1950664
5,8,0 0 3 0 1 1 3 0 1,20,122094,0,1953504
5,8,0 0 3 0 1 3 0 0 1,20,121835,0,1949360
5,8,0 0 3 0 1 3 1 0 1,20,121826,0,1949216
5,8,0 0 3 0 1 3 3 0 1,20,122257,0,1956112
5,8,0 0 3 0 2 0 0 0 1,10,122370,8,1957928
5,8,0 0 3 0 2 0 1 0 1,10,121596,0,1945536
5,8,0 0 3 0 2 0 3 0 1,10,122354,8,1957672
5,8,0 0 3 0 2 1 1 0 1,20,121821,0,1949136
5,8,0 0 3 0 2 1 3 0 1,20,121657,16,1946528
5,8,0 0 3 0 2 3 0 0 1,20,121869,8,1949912
5,8,0 0 3 0 2 3 1 0 1,20,121928,0,1950848
5,8,0 0 3 0 2 3 3 0 1,20,121942,8,1951080
5,8,0 0 3 0 3 0 0 0 1,10,121790,0,1948640
5,8,0 0 3 0 3 0 1 0 1,10,122212,0,1955392
5,8,0 0 3 0 3 0 3 0 1,10,121434,0,1942944
5,8,0 0 3 0 3 1 1 0 1,20,122028,8,1952456
5,8,0 0 3 0 3 1 3 0 1,20,121986,8,1951784
5,8,0 0 3 0 3 3 0 0 1,20,122208,8,1955336
5,8,0 0 3 0 3 3 1 0 1,20,122127,16,1954048
5,8,0 0 3 0 3 3 3 0 1,20,122053,8,1952856
5,8,0 0 3 0 4 0 0 0 1,10,122374,0,1957984
5,8,0 0 3 0 4 0 1 0 1,10,121720,0,1947520
5,8,0 0 3 0 4 0 3 0 1,10,122243,8,1955896
5,8,0 0 3 0 4 1 1 0 1,20,122184,8,1954952
5,8,0 0 3 0 4 1 3 0 1,20,122077,8,1953240
5,8,0 0 3 0 4 3 0 0 1,20,122020,16,1952336
5,8,0 0 3 0 4 3 1 0 1,20,121880,0,1950080
5,8,0 0 3 0 4 3 3 0 1,20,122093,8,1953496
5,8,0 0 3 1 0 0 1 0 1,20,122041,8,1952664
5,8,0 0 3 1 0 0 3 0 1,20,121904,8,1950472
5,8,0 0 3 1 0 1 1 0 1,20,122010,16,1952176
5,8,0 0 3 1 0 1 3 0 1,20,122124,0,1953984
5,8,0 0 3 1 0 3 0 0 1,20,122129,0,1954064
5,8,0 0 3 1 0 3 1 0 1,20,121818,0,1949088
5,8,0 0 3 1 0 3 3 0 1,20,122083,0,1953328
5,8,0 0 3 1 1 0 1 0 1,20,122104,16,1953680
5,8,0 0 3 1 1 0 3 0 1,20,121982,8,1951720
5,8,0 0 3 1 1 1 1 0 1,20,122310,8,1956968
5,8,0 0 3 1 1 1 3 0 1,20,122302,8,1956840
5,8,0 0 3 1 1 3 0 0 1,20,121732,8,1947720
5,8,0 0 3 1 1 3 1 0 1,20,122113,8,1953816
5,8,0 0 3 1 1 3 3 0 1,20,122168,0,1954688
5,8,0 0 3 1 2 0 1 0 1,20,122031,8,1952504
5,8,0 0 3 1 2 0 3 0 1,20,121914,8,1950632
5,8,0 0 3 1 2 1 1 0 1,20,121780,8,1948488
5,8,0 0 3 1 2 1 3 0 1,20,122035,8,1952568
5,8,0 0 3 1 2 3 0 0 1,20,122152,0,1954432
5,8,0 0 3 1 2 3 1 0 1,20,121896,0,1950336
5,8,0 0 3 1 2 3 3 0 1,20,122208,0,1955328
5,8,0 0 3 1 3 0 1 0 1,20,122154,0,1954464
5,8,0 0 3 1 3 0 3 0 1,20,122177,0,1954832
5,8,0 0 3 1 3 1 1 0 1,20,121790,16,1948656
5,8,0 0 3 1 3 1 3 0 1,20,122118,0,1953888
5,8,0 0 3 1 3 3 0 0 1,20,121968,8,1951496
5,8,0 0 3 1 3 3 1 0 1,20,121966,8,1951464
5,8,0 0 3 1 3 3 3 0 1,20,122056,0,1952896
5,8,0 0 3 1 4 0 1 0 1,20,122201,0,1955216
5,8,0 0 3 1 4 0 3 0 1,20,122119,8,1953912
5,8,0 0 3 1 4 1 1 0 1,20,122104,16,1953680
5,8,0 0 3 1 4 1 3 0 1,20,122085,8,1953368
5,8,0 0 3 1 4 3 0 0 1,20,121981,0,1951696
5,8,0 0 3 1 4 3 1 0 1,20,122321,8,1957144
5,8,0 0 3 1 4 3 3 0 1,20,122100,8,1953608
5,8,0 0 3 2 0 1 1 0 1,20,122409,8,1958552
5,8,0 0 3 2 0 1 3 0 1,20,122174,0,1954784
5,8,0 0 3 2 0 3 0 0 1,20,122063,16,1953024
5,8,0 0 3 2 0 3 1 0 1,20,122150,0,1954400
5,8,0 0 3 2 0 3 3 0 1,20,122042,8,1952680
5,8,0 0 3 2 1 1 1 0 1,20,121900,0,1950400
5,8,0 0 3 2 1 1 3 0 1,20,121920,0,1950720
5,8,0 0 3 2 1 3 0 0 1,20,122142,8,1954280
5,8,0 0 3 2 1 3 1 0 1,20,122004,0,1952064
5,8,0 0 3 2 1 3 3 0 1,20,122208,0,1955328
5,8,0 0 3 2 2 1 1 0 1,20,122123,8,1953976
5,8,0 0 3 2 2 1 3 0 1,20,121878,0,1950048
5,8,0 0 3 2 2 3 0 0 1,20,122087,0,1953392
5,8,0 0 3 2 2 3 1 0 1,20,121780,0,1948480
5,8,0 0 3 2 2 3 3 0 1,20,122393,8,1958296
5,8,0 0 3 2 3 1 1 0 1,20,122105,0,1953680
5,8,0 0 3 2 3 1 3 0 1,20,121898,0,1950368
5,8,0 0 3 2 3 3 0 0 1,20,121808,8,1948936
5,8,0 0 3 2 3 3 1 0 1,20,122321,8,1957144
5,8,0 0 3 2 3 3 3 0 1,20,122303,24,1956872
5,8,0 0 3 2 4 1 1 0 1,20,121965,0,1951440
5,8,0 0 3 2 4 1 3 0 1,20,121778,0,1948448
5,8,0 0 3 2 4 3 0 0 1,20,121606,0,1945696
5,8,0 0 3 2 4 3 1 0 1,20,122350,0,1957600
5,8,0 0 3 2 4 3 3 0 1,20,122167,0,1954672
5,8,0 0 3 3 0 0 0 0 1,20,121914,8,1950632
5,8,0 0 3 3 0 0 1 0 1,20,121851,8,1949624
5,8,0 0 3 3 0 0 3 0 1,20,121944,0,1951104
5,8,0 0 3 3 0 1 1 0 1,20,122143,0,1954288
5,8,0 0 3 3 0 1 3 0 1,20,122447,0,1959152
5,8,0 0 3 3 0 3 0 0 1,20,121766,8,1948264
5,8,0 0 3 3 0 3 1 0 1,20,121947,0,1951152
5,8,0 0 3 3 0 3 3 0 1,20,122434,16,1958960
5,8,0 0 3 3 1 0 0 0 1,20,121981,8,1951704
5,8,0 0 3 3 1 0 1 0 1,20,121859,8,1949752
5,8,0 0 3 3 1 0 3 0 1,20,122053,8,1952856
5,8,0 0 3 3 1 1 1 0 1,20,121722,8,1947560
5,8,0 0 3 3 1 1 3 0 1,20,122171,8,1954744
5,8,0 0 3 3 1 3 0 0 1,20,122075,0,1953200
5,8,0 0 3 3 1 3 1 0 1,20,122259,16,1956160
5,8,0 0 3 3 1 3 3 0 1,20,122057,0,1952912
5,8,0 0 3 3 2 0 0 0 1,20,122230,8,1955688
5,8,0 0 3 3 2 0 1 0 1,20,122372,16,1957968
5,8,0 0 3 3 2 0 3 0 1,20,121664,8,1946632
5,8,0 0 3 3 2 1 1 0 1,20,122179,16,1954880
5,8,0 0 3 3 2 1 3 0 1,20,121913,0,1950608
5,8,0 0 3 3 2 3 0 0 1,20,122012,0,1952192
5,8,0 0 3 3 2 3 1 0 1,20,121505,0,1944080
5,8,0 0 3 3 2 3 3 0 1,20,122194,0,1955104
5,8,0 0 3 3 3 0 0 0 1,20,121720,0,1947520
5,8,0 0 3 3 3 0 1 0 1,20,121845,0,1949520
5,8,0 0 3 3 3 0 3 0 1,20,122028,8,1952456
5,8,0 0 3 3 3 1 1 0 1,20,122178,0,1954848
5,8,0 0 3 3 3 1 3 0 1,20,122079,0,1953264
5,8,0 0 3 3 3 3 0 0 1,20,121768,8,1948296
5,8,0 0 3 3 3 3 1 0 1,20,122138,0,1954208
5,8,0 0 3 3 3 3 3 0 1,20,122269,0,1956304
5,8,0 0 3 3 4 0 0 0 1,20,121749,0,1947984
5,8,0 0 3 3 4 0 1 0 1,20,122056,8,1952904
5,8,0 0 3 3 4 0 3 0 1,20,121890,0,1950240
5,8,0 0 3 3 4 1 1 0 1,20,122009,8,1952152
5,8,0 0 3 3 4 1 3 0 1,20,121882,8,1950120
5,8,0 0 3 3 4 3 0 0 1,20,121908,8,1950536
5,8,0 0 3 3 4 3 1 0 1,20,121840,8,1949448
5,8,0 0 3 3 4 3 3 0 1,20,121955,8,1951288
5,8,0 0 3 4 0 1 1 0 1,20,122199,0,1955184
5,8,0 0 3 4 0 1 3 0 1,20,121893,0,1950288
5,8,0 0 3 4 0 3 0 0 1,20,121979,0,1951664
5,8,0 0 3 4 0 3 1 0 1,20,122186,8,1954984
5,8,0 0 3 4 0 3 3 0 1,20,122408,0,1958528
5,8,0 0 3 4 1 1 1 0 1,20,122245,8,1955928
5,8,0 0 3 4 1 1 3 0 1,20,122054,8,1952872
5,8,0 0 3 4 1 3 0 0 1,20,122090,0,1953440
5,8,0 0 3 4 1 3 1 0 1,20,121956,8,1951304
5,8,0 0 3 4 1 3 3 0 1,20,122427,8,1958840
5,8,0 0 3 4 2 1 1 0 1,20,122325,0,1957200
5,8,0 0 3 4 2 1 3 0 1,20,122070,8,1953128
5,8,0 0 3 4 2 3 0 0 1,20,122467,0,1959472
5,8,0 0 3 4 2 3 1 0 1,20,121911,0,1950576
5,8,0 0 3 4 2 3 3 0 1,20,121757,0,1948112
5,8,0 0 3 4 3 1 1 0 1,20,122195,0,1955120
5,8,0 0 3 4 3 1 3 0 1,20,122108,8,1953736
5,8,0 0 3 4 3 3 0 0 1,20,122208,8,1955336
5,8,0 0 3 4 3 3 1 0 1,20,121873,8,1949976
5,8,0 0 3 4 3 3 3 0 1,20,122102,0,1953632
5,8,0 0 3 4 4 1 1 0 1,20,122495,16,1959936
5,8,0 0 3 4 4 1 3 0 1,20,122059,0,1952944
5,8,0 0 3 4 4 3 0 0 1,20,122013,8,1952216
5,8,0 0 3 4 4 3 1 0 1,20,122088,0,1953408
5,8,0 0 3 4 4 3 3 0 1,20,121851,0,1949616
5,8,0 0 4 0 0 0 1 0 1,10,121980,8,1951688
5,8,0 0 4 0 0 0 3 0 1,10,122012,8,1952200
5,8,0 0 4 0 0 1 1 0 1,20,121910,0,1950560
5,8,0 0 4 0 0 1 3 0 1,20,121980,0,1951680
5,8,0 0 4 0 0 3 0 0 1,20,121946,0,1951136
5,8,0 0 4 0 0 3 1 0 1,20,122187,8,1955000
5,8,0 0 4 0 0 3 3 0 1,20,122155,8,1954488
5,8,0 0 4 0 1 0 1 0 1,10,122043,8,1952696
5,8,0 0 4 0 1 0 3 0 1,10,121781,0,1948496
5,8,0 0 4 0 1 1 1 0 1,20,122058,0,1952928
5,8,0 0 4 0 1 1 3 0 1,20,121944,0,1951104
5,8,0 0 4 0 1 3 0 0 1,20,122229,0,1955664
5,8,0 0 4 0 1 3 1 0 1,20,121733,0,1947728
5,8,0 0 4 0 1 3 3 0 1,20,121788,8,1948616
5,8,0 0 4 0 2 0 1 0 1,10,121632,0,1946112
5,8,0 0 4 0 2 0 3 0 1,10,122470,0,1959520
5,8,0 0 4 0 2 1 1 0 1,20,122400,0,1958400
5,8,0 0 4 0 2 1 3 0 1,20,122302,8,1956840
5,8,0 0 4 0 2 3 0 0 1,20,122175,8,1954808
5,8,0 0 4 0 2 3 1 0 1,20,121637,0,1946192
5,8,0 0 4 0 2 3 3 0 1,20,122077,0,1953232
5,8,0 0 4 0 3 0 1 0 1,10,121912,8,1950600
5,8,0 0 4 0 3 0 3 0 1,10,122546,8,1960744
5,8,0 0 4 0 3 1 1 0 1,20,121859,8,1949752
5,8,0 0 4 0 3 1 3 0 1,20,122461,0,1959376
5,8,0 0 4 0 3 3 0 0 1,20,122366,8,1957864
5,8,0 0 4 0 3 3 1 0 1,20,122516,8,1960264
5,8,0 0 4 0 3 3 3 0 1,20,122162,0,1954592
5,8,0 0 4 0 4 0 1 0 1,10,122154,8,1954472
5,8,0 0 4 0 4 0 3 0 1,10,121923,0,1950768
5,8,0 0 4 0 4 1 1 0 1,20,121893,0,1950288
5,8,0 0 4 0 4 1 3 0 1,20,122255,8,1956088
5,8,0 0 4 0 4 3 0 0 1,20,122383,8,1958136
5,8,0 0 4 0 4 3 1 0 1,20,122489,0,1959824
5,8,0 0 4 0 4 3 3 0 1,20,121790,0,1948640
5,8,0 0 4 1 0 0 1 0 1,20,121986,0,1951776
5,8,0 0 4 1 0 0 3 0 1,20,122161,0,1954576
5,8,0 0 4 1 0 1 1 0 1,20,122087,8,1953400
5,8,0 0 4 1 0 1 3 0 1,20,122170,8,1954728
5,8,0 0 4 1 0 3 0 0 1,20,122026,0,1952416
5,8,0 0 4 1 0 3 1 0 1,20,122143,0,1954288
5,8,0 0 4 1 0 3 3 0 1,20,122218,8,1955496
5,8,0 0 4 1 1 0 1 0 1,20,122340,8,1957448
5,8,0 0 4 1 1 0 3 0 1,20,121767,8,1948280
5,8,0 0 4 1 1 1 1 0 1,20,122200,0,1955200
5,8,0 0 4 1 1 1 3 0 1,20,122118,0,1953888
5,8,0 0 4 1 1 3 0 0 1,20,122091,8,1953464
5,8,0 0 4 1 1 3 1 0 1,20,121928,8,1950856
5,8,0 0 4 1 1 3 3 0 1,20,122012,0,1952192
5,8,0 0 4 1 2 0 1 0 1,20,122245,8,1955928
5,8,0 0 4 1 2 0 3 0 1,20,121912,0,1950592
5,8,0 0 4 1 2 1 1 0 1,20,122616,8,1961864
5,8,0 0 4 1 2 1 3 0 1,20,122087,8,1953400
5,8,0 0 4 1 2 3 0 0 1,20,122060,8,1952968
5,8,0 0 4 1 2 3 1 0 1,20,122017,8,1952280
5,8,0 0 4 1 2 3 3 0 1,20,122021,0,1952336
5,8,0 0 4 1 3 0 1 0 1,20,122062,8,1953000
5,8,0 0 4 1 3 0 3 0 1,20,122226,8,1955624
5,8,0 0 4 1 3 1 1 0 1,20,121988,0,1951808
5,8,0 0 4 1 3 1 3 0 1,20,121972,0,1951552
5,8,0 0 4 1 3 3 0 0 1,20,121904,0,1950464
5,8,0 0 4 1 3 3 1 0 1,20,122162,0,1954592
5,8,0 0 4 1 3 3 3 0 1,20,122004,0,1952064
5,8,0 0 4 1 4 0 1 0 1,20,122071,0,1953136
5,8,0 0 4 1 4 0 3 0 1,20,122098,8,1953576
5,8,0 0 4 1 4 1 1 0 1,20,122076,0,1953216
5,8,0 0 4 1 4 1 3 0 1,20,121952,8,1951240
5,8,0 0 4 1 4 3 0 0 1,20,121936,0,1950976
5,8,0 0 4 1 4 3 1 0 1,20,122171,16,1954752
5,8,0 0 4 1 4 3 3 0 1,20,122375,0,1958000
5,8,0 0 4 2 0 1 1 0 1,20,121841,0,1949456
5,8,0 0 4 2 0 1 3 0 1,20,122478,0,1959648
5,8,0 0 4 2 0 3 0 0 1,20,121963,8,1951416
5,8,0 0 4 2 0 3 1 0 1,20,122309,8,1956952
5,8,0 0 4 2 0 3 3 0 1,20,122221,0,1955536
5,8,0 0 4 2 1 1 1 0 1,20,121898,8,1950376
5,8,0 0 4 2 1 1 3 0 1,20,122125,0,1954000
5,8,0 0 4 2 1 3 0 0 1,20,122068,16,1953104
5,8,0 0 4 2 1 3 1 0 1,20,122495,8,1959928
5,8,0 0 4 2 1 3 3 0 1,20,122343,8,1957496
5,8,0 0 4 2 2 1 1 0 1,20,122114,16,1953840
5,8,0 0 4 2 2 1 3 0 1,20,122011,8,1952184
5,8,0 0 4 2 2 3 0 0 1,20,121883,0,1950128
5,8,0 0 4 2 2 3 1 0 1,20,122022,8,1952360
5,8,0 0 4 2 2 3 3 0 1,20,122489,0,1959824
5,8,0 0 4 2 3 1 1 0 1,20,122169,0,1954704
5,8,0 0 4 2 3 1 3 0 1,20,122128,0,1954048
5,8,0 0 4 2 3 3 0 0 1,20,122066,8,1953064
5,8,0 0 4 2 3 3 1 0 1,20,121815,0,1949040
5,8,0 0 4 2 3 3 3 0 1,20,122261,0,1956176
5,8,0 0 4 2 4 1 1 0 1,20,122259,8,1956152
5,8,0 0 4 2 4 1 3 0 1,20,121750,8,1948008
5,8,0 0 4 2 4 3 0 0 1,20,122158,8,1954536
5,8,0 0 4 2 4 3 1 0 1,20,121930,8,1950888
5,8,0 0 4 2 4 3 3 0 1,20,121951,0,1951216
5,8,0 0 4 3 0 0 0 0 1,20,122136,8,1954184
5,8,0 0 4 3 0 0 1 0 1,20,121952,8,1951240
5,8,0 0 4 3 0 0 3 0 1,20,121868,16,1949904
5,8,0 0 4 3 0 1 1 0 1,20,121980,8,1951688
5,8,0 0 4 3 0 1 3 0 1,20,122067,8,1953080
5,8,0 0 4 3 0 3 0 0 1,20,122133,8,1954136
5,8,0 0 4 3 0 3 1 0 1,20,121951,16,1951232
5,8,0 0 4 3 0 3 3 0 1,20,121780,8,1948488
5,8,0 0 4 3 1 0 0 0 1,20,122162,8,1954600
5,8,0 0 4 3 1 0 1 0 1,20,121934,0,1950944
5,8,0 0 4 3 1 0 3 0 1,20,122367,0,1957872
5,8,0 0 4 3 1 1 1 0 1,20,121985,16,1951776
5,8,0 0 4 3 1 1 3 0 1,20,122150,0,1954400
5,8,0 0 4 3 1 3 0 0 1,20,122169,0,1954704
5,8,0 0 4 3 1 3 1 0 1,20,122079,0,1953264
5,8,0 0 4 3 1 3 3 0 1,20,122057,16,1952928
5,8,0 0 4 3 2 0 0 0 1,20,121804,0,1948864
5,8,0 0 4 3 2 0 1 0 1,20,121731,0,1947696
5,8,0 0 4 3 2 0 3 0 1,20,121963,0,1951408
5,8,0 0 4 3 2 1 1 0 1,20,122268,0,1956288
5,8,0 0 4 3 2 1 3 0 1,20,122389,8,1958232
5,8,0 0 4 3 2 3 0 0 1,20,122020,8,1952328
5,8,0 0 4 3 2 3 1 0 1,20,122052,0,1952832
5,8,0 0 4 3 2 3 3 0 1,20,122143,8,1954296
5,8,0 0 4 3 3 0 0 0 1,20,121829,8,1949272
5,8,0 0 4 3 3 0 1 0 1,20,122432,8,1958920
5,8,0 0 4 3 3 0 3 0 1,20,121894,0,1950304
5,8,0 0 4 3 3 1 1 0 1,20,122104,16,1953680
5,8,0 0 4 3 3 1 3 0 1,20,122016,8,1952264
5,8,0 0 4 3 3 3 0 0 1,20,121826,8,1949224
5,8,0 0 4 3 3 3 1 0 1,20,122008,0,1952128
5,8,0 0 4 3 3 3 3 0 1,20,121752,16,1948048
5,8,0 0 4 3 4 0 0 0 1,20,121967,16,1951488
5,8,0 0 4 3 4 0 1 0 1,20,121983,0,1951728
5,8,0 0 4 3 4 0 3 0 1,20,121970,0,1951520
5,8,0 0 4 3 4 1 1 0 1,20,122078,8,1953256
5,8,0 0 4 3 4 1 3 0 1,20,122307,0,1956912
5,8,0 0 4 3 4 3 0 0 1,20,121911,0,1950576
5,8,0 0 4 3 4 3 1 0 1,20,122331,16,1957312
5,8,0 0 4 3 4 3 3 0 1,20,121850,8,1949608
5,8,0 0 4 4 0 1 1 0 1,20,122118,8,1953896
5,8,0 0 4 4 0 1 3 0 1,20,122653,16,1962464
5,8,0 0 4 4 0 3 0 0 1,20,122016,0,1952256
5,8,0 0 4 4 0 3 1 0 1,20,122188,0,1955008
5,8,0 0 4 4 0 3 3 0 1,20,122079,8,1953272
5,8,0 0 4 4 1 1 1 0 1,20,122120,0,1953920
5,8,0 0 4 4 1 1 3 0 1,20,121650,8,1946408
5,8,0 0 4 4 1 3 0 0 1,20,122184,0,1954944
5,8,0 0 4 4 1 3 1 0 1,20,122194,0,1955104
5,8,0 0 4 4 1 3 3 0 1,20,122313,0,1957008
5,8,0 0 4 4 2 1 1 0 1,20,122063,0,1953008
5,8,0 0 4 4 2 1 3 0 1,20,122313,16,1957024
5,8,0 0 4 4 2 3 0 0 1,20,121693,0,1947088
5,8,0 0 4 4 2 3 1 0 1,20,122183,8,1954936
5,8,0 0 4 4 2 3 3 0 1,20,122132,0,1954112
5,8,0 0 4 4 3 1 1 0 1,20,122008,8,1952136
5,8,0 0 4 4 3 1 3 0 1,20,122260,0,1956160
5,8,0 0 4 4 3 3 0 0 1,20,122159,0,1954544
5,8,0 0 4 4 3 3 1 0 1,20,122071,0,1953136
5,8,0 0 4 4 3 3 3 0 1,20,122340,0,1957440
5,8,0 0 4 4 4 1 1 0 1,20,121958,0,1951328
5,8,0 0 4 4 4 1 3 0 1,20,121937,0,1950992
5,8,0 0 4 4 4 3 0 0 1,20,121866,0,1949856
5,8,0 0 4 4 4 3 1 0 1,20,122089,0,1953424
5,8,0 0 4 4 4 3 3 0 1,20,121843,8,1949496
5,8,0 1 0 0 0 0 1 0 1,20,121775,0,1948400
5,8,0 1 0 0 0 0 3 0 1,20,122435,0,1958960
5,8,0 1 0 0 0 1 1 0 1,20,122357,8,1957720
5,8,0 1 0 0 0 1 3 0 1,20,121816,8,1949064
5,8,0 1 0 0 0 3 0 0 1,20,122156,0,1954496
5,8,0 1 0 0 0 3 1 0 1,20,122281,8,1956504
5,8,0 1 0 0 0 3 3 0 1,20,121937,0,1950992
5,8,0 1 0 0 1 0 1 0 1,20,122003,8,1952056
5,8,0 1 0 0 1 0 3 0 1,20,122036,8,1952584
5,8,0 1 0 0 1 1 1 0 1,20,122097,0,1953552
5,8,0 1 0 0 1 1 3 0 1,20,122127,0,1954032
5,8,0 1 0 0 1 3 0 0 1,20,122214,0,1955424
5,8,0 1 0 0 1 3 1 0 1,20,122026,8,1952424
5,8,0 1 0 0 1 3 3 0 1,20,122080,0,1953280
5,8,0 1 0 0 2 0 1 0 1,20,121958,8,1951336
5,8,0 1 0 0 2 0 3 0 1,20,121898,8,1950376
5,8,0 1 0 0 2 1 1 0 1,20,122155,0,1954480
5,8,0 1 0 0 2 1 3 0 1,20,122048,0,1952768
5,8,0 1 0 0 2 3 0 0 1,20,122346,8,1957544
5,8,0 1 0 0 2 3 1 0 1,20,122150,0,1954400
5,8,0 1 0 0 2 3 3 0 1,20,121987,8,1951800
5,8,0 1 0 0 3 0 1 0 1,20,121757,8,1948120
5,8,0 1 0 0 3 0 3 0 1,20,121863,8,1949816
5,8,0 1 0 0 3 1 1 0 1,20,121946,0,1951136
5,8,0 1 0 0 3 1 3 0 1,20,121847,16,1949568
5,8,0 1 0 0 3 3 0 0 1,20,121987,0,1951792
5,8,0 1 0 0 3 3 1 0 1,20,122115,0,1953840
5,8,0 1 0 0 3 3 3 0 1,20,121943,8,1951096
5,8,0 1 0 0 4 0 1 0 1,20,122038,8,1952616
5,8,0 1 0 0 4 0 3 0 1,20,122004,8,1952072
5,8,0 1 0 0 4 1 1 0 1,20,121995,0,1951920
5,8,0 1 0 0 4 1 3 0 1,20,122413,8,1958616
5,8,0 1 0 0 4 3 0 0 1,20,122262,0,1956192
5,8,0 1 0 0 4 3 1 0 1,20,122385,0,1958160
5,8,0 1 0 0 4 3 3 0 1,20,122079,16,1953280
5,8,0 1 0 1 0 0 1 0 1,20,121799,0,1948784
5,8,0 1 0 1 0 0 3 0 1,20,121858,8,1949736
5,8,0 1 0 1 0 1 1 0 1,20,122342,0,1957472
5,8,0 1 0 1 0 1 3 0 1,20,122348,8,1957576
5,8,0 1 0 1 0 3 0 0 1,20,122190,16,1955056
5,8,0 1 0 1 0 3 1 0 1,20,122018,8,1952296
5,8,0 1 0 1 0 3 3 0 1,20,122147,0,1954352
5,8,0 1 0 1 1 0 1 0 1,20,121798,8,1948776
5,8,0 1 0 1 1 0 3 0 1,20,122143,8,1954296
5,8,0 1 0 1 1 1 1 0 1,20,122147,0,1954352
5,8,0 1 0 1 1 1 3 0 1,20,122370,0,1957920
5,8,0 1 0 1 1 3 0 0 1,20,122131,8,1954104
5,8,0 1 0 1 1 3 1 0 1,20,121814,16,1949040
5,8,0 1 0 1 1 3 3 0 1,20,122062,0,1952992
5,8,0 1 0 1 2 0 1 0 1,20,121804,8,1948872
5,8,0 1 0 1 2 0 3 0 1,20,122159,0,1954544
5,8,0 1 0 1 2 1 1 0 1,20,122090,8,1953448
5,8,0 1 0 1 2 1 3 0 1,20,122009,8,1952152
5,8,0 1 0 1 2 3 0 0 1,20,122069,0,1953104
5,8,0 1 0 1 2 3 1 0 1,20,122180,0,1954880
5,8,0 1 0 1 2 3 3 0 1,20,122006,8,1952104
5,8,0 1 0 1 3 0 1 0 1,20,122162,0,1954592
5,8,0 1 0 1 3 0 3 0 1,20,121880,0,1950080
5,8,0 1 0 1 3 1 1 0 1,20,121887,0,1950192
5,8,0 1 0 1 3 1 3 0 1,20,122130,8,1954088
5,8,0 1 0 1 3 3 0 0 1,20,122069,8,1953112
5,8,0 1 0 1 3 3 1 0 1,20,121984,0,1951744
5,8,0 1 0 1 3 3 3 0 1,20,121939,8,1951032
5,8,0 1 0 1 4 0 1 0 1,20,122026,8,1952424
5,8,0 1 0 1 4 0 3 0 1,20,122092,0,1953472
5,8,0 1 0 1 4 1 1 0 1,20,122099,0,1953584
5,8,0 1 0 1 4 1 3 0 1,20,122069,8,1953112
5,8,0 1 0 1 4 3 0 0 1,20,122304,8,1956872
5,8,0 1 0 1 4 3 1 0 1,20,122078,0,1953248
5,8,0 1 0 1 4 3 3 0 1,20,122308,0,1956928
5,8,0 1 0 2 0 1 1 0 1,20,121803,8,1948856
5,8,0 1 0 2 0 1 3 0 1,20,121981,8,1951704
5,8,0 1 0 2 0 3 0 0 1,20,122230,16,1955696
5,8,0 1 0 2 0 3 1 0 1,20,122367,8,1957880
5,8,0 1 0 2 0 3 3 0 1,20,122238,0,1955808
5,8,0 1 0 2 1 1 1 0 1,20,122479,8,1959672
5,8,0 1 0 2 1 1 3 0 1,20,122155,0,1954480
5,8,0 1 0 2 1 3 0 0 1,20,122299,0,1956784
5,8,0 1 0 2 1 3 1 0 1,20,122243,8,1955896
5,8,0 1 0 2 1 3 3 0 1,20,121798,8,1948776
5,8,0 1 0 2 2 1 1 0 1,20,122101,8,1953624
5,8,0 1 0 2 2 1 3 0 1,20,121931,8,1950904
5,8,0 1 0 2 2 3 0 0 1,20,122111,8,1953784
5,8,0 1 0 2 2 3 1 0 1,20,122450,8,1959208
5,8,0 1 0 2 2 3 3 0 1,20,122211,0,1955376
5,8,0 1 0 2 3 1 1 0 1,20,122279,0,1956464
5,8,0 1 0 2 3 1 3 0 1,20,122717,0,1963472
5,8,0 1 0 2 3 3 0 0 1,20,122094,8,1953512
5,8,0 1 0 2 3 3 1 0 1,20,122091,8,1953464
5,8,0 1 0 2 3 3 3 0 1,20,122259,8,1956152
5,8,0 1 0 2 4 1 1 0 1,20,121944,8,1951112
5,8,0 1 0 2 4 1 3 0 1,20,122188,0,1955008
5,8,0 1 0 2 4 3 0 0 1,20,122314,8,1957032
5,8,0 1 0 2 4 3 1 0 1,20,122147,8,1954360
5,8,0 1 0 2 4 3 3 0 1,20,122251,0,1956016
5,8,0 1 0 3 0 0 0 0 1,20,122258,0,1956128
5,8,0 1 0 3 0 0 1 0 1,20,122358,0,1957728
5,8,0 1 0 3 0 0 3 0 1,20,122196,0,1955136
5,8,0 1 0 3 0 1 1 0 1,20,121932,0,1950912
5,8,0 1 0 3 0 1 3 0 1,20,122170,8,1954728
5,8,0 1 0 3 0 3 0 0 1,20,121933,8,1950936
5,8,0 1 0 3 0 3 1 0 1,20,121741,0,1947856
5,8,0 1 0 3 0 3 3 0 1,20,122010,0,1952160
5,8,0 1 0 3 1 0 0 0 1,20,122559,8,1960952
5,8,0 1 0 3 1 0 1 0 1,20,122286,0,1956576
5,8,0 1 0 3 1 0 3 0 1,20,121983,8,1951736
5,8,0 1 0 3 1 1 1 0 1,20,122062,0,1952992
5,8,0 1 0 3 1 1 3 0 1,20,122097,0,1953552
5,8,0 1 0 3 1 3 0 0 1,20,121895,24,1950344
5,8,0 1 0 3 1 3 1 0 1,20,122002,0,1952032
5,8,0 1 0 3 1 3 3 0 1,20,122014,8,1952232
5,8,0 1 0 3 2 0 0 0 1,20,122471,0,1959536
5,8,0 1 0 3 2 0 1 0 1,20,121900,8,1950408
5,8,0 1 0 3 2 0 3 0 1,20,122169,0,1954704
5,8,0 1 0 3 2 1 1 0 1,20,122032,16,1952528
5,8,0 1 0 3 2 1 3 0 1,20,122149,0,1954384
5,8,0 1 0 3 2 3 0 0 1,20,122166,8,1954664
5,8,0 1 0 3 2 3 1 0 1,20,121699,0,1947184
5,8,0 1 0 3 2 3 3 0 1,20,122478,8,1959656
5,8,0 1 0 3 3 0 0 0 1,20,122138,8,1954216
5,8,0 1 0 3 3 0 1 0 1,20,122499,0,1959984
5,8,0 1 0 3 3 0 3 0 1,20,122045,0,1952720
5,8,0 1 0 3 3 1 1 0 1,20,121894,8,1950312
5,8,0 1 0 3 3 1 3 0 1,20,122477,8,1959640
5,8,0 1 0 3 3 3 0 0 1,20,121914,8,1950632
5,8,0 1 0 3 3 3 1 0 1,20,121912,8,1950600
5,8,0 1 0 3 3 3 3 0 1,20,122498,8,1959976
5,8,0 1 0 3 4 0 0 0 1,20,121906,0,1950496
5,8,0 1 0 3 4 0 1 0 1,20,122387,0,1958192
5,8,0 1 0 3 4 0 3 0 1,20,122167,0,1954672
5,8,0 1 0 3 4 1 1 0 1,20,122138,16,1954224
5,8,0 1 0 3 4 1 3 0 1,20,122141,8,1954264
5,8,0 1 0 3 4 3 0 0 1,20,122052,0,1952832
5,8,0 1 0 3 4 3 1 0 1,20,122211,0,1955376
5,8,0 1 0 3 4 3 3 0 1,20,121704,0,1947264
5,8,0 1 0 4 0 1 1 0 1,20,122340,0,1957440
5,8,0 1 0 4 0 1 3 0 1,20,122015,8,1952248
5,8,0 1 0 4 0 3 0 0 1,20,122038,8,1952616
5,8,0 1 0 4 0 3 1 0 1,20,122046,8,1952744
5,8,0 1 0 4 0 3 3 0 1,20,121790,8,1948648
5,8,0 1 0 4 1 1 1 0 1,20,122122,0,1953952
5,8,0 1 0 4 1 1 3 0 1,20,122161,0,1954576
5,8,0 1 0 4 1 3 0 0 1,20,121979,0,1951664
5,8,0 1 0 4 1 3 1 0 1,20,122505,8,1960088
5,8,0 1 0 4 1 3 3 0 1,20,121715,0,1947440
5,8,0 1 0 4 2 1 1 0 1,20,122400,0,1958400
5,8,0 1 0 4 2 1 3 0 1,20,122007,0,1952112
5,8,0 1 0 4 2 3 0 0 1,20,121804,0,1948864
5,8,0 1 0 4 2 3 1 0 1,20,122013,0,1952208
5,8,0 1 0 4 2 3 3 0 1,20,121926,8,1950824
5,8,0 1 0 4 3 1 1 0 1,20,122091,0,1953456
5,8,0 1 0 4 3 1 3 0 1,20,122489,8,1959832
5,8,0 1 0 4 3 3 0 0 1,20,121722,0,1947552
5,8,0 1 0 4 3 3 1 0 1,20,122042,0,1952672
5,8,0 1 0 4 3 3 3 0 1,20,122186,8,1954984
5,8,0 1 0 4 4 1 1 0 1,20,121927,8,1950840
5,8,0 1 0 4 4 1 3 0 1,20,121905,0,1950480
5,8,0 1 0 4 4 3 0 0 1,20,122074,8,1953192
5,8,0 1 0 4 4 3 1 0 1,20,121833,8,1949336
5,8,0 1 0 4 4 3 3 0 1,20,122112,0,1953792
5,8,0 1 1 0 0 0 0 0 1,20,121872,0,1949952
5,8,0 1 1 0 0 0 1 0 1,20,122188,8,1955016
5,8,0 1 1 0 0 0 3 0 1,20,122329,8,1957272
5,8,0 1 1 0 0 1 1 0 1,20,122053,8,1952856
5,8,0 1 1 0 0 1 3 0 1,20,122069,0,1953104
5,8,0 1 1 0 0 3 0 0 1,20,122306,8,1956904
5,8,0 1 1 0 0 3 1 0 1,20,121842,0,1949472
5,8,0 1 1 0 0 3 3 0 1,20,121872,0,1949952
5,8,0 1 1 0 1 0 0 0 1,20,122033,0,1952528
5,8,0 1 1 0 1 0 1 0 1,20,122179,0,1954864
5,8,0 1 1 0 1 0 3 0 1,20,121944,8,1951112
5,8,0 1 1 0 1 1 1 0 1,20,122059,0,1952944
5,8,0 1 1 0 1 1 3 0 1,20,122395,0,1958320
5,8,0 1 1 0 1 3 0 0 1,20,122345,0,1957520
5,8,0 1 1 0 1 3 1 0 1,20,121783,16,1948544
5,8,0 1 1 0 1 3 3 0 1,20,122588,0,1961408
5,8,0 1 1 0 2 0 0 0 1,20,121679,8,1946872
5,8,0 1 1 0 2 0 1 0 1,20,122140,8,1954248
5,8,0 1 1 0 2 0 3 0 1,20,122008,8,1952136
5,8,0 1 1 0 2 1 1 0 1,20,121958,8,1951336
5,8,0 1 1 0 2 1 3 0 1,20,122408,8,1958536
5,8,0 1 1 0 2 3 0 0 1,20,122002,8,1952040
5,8,0 1 1 0 2 3 1 0 1,20,122215,8,1955448
5,8,0 1 1 0 2 3 3 0 1,20,122001,0,1952016
5,8,0 1 1 0 3 0 0 0 1,20,121785,0,1948560
5,8,0 1 1 0 3 0 1 0 1,20,122553,16,1960864
5,8,0 1 1 0 3 0 3 0 1,20,121937,0,1950992
5,8,0 1 1 0 3 1 1 0 1,20,122380,0,1958080
5,8,0 1 1 0 3 1 3 0 1,20,122048,8,1952776
5,8,0 1 1 0 3 3 0 0 1,20,122009,16,1952160
5,8,0 1 1 0 3 3 1 0 1,20,121812,16,1949008
5,8,0 1 1 0 3 3 3 0 1,20,122435,8,1958968
5,8,0 1 1 0 4 0 0 0 1,20,121878,8,1950056
5,8,0 1 1 0 4 0 1 0 1,20,122318,8,1957096
5,8,0 1 1 0 4 0 3 0 1,20,121748,8,1947976
5,8,0 1 1 0 4 1 1 0 1,20,121794,8,1948712
5,8,0 1 1 0 4 1 3 0 1,20,121952,0,1951232
5,8,0 1 1 0 4 3 0 0 1,20,122036,8,1952584
5,8,0 1 1 0 4 3 1 0 1,20,121883,8,1950136
5,8,0 1 1 0 4 3 3 0 1,20,122236,8,1955784
5,8,0 1 1 1 0 0 1 0 1,20,121956,16,1951312
5,8,0 1 1 1 0 0 3 0 1,20,122197,0,1955152
5,8,0 1 1 1 0 1 1 0 1,20,122291,0,1956656
5,8,0 1 1 1 0 1 3 0 1,20,121784,0,1948544
5,8,0 1 1 1 0 3 0 0 1,20,122254,0,1956064
5,8,0 1 1 1 0 3 1 0 1,20,122074,0,1953184
5,8,0 1 1 1 0 3 3 0 1,20,122250,8,1956008
5,8,0 1 1 1 1 0 1 0 1,20,122141,0,1954256
5,8,0 1 1 1 1 0 3 0 1,20,121888,0,1950208
5,8,0 1 1 1 1 1 1 0 1,20,121851,0,1949616
5,8,0 1 1 1 1 1 3 0 1,20,121515,8,1944248
5,8,0 1 1 1 1 3 0 0 1,20,122127,8,1954040
5,8,0 1 1 1 1 3 1 0 1,20,122187,0,1954992
5,8,0 1 1 1 1 3 3 0 1,20,121682,0,1946912
5,8,0 1 1 1 2 0 1 0 1,20,121968,8,1951496
5,8,0 1 1 1 2 0 3 0 1,20,122157,16,1954528
5,8,0 1 1 1 2 1 1 0 1,20,122247,8,1955960
5,8,0 1 1 1 2 1 3 0 1,20,122049,8,1952792
5,8,0 1 1 1 2 3 0 0 1,20,122260,0,1956160
5,8,0 1 1 1 2 3 1 0 1,20,122409,8,1958552
5,8,0 1 1 1 2 3 3 0 1,20,122402,16,1958448
5,8,0 1 1 1 3 0 1 0 1,20,122230,8,1955688
5,8,0 1 1 1 3 0 3 0 1,20,122197,8,1955160
5,8,0 1 1 1 3 1 1 0 1,20,121866,0,1949856
5,8,0 1 1 1 3 1 3 0 1,20,122170,0,1954720
5,8,0 1 1 1 3 3 0 0 1,20,121877,8,1950040
5,8,0 1 1 1 3 3 1 0 1,20,121978,0,1951648
5,8,0 1 1 1 3 3 3 0 1,20,121795,8,1948728
5,8,0 1 1 1 4 0 1 0 1,20,122305,16,1956896
5,8,0 1 1 1 4 0 3 0 1,20,122162,8,1954600
5,8,0 1 1 1 4 1 1 0 1,20,122015,0,1952240
5,8,0 1 1 1 4 1 3 0 1,20,121874,0,1949984
5,8,0 1 1 1 4 3 0 0 1,20,122429,0,1958864
5,8,0 1 1 1 4 3 1 0 1,20,121902,0,1950432
5,8,0 1 1 1 4 3 3 0 1,20,122004,8,1952072
5,8,0 1 1 2 0 1 1 0 1,20,122134,0,1954144
5,8,0 1 1 2 0 1 3 0 1,20,122044,0,1952704
5,8,0 1 1 2 0 3 0 0 1,20,122071,8,1953144
5,8,0 1 1 2 0 3 1 0 1,20,122054,0,1952864
5,8,0 1 1 2 0 3 3 0 1,20,121869,0,1949904
5,8,0 1 1 2 1 1 1 0 1,20,122463,16,1959424
5,8,0 1 1 2 1 1 3 0 1,20,122516,16,1960272
5,8,0 1 1 2 1 3 0 0 1,20,122044,16,1952720
5,8,0 1 1 2 1 3 1 0 1,20,122561,0,1960976
5,8,0 1 1 2 1 3 3 0 1,20,122041,16,1952672
5,8,0 1 1 2 2 1 1 0 1,20,122043,0,1952688
5,8,0 1 1 2 2 1 3 0 1,20,122235,0,1955760
5,8,0 1 1 2 2 3 0 0 1,20,122027,8,1952440
5,8,0 1 1 2 2 3 1 0 1,20,121935,0,1950960
5,8,0 1 1 2 2 3 3 0 1,20,122257,0,1956112
5,8,0 1 1 2 3 1 1 0 1,20,121849,0,1949584
5,8,0 1 1 2 3 1 3 0 1,20,121616,16,1945872
5,8,0 1 1 2 3 3 0 0 1,20,121987,8,1951800
5,8,0 1 1 2 3 3 1 0 1,20,122045,0,1952720
5,8,0 1 1 2 3 3 3 0 1,20,122106,0,1953696
5,8,0 1 1 2 4 1 1 0 1,20,122315,8,1957048
5,8,0 1 1 2 4 1 3 0 1,20,122142,8,1954280
5,8,0 1 1 2 4 3 0 0 1,20,122068,16,1953104
5,8,0 1 1 2 4 3 1 0 1,20,122328,0,1957248
5,8,0 1 1 2 4 3 3 0 1,20,122349,0,1957584
5,8,0 1 1 3 0 0 0 0 1,20,121894,8,1950312
5,8,0 1 1 3 0 0 1 0 1,20,122003,0,1952048
5,8,0 1 1 3 0 0 3 0 1,20,122174,8,1954792
5,8,0 1 1 3 0 1 1 0 1,20,121940,0,1951040
5,8,0 1 1 3 0 1 3 0 1,20,122253,16,1956064
5,8,0 1 1 3 0 3 0 0 1,20,122286,8,1956584
5,8,0 1 1 3 0 3 1 0 1,20,121944,8,1951112
5,8,0 1 1 3 0 3 3 0 1,20,122190,0,1955040
5,8,0 1 1 3 1 0 0 0 1,20,121838,0,1949408
5,8,0 1 1 3 1 0 1 0 1,20,122118,0,1953888
5,8,0 1 1 3 1 0 3 0 1,20,122155,8,1954488
5,8,0 1 1 3 1 1 1 0 1,20,122383,0,1958128
5,8,0 1 1 3 1 1 3 0 1,20,121916,16,1950672
5,8,0 1 1 3 1 3 0 0 1,20,121915,0,1950640
5,8,0 1 1 3 1 3 1 0 1,20,122393,8,1958296
5,8,0 1 1 3 1 3 3 0 1,20,121908,0,1950528
5,8,0 1 1 3 2 0 0 0 1,20,122054,8,1952872
5,8,0 1 1 3 2 0 1 0 1,20,121999,0,1951984
5,8,0 1 1 3 2 0 3 0 1,20,122120,8,1953928
5,8,0 1 1 3 2 1 1 0 1,20,121975,0,1951600
5,8,0 1 1 3 2 1 3 0 1,20,121705,0,1947280
5,8,0 1 1 3 2 3 0 0 1,20,121665,0,1946640
5,8,0 1 1 3 2 3 1 0 1,20,122194,8,1955112
5,8,0 1 1 3 2 3 3 0 1,20,122223,0,1955568
5,8,0 1 1 3 3 0 0 0 1,20,121797,8,1948760
5,8,0 1 1 3 3 0 1 0 1,20,122102,0,1953632
5,8,0 1 1 3 3 0 3 0 1,20,121865,0,1949840
5,8,0 1 1 3 3 1 1 0 1,20,122241,8,1955864
5,8,0 1 1 3 3 1 3 0 1,20,121846,16,1949552
5,8,0 1 1 3 3 3 0 0 1,20,121880,0,1950080
5,8,0 1 1 3 3 3 1 0 1,20,122424,0,1958784
5,8,0 1 1 3 3 3 3 0 1,20,122247,0,1955952
5,8,0 1 1 3 4 0 0 0 1,20,122368,8,1957896
5,8,0 1 1 3 4 0 1 0 1,20,121886,0,1950176
5,8,0 1 1 3 4 0 3 0 1,20,122297,8,1956760
5,8,0 1 1 3 4 1 1 0 1,20,121921,0,1950736
5,8,0 1 1 3 4 1 3 0 1,20,121927,8,1950840
5,8,0 1 1 3 4 3 0 0 1,20,122179,0,1954864
5,8,0 1 1 3 4 3 1 0 1,20,122146,8,1954344
5,8,0 1 1 3 4 3 3 0 1,20,121965,0,1951440
5,8,0 1 1 4 0 1 1 0 1,20,122099,0,1953584
5,8,0 1 1 4 0 1 3 0 1,20,122174,0,1954784
5,8,0 1 1 4 0 3 0 0 1,20,122188,16,1955024
5,8,0 1 1 4 0 3 1 0 1,20,122205,8,1955288
5,8,0 1 1 4 0 3 3 0 1,20,122191,0,1955056
5,8,0 1 1 4 1 1 1 0 1,20,122100,8,1953608
5,8,0 1 1 4 1 1 3 0 1,20,121778,0,1948448
5,8,0 1 1 4 1 3 0 0 1,20,121892,8,1950280
5,8,0 1 1 4 1 3 1 0 1,20,122634,8,1962152
5,8,0 1 1 4 1 3 3 0 1,20,122125,0,1954000
5,8,0 1 1 4 2 1 1 0 1,20,122473,8,1959576
5,8,0 1 1 4 2 1 3 0 1,20,121932,0,1950912
5,8,0 1 1 4 2 3 0 0 1,20,122282,8,1956520
5,8,0 1 1 4 2 3 1 0 1,20,122043,0,1952688
5,8,0 1 1 4 2 3 3 0 1,20,122238,8,1955816
5,8,0 1 1 4 3 1 1 0 1,20,121741,0,1947856
5,8,0 1 1 4 3 1 3 0 1,20,122470,0,1959520
5,8,0 1 1 4 3 3 0 0 1,20,122245,0,1955920
5,8,0 1 1 4 3 3 1 0 1,20,122487,8,1959800
5,8,0 1 1 4 3 3 3 0 1,20,122313,8,1957016
5,8,0 1 1 4 4 1 1 0 1,20,122279,0,1956464
5,8,0 1 1 4 4 1 3 0 1,20,121949,0,1951184
5,8,0 1 1 4 4 3 0 0 1,20,121904,0,1950464
5,8,0 1 1 4 4 3 1 0 1,20,122227,8,1955640
5,8,0 1 1 4 4 3 3 0 1,20,121475,0,1943600
5,8,0 1 2 0 0 0 1 0 1,20,122176,8,1954824
5,8,0 1 2 0 0 0 3 0 1,20,121762,8,1948200
5,8,0 1 2 0 0 1 1 0 1,20,121864,0,1949824
5,8,0 1 2 0 0 1 3 0 1,20,122050,0,1952800
5,8,0 1 2 0 0 3 0 0 1,20,122056,8,1952904
5,8,0 1 2 0 0 3 1 0 1,20,122009,8,1952152
5,8,0 1 2 0 0 3 3 0 1,20,121993,0,1951888
5,8,0 1 2 0 1 0 1 0 1,20,122144,8,1954312
5,8,0 1 2 0 1 0 3 0 1,20,122078,8,1953256
5,8,0 1 2 0 1 1 1 0 1,20,121890,16,1950256
5,8,0 1 2 0 1 1 3 0 1,20,122134,0,1954144
5,8,0 1 2 0 1 3 0 0 1,20,121996,16,1951952
5,8,0 1 2 0 1 3 1 0 1,20,122091,8,1953464
5,8,0 1 2 0 1 3 3 0 1,20,121934,8,1950952
5,8,0 1 2 0 2 0 1 0 1,20,122263,16,1956224
5,8,0 1 2 0 2 0 3 0 1,20,122303,0,1956848
5,8,0 1 2 0 2 1 1 0 1,20,122236,0,1955776
5,8,0 1 2 0 2 1 3 0 1,20,122061,0,1952976
5,8,0 1 2 0 2 3 0 0 1,20,122119,8,1953912
5,8,0 1 2 0 2 3 1 0 1,20,122007,8,1952120
5,8,0 1 2 0 2 3 3 0 1,20,121999,0,1951984
5,8,0 1 2 0 3 0 1 0 1,20,122254,8,1956072
5,8,0 1 2 0 3 0 3 0 1,20,122099,8,1953592
5,8,0 1 2 0 3 1 1 0 1,20,122088,0,1953408
5,8,0 1 2 0 3 1 3 0 1,20,121863,0,1949808
5,8,0 1 2 0 3 3 0 0 1,20,122404,16,1958480
5,8,0 1 2 0 3 3 1 0 1,20,122145,0,1954320
5,8,0 1 2 0 3 3 3 0 1,20,122109,0,1953744
5,8,0 1 2 0 4 0 1 0 1,20,121926,0,1950816
5,8,0 1 2 0 4 0 3 0 1,20,122132,0,1954112
5,8,0 1 2 0 4 1 1 0 1,20,121804,0,1948864
5,8,0 1 2 0 4 1 3 0 1,20,122410,0,1958560
5,8,0 1 2 0 4 3 0 0 1,20,122165,0,1954640
5,8,0 1 2 0 4 3 1 0 1,20,121989,8,1951832
5,8,0 1 2 0 4 3 3 0 1,20,121905,0,1950480
5,8,0 1 2 1 0 0 1 0 1,20,121979,8,1951672
5,8,0 1 2 1 0 0 3 0 1,20,121894,0,1950304
5,8,0 1 2 1 0 1 1 0 1,20,122066,16,1953072
5,8,0 1 2 1 0 1 3 0 1,20,121953,0,1951248
5,8,0 1 2 1 0 3 0 0 1,20,121843,16,1949504
5,8,0 1 2 1 0 3 1 0 1,20,122264,0,1956224
5,8,0 1 2 1 0 3 3 0 1,20,122170,0,1954720
5,8,0 1 2 1 1 0 1 0 1,20,121811,0,1948976
5,8,0 1 2 1 1 0 3 0 1,20,122426,0,1958816
5,8,0 1 2 1 1 1 1 0 1,20,121945,0,1951120
5,8,0 1 2 1 1 1 3 0 1,20,122413,24,1958632
5,8,0 1 2 1 1 3 0 0 1,20,121994,8,1951912
5,8,0 1 2 1 1 3 1 0 1,20,122153,16,1954464
5,8,0 1 2 1 1 3 3 0 1,20,121620,8,1945928
5,8,0 1 2 1 2 0 1 0 1,20,122276,8,1956424
5,8,0 1 2 1 2 0 3 0 1,20,122266,8,1956264
5,8,0 1 2 1 2 1 1 0 1,20,122148,8,1954376
5,8,0 1 2 1 2 1 3 0 1,20,121748,16,1947984
5,8,0 1 2 1 2 3 0 0 1,20,122077,0,1953232
5,8,0 1 2 1 2 3 1 0 1,20,122095,8,1953528
5,8,0 1 2 1 2 3 3 0 1,20,122146,8,1954344
5,8,0 1 2 1 3 0 1 0 1,20,122123,0,1953968
5,8,0 1 2 1 3 0 3 0 1,20,122076,8,1953224
5,8,0 1 2 1 3 1 1 0 1,20,122476,8,1959624
5,8,0 1 2 1 3 1 3 0 1,20,122135,16,1954176
5,8,0 1 2 1 3 3 0 0 1,20,122147,8,1954360
5,8,0 1 2 1 3 3 1 0 1,20,122107,24,1953736
5,8,0 1 2 1 3 3 3 0 1,20,122030,8,1952488
5,8,0 1 2 1 4 0 1 0 1,20,121955,8,1951288
5,8,0 1 2 1 4 0 3 0 1,20,122087,8,1953400
5,8,0 1 2 1 4 1 1 0 1,20,121771,0,1948336
5,8,0 1 2 1 4 1 3 0 1,20,121853,0,1949648
5,8,0 1 2 1 4 3 0 0 1,20,122285,0,1956560
5,8,0 1 2 1 4 3 1 0 1,20,122258,8,1956136
5,8,0 1 2 1 4 3 3 0 1,20,122170,8,1954728
5,8,0 1 2 2 0 1 1 0 1,20,122343,16,1957504
5,8,0 1 2 2 0 1 3 0 1,20,122154,16,1954480
5,8,0 1 2 2 0 3 0 0 1,20,122209,0,1955344
5,8,0 1 2 2 0 3 1 0 1,20,122232,8,1955720
5,8,0 1 2 2 0 3 3 0 1,20,122287,4,1956596
5,8,0 1 2 2 1 1 1 0 1,20,122123,8,1953976
5,8,0 1 2 2 1 1 3 0 1,20,122015,0,1952240
5,8,0 1 2 2 1 3 0 0 1,20,122194,8,1955112
5,8,0 1 2 2 1 3 1 0 1,20,121996,0,1951936
5,8,0 1 2 2 1 3 3 0 1,20,121923,16,1950784
5,8,0 1 2 2 2 1 1 0 1,20,121950,16,1951216
5,8,0 1 2 2 2 1 3 0 1,20,122370,8,1957928
5,8,0 1 2 2 2 3 0 0 1,20,122027,0,1952432
5,8,0 1 2 2 2 3 1 0 1,20,122118,8,1953896
5,8,0 1 2 2 2 3 3 0 1,20,122044,16,1952720
5,8,0 1 2 2 3 1 1 0 1,20,121603,0,1945648
5,8,0 1 2 2 3 1 3 0 1,20,122398,8,1958376
5,8,0 1 2 2 3 3 0 0 1,20,122195,0,1955120
5,8,0 1 2 2 3 3 1 0 1,20,122232,8,1955720
5,8,0 1 2 2 3 3 3 0 1,20,121983,16,1951744
5,8,0 1 2 2 4 1 1 0 1,20,121994,0,1951904
5,8,0 1 2 2 4 1 3 0 1,20,121749,0,1947984
5,8,0 1 2 2 4 3 0 0 1,20,122440,0,1959040
5,8,0 1 2 2 4 3 1 0 1,20,121966,0,1951456
5,8,0 1 2 2 4 3 3 0 1,20,121636,8,1946184
5,8,0 1 2 3 0 0 0 0 1,20,122210,8,1955368
5,8,0 1 2 3 0 0 1 0 1,20,122250,0,1956000
5,8,0 1 2 3 0 0 3 0 1,20,122241,8,1955864
5,8,0 1 2 3 0 1 1 0 1,20,122419,16,1958720
5,8,0 1 2 3 0 1 3 0 1,20,121816,0,1949056
5,8,0 1 2 3 0 3 0 0 1,20,122454,0,1959264
5,8,0 1 2 3 0 3 1 0 1,20,121825,0,1949200
5,8,0 1 2 3 0 3 3 0 1,20,122105,16,1953696
5,8,0 1 2 3 1 0 0 0 1,20,121935,0,1950960
5,8,0 1 2 3 1 0 1 0 1,20,121990,0,1951840
5,8,0 1 2 3 1 0 3 0 1,20,122071,0,1953136
5,8,0 1 2 3 1 1 1 0 1,20,122021,8,1952344
5,8,0 1 2 3 1 1 3 0 1,20,122365,8,1957848
5,8,0 1 2 3 1 3 0 0 1,20,122207,0,1955312
5,8,0 1 2 3 1 3 1 0 1,20,121995,0,1951920
5,8,0 1 2 3 1 3 3 0 1,20,122167,8,1954680
5,8,0 1 2 3 2 0 0 0 1,20,122121,8,1953944
5,8,0 1 2 3 2 0 1 0 1,20,122099,0,1953584
5,8,0 1 2 3 2 0 3 0 1,20,122104,0,1953664
5,8,0 1 2 3 2 1 1 0 1,20,122138,8,1954216
5,8,0 1 2 3 2 1 3 0 1,20,122158,0,1954528
5,8,0 1 2 3 2 3 0 0 1,20,122319,8,1957112
5,8,0 1 2 3 2 3 1 0 1,20,122476,8,1959624
5,8,0 1 2 3 2 3 3 0 1,20,122029,8,1952472
5,8,0 1 2 3 3 0 0 0 1,20,121676,0,1946816
5,8,0 1 2 3 3 0 1 0 1,20,121999,0,1951984
5,8,0 1 2 3 3 0 3 0 1,20,121905,24,1950504
5,8,0 1 2 3 3 1 1 0 1,20,121920,0,1950720
5,8,0 1 2 3 3 1 3 0 1,20,122583,0,1961328
5,8,0 1 2 3 3 3 0 0 1,20,121720,0,1947520
5,8,0 1 2 3 3 3 1 0 1,20,122104,8,1953672
5,8,0 1 2 3 3 3 3 0 1,20,122061,16,1952992
5,8,0 1 2 3 4 0 0 0 1,20,122300,0,1956800
5,8,0 1 2 3 4 0 1 0 1,20,122350,0,1957600
5,8,0 1 2 3 4 0 3 0 1,20,122077,8,1953240
5,8,0 1 2 3 4 1 1 0 1,20,122088,0,1953408
5,8,0 1 2 3 4 1 3 0 1,20,122110,8,1953768
5,8,0 1 2 3 4 3 0 0 1,20,121899,16,1950400
5,8,0 1 2 3 4 3 1 0 1,20,121974,8,1951592
5,8,0 1 2 3 4 3 3 0 1,20,121723,0,1947568
5,8,0 1 2 4 0 1 1 0 1,20,121750,0,1948000
5,8,0 1 2 4 0 1 3 0 1,20,122308,8,1956936
5,8,0 1 2 4 0 3 0 0 1,20,121599,0,1945584
5,8,0 1 2 4 0 3 1 0 1,20,122384,0,1958144
5,8,0 1 2 4 0 3 3 0 1,20,121780,0,1948480
5,8,0 1 2 4 1 1 1 0 1,20,121919,0,1950704
5,8,0 1 2 4 1 1 3 0 1,20,121871,0,1949936
5,8,0 1 2 4 1 3 0 0 1,20,122119,8,1953912
5,8,0 1 2 4 1 3 1 0 1,20,121736,0,1947776
5,8,0 1 2 4 1 3 3 0 1,20,122328,8,1957256
5,8,0 1 2 4 2 1 1 0 1,20,121683,8,1946936
5,8,0 1 2 4 2 1 3 0 1,20,121861,8,1949784
5,8,0 1 2 4 2 3 0 0 1,20,122189,8,1955032
5,8,0 1 2 4 2 3 1 0 1,20,121524,8,1944392
5,8,0 1 2 4 2 3 3 0 1,20,122525,0,1960400
5,8,0 1 2 4 3 1 1 0 1,20,122350,0,1957600
5,8,0 1 2 4 3 1 3 0 1,20,122220,12,1955532
5,8,0 1 2 4 3 3 0 0 1,20,122035,0,1952560
5,8,0 1 2 4 3 3 1 0 1,20,122121,16,1953952
5,8,0 1 2 4 3 3 3 0 1,20,122317,0,1957072
5,8,0 1 2 4 4 1 1 0 1,20,122028,0,1952448
5,8,0 1 2 4 4 1 3 0 1,20,121592,8,1945480
5,8,0 1 2 4 4 3 0 0 1,20,121924,16,1950800
5,8,0 1 2 4 4 3 1 0 1,20,122288,16,1956624
5,8,0 1 2 4 4 3 3 0 1,20,122110,0,1953760
5,8,0 1 3 0 0 0 0 0 1,20,121916,0,1950656
5,8,0 1 3 0 0 0 1 0 1,20,122459,0,1959344
5,8,0 1 3 0 0 0 3 0 1,20,121944,0,1951104
5,8,0 1 3 0 0 1 1 0 1,20,122331,8,1957304
5,8,0 1 3 0 0 1 3 0 1,20,122279,8,1956472
5,8,0 1 3 0 0 3 0 0 1,20,122073,8,1953176
5,8,0 1 3 0 0 3 1 0 1,20,121976,8,1951624
5,8,0 1 3 0 0 3 3 0 1,20,122007,8,1952120
5,8,0 1 3 0 1 0 0 0 1,20,121895,8,1950328
5,8,0 1 3 0 1 0 1 0 1,20,122230,0,1955680
5,8,0 1 3 0 1 0 3 0 1,20,122201,0,1955216
5,8,0 1 3 0 1 1 1 0 1,20,122433,0,1958928
5,8,0 1 3 0 1 1 3 0 1,20,122291,8,1956664
5,8,0 1 3 0 1 3 0 0 1,20,121690,0,1947040
5,8,0 1 3 0 1 3 1 0 1,20,122011,8,1952184
5,8,0 1 3 0 1 3 3 0 1,20,121887,0,1950192
5,8,0 1 3 0 2 0 0 0 1,20,122277,0,1956432
5,8,0 1 3 0 2 0 1 0 1,20,121829,0,1949264
5,8,0 1 3 0 2 0 3 0 1,20,122089,8,1953432
5,8,0 1 3 0 2 1 1 0 1,20,122125,0,1954000
5,8,0 1 3 0 2 1 3 0 1,20,122283,0,1956528
5,8,0 1 3 0 2 3 0 0 1,20,122195,0,1955120
5,8,0 1 3 0 2 3 1 0 1,20,122093,8,1953496
5,8,0 1 3 0 2 3 3 0 1,20,122234,0,1955744
5,8,0 1 3 0 3 0 0 0 1,20,122256,8,1956104
5,8,0 1 3 0 3 0 1 0 1,20,121981,8,1951704
5,8,0 1 3 0 3 0 3 0 1,20,121883,8,1950136
5,8,0 1 3 0 3 1 1 0 1,20,122110,0,1953760
5,8,0 1 3 0 3 1 3 0 1,20,122214,0,1955424
5,8,0 1 3 0 3 3 0 0 1,20,122172,0,1954752
5,8,0 1 3 0 3 3 1 0 1,20,122248,8,1955976
5,8,0 1 3 0 3 3 3 0 1,20,122054,0,1952864
5,8,0 1 3 0 4 0 0 0 1,20,122332,16,1957328
5,8,0 1 3 0 4 0 1 0 1,20,121968,8,1951496
5,8,0 1 3 0 4 0 3 0 1,20,122100,0,1953600
5,8,0 1 3 0 4 1 1 0 1,20,122331,0,1957296
5,8,0 1 3 0 4 1 3 0 1,20,121845,0,1949520
5,8,0 1 3 0 4 3 0 0 1,20,121912,8,1950600
5,8,0 1 3 0 4 3 1 0 1,20,122338,0,1957408
5,8,0 1 3 0 4 3 3 0 1,20,122205,8,1955288
5,8,0 1 3 1 0 0 1 0 1,20,122169,0,1954704
5,8,0 1 3 1 0 0 3 0 1,20,121877,0,1950032
5,8,0 1 3 1 0 1 1 0 1,20,122050,0,1952800
5,8,0 1 3 1 0 1 3 0 1,20,122090,8,1953448
5,8,0 1 3 1 0 3 0 0 1,20,121958,8,1951336
5,8,0 1 3 1 0 3 1 0 1,20,121943,8,1951096
5,8,0 1 3 1 0 3 3 0 1,20,122313,0,1957008
5,8,0 1 3 1 1 0 1 0 1,20,122248,8,1955976
5,8,0 1 3 1 1 0 3 0 1,20,122039,16,1952640
5,8,0 1 3 1 1 1 1 0 1,20,122196,8,1955144
5,8,0 1 3 1 1 1 3 0 1,20,122129,8,1954072
5,8,0 1 3 1 1 3 0 0 1,20,121975,0,1951600
5,8,0 1 3 1 1 3 1 0 1,20,122116,0,1953856
5,8,0 1 3 1 1 3 3 0 1,20,122347,8,1957560
5,8,0 1 3 1 2 0 1 0 1,20,121782,24,1948536
5,8,0 1 3 1 2 0 3 0 1,20,122066,16,1953072
5,8,0 1 3 1 2 1 1 0 1,20,121783,8,1948536
5,8,0 1 3 1 2 1 3 0 1,20,122173,0,1954768
5,8,0 1 3 1 2 3 0 0 1,20,121662,8,1946600
5,8,0 1 3 1 2 3 1 0 1,20,122165,8,1954648
5,8,0 1 3 1 2 3 3 0 1,20,121659,8,1946552
5,8,0 1 3 1 3 0 1 0 1,20,121882,0,1950112
5,8,0 1 3 1 3 0 3 0 1,20,122087,0,1953392
5,8,0 1 3 1 3 1 1 0 1,20,121873,8,1949976
5,8,0 1 3 1 3 1 3 0 1,20,122221,0,1955536
5,8,0 1 3 1 3 3 0 0 1,20,121769,8,1948312
5,8,0 1 3 1 3 3 1 0 1,20,122098,0,1953568
5,8,0 1 3 1 3 3 3 0 1,20,122112,0,1953792
5,8,0 1 3 1 4 0 1 0 1,20,122285,0,1956560
5,8,0 1 3 1 4 0 3 0 1,20,122232,0,1955712
5,8,0 1 3 1 4 1 1 0 1,20,122052,0,1952832
5,8,0 1 3 1 4 1 3 0 1,20,121849,0,1949584
5,8,0 1 3 1 4 3 0 0 1,20,122475,0,1959600
5,8,0 1 3 1 4 3 1 0 1,20,122180,0,1954880
5,8,0 1 3 1 4 3 3 0 1,20,122121,0,1953936
5,8,0 1 3 2 0 1 1 0 1,20,121461,0,1943376
5,8,0 1 3 2 0 1 3 0 1,20,121936,16,1950992
5,8,0 1 3 2 0 3 0 0 1,20,121918,8,1950696
5,8,0 1 3 2 0 3 1 0 1,20,122205,8,1955288
5,8,0 1 3 2 0 3 3 0 1,20,121561,8,1944984
5,8,0 1 3 2 1 1 1 0 1,20,122118,0,1953888
5,8,0 1 3 2 1 1 3 0 1,20,122099,0,1953584
5,8,0 1 3 2 1 3 0 0 1,20,121987,8,1951800
5,8,0 1 3 2 1 3 1 0 1,20,122071,0,1953136
5,8,0 1 3 2 1 3 3 0 1,20,122009,8,1952152
5,8,0 1 3 2 2 1 1 0 1,20,122083,0,1953328
5,8,0 1 3 2 2 1 3 0 1,20,121792,16,1948688
5,8,0 1 3 2 2 3 0 0 1,20,121910,0,1950560
5,8,0 1 3 2 2 3 1 0 1,20,121765,16,1948256
5,8,0 1 3 2 2 3 3 0 1,20,121690,0,1947040
5,8,0 1 3 2 3 1 1 0 1,20,121923,8,1950776
5,8,0 1 3 2 3 1 3 0 1,20,122309,0,1956944
5,8,0 1 3 2 3 3 0 0 1,20,121817,0,1949072
5,8,0 1 3 2 3 3 1 0 1,20,122141,8,1954264
5,8,0 1 3 2 3 3 3 0 1,20,122166,0,1954656
5,8,0 1 3 2 4 1 1 0 1,20,122052,8,1952840
5,8,0 1 3 2 4 1 3 0 1,20,121777,8,1948440
5,8,0 1 3 2 4 3 0 0 1,20,122000,0,1952000
5,8,0 1 3 2 4 3 1 0 1,20,122236,8,1955784
5,8,0 1 3 2 4 3 3 0 1,20,122273,8,1956376
5,8,0 1 3 3 0 0 0 0 1,20,121971,0,1951536
5,8,0 1 3 3 0 0 1 0 1,20,122039,0,1952624
5,8,0 1 3 3 0 0 3 0 1,20,121657,0,1946512
5,8,0 1 3 3 0 1 1 0 1,20,122604,8,1961672
5,8,0 1 3 3 0 1 3 0 1,20,122023,16,1952384
5,8,0 1 3 3 0 3 0 0 1,20,122178,8,1954856
5,8,0 1 3 3 0 3 1 0 1,20,122057,8,1952920
5,8,0 1 3 3 0 3 3 0 1,20,122135,8,1954168
5,8,0 1 3 3 1 0 0 0 1,20,122238,0,1955808
5,8,0 1 3 3 1 0 1 0 1,20,122002,0,1952032
5,8,0 1 3 3 1 0 3 0 1,20,122142,8,1954280
5,8,0 1 3 3 1 1 1 0 1,20,122355,0,1957680
5,8,0 1 3 3 1 1 3 0 1,20,122212,8,1955400
5,8,0 1 3 3 1 3 0 0 1,20,121545,0,1944720
5,8,0 1 3 3 1 3 1 0 1,20,122184,0,1954944
5,8,0 1 3 3 1 3 3 0 1,20,122105,8,1953688
5,8,0 1 3 3 2 0 0 0 1,20,122157,0,1954512
5,8,0 1 3 3 2 0 1 0 1,20,122050,8,1952808
5,8,0 1 3 3 2 0 3 0 1,20,122474,8,1959592
5,8,0 1 3 3 2 1 1 0 1,20,121771,0,1948336
5,8,0 1 3 3 2 1 3 0 1,20,122260,8,1956168
5,8,0 1 3 3 2 3 0 0 1,20,122165,0,1954640
5,8,0 1 3 3 2 3 1 0 1,20,122217,8,1955480
5,8,0 1 3 3 2 3 3 0 1,20,122198,0,1955168
5,8,0 1 3 3 3 0 0 0 1,20,122344,0,1957504
5,8,0 1 3 3 3 0 1 0 1,20,122165,0,1954640
5,8,0 1 3 3 3 0 3 0 1,20,122102,0,1953632
5,8,0 1 3 3 3 1 1 0 1,20,121842,8,1949480
5,8,0 1 3 3 3 1 3 0 1,20,122125,8,1954008
5,8,0 1 3 3 3 3 0 0 1,20,122347,0,1957552
5,8,0 1 3 3 3 3 1 0 1,20,122189,0,1955024
5,8,0 1 3 3 3 3 3 0 1,20,122418,8,1958696
5,8,0 1 3 3 4 0 0 0 1,20,122138,0,1954208
5,8,0 1 3 3 4 0 1 0 1,20,122296,8,1956744
5,8,0 1 3 3 4 0 3 0 1,20,122149,8,1954392
5,8,0 1 3 3 4 1 1 0 1,20,122070,0,1953120
5,8,0 1 3 3 4 1 3 0 1,20,122185,8,1954968
5,8,0 1 3 3 4 3 0 0 1,20,122065,0,1953040
5,8,0 1 3 3 4 3 1 0 1,20,121735,0,1947760
5,8,0 1 3 3 4 3 3 0 1,20,122093,0,1953488
5,8,0 1 3 4 0 1 1 0 1,20,122263,0,1956208
5,8,0 1 3 4 0 1 3 0 1,20,122181,8,1954904
5,8,0 1 3 4 0 3 0 0 1,20,122136,0,1954176
5,8,0 1 3 4 0 3 1 0 1,20,121909,8,1950552
5,8,0 1 3 4 0 3 3 0 1,20,121909,16,1950560
5,8,0 1 3 4 1 1 1 0 1,20,122202,8,1955240
5,8,0 1 3 4 1 1 3 0 1,20,121902,8,1950440
5,8,0 1 3 4 1 3 0 0 1,20,122085,0,1953360
5,8,0 1 3 4 1 3 1 0 1,20,122002,8,1952040
5,8,0 1 3 4 1 3 3 0 1,20,121955,8,1951288
5,8,0 1 3 4 2 1 1 0 1,20,122132,8,1954120
5,8,0 1 3 4 2 1 3 0 1,20,122298,0,1956768
5,8,0 1 3 4 2 3 0 0 1,20,121749,16,1948000
5,8,0 1 3 4 2 3 1 0 1,20,122305,0,1956880
5,8,0 1 3 4 2 3 3 0 1,20,122261,0,1956176
5,8,0 1 3 4 3 1 1 0 1,20,122253,0,1956048
5,8,0 1 3 4 3 1 3 0 1,20,121975,8,1951608
5,8,0 1 3 4 3 3 0 0 1,20,121839,8,1949432
5,8,0 1 3 4 3 3 1 0 1,20,122273,0,1956368
5,8,0 1 3 4 3 3 3 0 1,20,122094,8,1953512
5,8,0 1 3 4 4 1 1 0 1,20,121997,0,1951952
5,8,0 1 3 4 4 1 3 0 1,20,122000,8,1952008
5,8,0 1 3 4 4 3 0 0 1,20,121922,8,1950760
5,8,0 1 3 4 4 3 1 0 1,20,121950,8,1951208
5,8,0 1 3 4 4 3 3 0 1,20,122049,8,1952792
5,8,0 1 4 0 0 0 1 0 1,20,122143,8,1954296
5,8,0 1 4 0 0 0 3 0 1,20,121879,0,1950064
5,8,0 1 4 0 0 1 1 0 1,20,121958,8,1951336
5,8,0 1 4 0 0 1 3 0 1,20,121930,0,1950880
5,8,0 1 4 0 0 3 0 0 1,20,122140,0,1954240
5,8,0 1 4 0 0 3 1 0 1,20,122465,8,1959448
5,8,0 1 4 0 0 3 3 0 1,20,121923,0,1950768
5,8,0 1 4 0 1 0 1 0 1,20,122343,0,1957488
5,8,0 1 4 0 1 0 3 0 1,20,122062,0,1952992
5,8,0 1 4 0 1 1 1 0 1,20,122120,0,1953920
5,8,0 1 4 0 1 1 3 0 1,20,121970,0,1951520
5,8,0 1 4 0 1 3 0 0 1,20,122076,8,1953224
5,8,0 1 4 0 1 3 1 0 1,20,121511,8,1944184
5,8,0 1 4 0 1 3 3 0 1,20,122023,0,1952368
5,8,0 1 4 0 2 0 1 0 1,20,121963,0,1951408
5,8,0 1 4 0 2 0 3 0 1,20,122218,0,1955488
5,8,0 1 4 0 2 1 1 0 1,20,121983,0,1951728
5,8,0 1 4 0 2 1 3 0 1,20,122122,0,1953952
5,8,0 1 4 0 2 3 0 0 1,20,121789,0,1948624
5,8,0 1 4 0 2 3 1 0 1,20,122086,0,1953376
5,8,0 1 4 0 2 3 3 0 1,20,122041,0,1952656
5,8,0 1 4 0 3 0 1 0 1,20,121877,8,1950040
5,8,0 1 4 0 3 0 3 0 1,20,122231,8,1955704
5,8,0 1 4 0 3 1 1 0 1,20,122156,0,1954496
5,8,0 1 4 0 3 1 3 0 1,20,122001,8,1952024
5,8,0 1 4 0 3 3 0 0 1,20,122006,0,1952096
5,8,0 1 4 0 3 3 1 0 1,20,122226,0,1955616
5,8,0 1 4 0 3 3 3 0 1,20,122383,0,1958128
5,8,0 1 4 0 4 0 1 0 1,20,122221,0,1955536
5,8,0 1 4 0 4 0 3 0 1,20,121992,8,1951880
5,8,0 1 4 0 4 1 1 0 1,20,121888,0,1950208
5,8,0 1 4 0 4 1 3 0 1,20,121899,8,1950392
5,8,0 1 4 0 4 3 0 0 1,20,121826,8,1949224
5,8,0 1 4 0 4 3 1 0 1,20,122179,0,1954864
5,8,0 1 4 0 4 3 3 0 1,20,121888,0,1950208
5,8,0 1 4 1 0 0 1 0 1,20,122193,0,1955088
5,8,0 1 4 1 0 0 3 0 1,20,122118,8,1953896
5,8,0 1 4 1 0 1 1 0 1,20,121992,8,1951880
5,8,0 1 4 1 0 1 3 0 1,20,122129,0,1954064
5,8,0 1 4 1 0 3 0 0 1,20,122097,8,1953560
5,8,0 1 4 1 0 3 1 0 1,20,122204,16,1955280
5,8,0 1 4 1 0 3 3 0 1,20,121612,0,1945792
5,8,0 1 4 1 1 0 1 0 1,20,121931,0,1950896
5,8,0 1 4 1 1 0 3 0 1,20,121569,16,1945120
5,8,0 1 4 1 1 1 1 0 1,20,122629,24,1962088
5,8,0 1 4 1 1 1 3 0 1,20,121818,0,1949088
5,8,0 1 4 1 1 3 0 0 1,20,121874,0,1949984
5,8,0 1 4 1 1 3 1 0 1,20,122043,0,1952688
5,8,0 1 4 1 1 3 3 0 1,20,122060,8,1952968
5,8,0 1 4 1 2 0 1 0 1,20,121979,8,1951672
5,8,0 1 4 1 2 0 3 0 1,20,122177,0,1954832
5,8,0 1 4 1 2 1 1 0 1,20,122122,8,1953960
5,8,0 1 4 1 2 1 3 0 1,20,122084,0,1953344
5,8,0 1 4 1 2 3 0 0 1,20,122051,8,1952824
5,8,0 1 4 1 2 3 1 0 1,20,121977,0,1951632
5,8,0 1 4 1 2 3 3 0 1,20,121847,0,1949552
5,8,0 1 4 1 3 0 1 0 1,20,122350,0,1957600
5,8,0 1 4 1 3 0 3 0 1,20,122061,8,1952984
5,8,0 1 4 1 3 1 1 0 1,20,121842,0,1949472
5,8,0 1 4 1 3 1 3 0 1,20,121929,16,1950880
5,8,0 1 4 1 3 3 0 0 1,20,122016,0,1952256
5,8,0 1 4 1 3 3 1 0 1,20,121816,8,1949064
5,8,0 1 4 1 3 3 3 0 1,20,121552,8,1944840
5,8,0 1 4 1 4 0 1 0 1,20,122024,8,1952392
5,8,0 1 4 1 4 0 3 0 1,20,121616,0,1945856
5,8,0 1 4 1 4 1 1 0 1,20,121873,0,1949968
5,8,0 1 4 1 4 1 3 0 1,20,122082,0,1953312
5,8,0 1 4 1 4 3 0 0 1,20,122023,16,1952384
5,8,0 1 4 1 4 3 1 0 1,20,122189,0,1955024
5,8,0 1 4 1 4 3 3 0 1,20,122065,16,1953056
5,8,0 1 4 2 0 1 1 0 1,20,122254,16,1956080
5,8,0 1 4 2 0 1 3 0 1,20,122129,16,1954080
5,8,0 1 4 2 0 3 0 0 1,20,122162,8,1954600
5,8,0 1 4 2 0 3 1 0 1,20,122120,8,1953928
5,8,0 1 4 2 0 3 3 0 1,20,122263,0,1956208
5,8,0 1 4 2 1 1 1 0 1,20,122147,8,1954360
5,8,0 1 4 2 1 1 3 0 1,20,121683,16,1946944
5,8,0 1 4 2 1 3 0 0 1,20,121679,0,1946864
5,8,0 1 4 2 1 3 1 0 1,20,122108,8,1953736
5,8,0 1 4 2 1 3 3 0 1,20,122296,0,1956736
5,8,0 1 4 2 2 1 1 0 1,20,122334,0,1957344
5,8,0 1 4 2 2 1 3 0 1,20,121829,16,1949280
5,8,0 1 4 2 2 3 0 0 1,20,122159,0,1954544
5,8,0 1 4 2 2 3 1 0 1,20,121934,16,1950960
5,8,0 1 4 2 2 3 3 0 1,20,121779,8,1948472
5,8,0 1 4 2 3 1 1 0 1,20,121972,16,1951568
5,8,0 1 4 2 3 1 3 0 1,20,122070,16,1953136
5,8,0 1 4 2 3 3 0 0 1,20,121846,0,1949536
5,8,0 1 4 2 3 3 1 0 1,20,122066,16,1953072
5,8,0 1 4 2 3 3 3 0 1,20,121997,0,1951952
5,8,0 1 4 2 4 1 1 0 1,20,121741,0,1947856
5,8,0 1 4 2 4 1 3 0 1,20,121717,16,1947488
5,8,0 1 4 2 4 3 0 0 1,20,121831,8,1949304
5,8,0 1 4 2 4 3 1 0 1,20,122037,0,1952592
5,8,0 1 4 2 4 3 3 0 1,20,122225,0,1955600
5,8,0 1 4 3 0 0 0 0 1,20,122491,0,1959856
5,8,0 1 4 3 0 0 1 0 1,20,122010,0,1952160
5,8,0 1 4 3 0 0 3 0 1,20,122136,0,1954176
5,8,0 1 4 3 0 1 1 0 1,20,121943,8,1951096
5,8,0 1 4 3 0 1 3 0 1,20,122340,8,1957448
5,8,0 1 4 3 0 3 0 0 1,20,121847,8,1949560
5,8,0 1 4 3 0 3 1 0 1,20,122129,8,1954072
5,8,0 1 4 3 0 3 3 0 1,20,121775,16,1948416
5,8,0 1 4 3 1 0 0 0 1,20,122129,8,1954072
5,8,0 1 4 3 1 0 1 0 1,20,122601,8,1961624
5,8,0 1 4 3 1 0 3 0 1,20,121555,0,1944880
5,8,0 1 4 3 1 1 1 0 1,20,121668,8,1946696
5,8,0 1 4 3 1 1 3 0 1,20,122683,0,1962928
5,8,0 1 4 3 1 3 0 0 1,20,122104,0,1953664
5,8,0 1 4 3 1 3 1 0 1,20,121885,8,1950168
5,8,0 1 4 3 1 3 3 0 1,20,121717,0,1947472
5,8,0 1 4 3 2 0 0 0 1,20,122036,0,1952576
5,8,0 1 4 3 2 0 1 0 1,20,122018,8,1952296
5,8,0 1 4 3 2 0 3 0 1,20,122067,0,1953072
5,8,0 1 4 3 2 1 1 0 1,20,122182,8,1954920
5,8,0 1 4 3 2 1 3 0 1,20,121722,8,1947560
5,8,0 1 4 3 2 3 0 0 1,20,121844,0,1949504
5,8,0 1 4 3 2 3 1 0 1,20,122020,0,1952320
5,8,0 1 4 3 2 3 3 0 1,20,122026,0,1952416
5,8,0 1 4 3 3 0 0 0 1,20,122254,0,1956064
5,8,0 1 4 3 3 0 1 0 1,20,121819,16,1949120
5,8,0 1 4 3 3 0 3 0 1,20,122109,0,1953744
5,8,0 1 4 3 3 1 1 0 1,20,122106,8,1953704
5,8,0 1 4 3 3 1 3 0 1,20,121919,8,1950712
5,8,0 1 4 3 3 3 0 0 1,20,121823,8,1949176
5,8,0 1 4 3 3 3 1 0 1,20,122092,8,1953480
5,8,0 1 4 3 3 3 3 0 1,20,122109,0,1953744
5,8,0 1 4 3 4 0 0 0 1,20,122215,0,1955440
5,8,0 1 4 3 4 0 1 0 1,20,121870,8,1949928
5,8,0 1 4 3 4 0 3 0 1,20,122091,0,1953456
5,8,0 1 4 3 4 1 1 0 1,20,121964,8,1951432
5,8,0 1 4 3 4 1 3 0 1,20,122270,0,1956320
5,8,0 1 4 3 4 3 0 0 1,20,122019,0,1952304
5,8,0 1 4 3 4 3 1 0 1,20,121588,0,1945408
5,8,0 1 4 3 4 3 3 0 1,20,122214,16,1955440
5,8,0 1 4 4 0 1 1 0 1,20,122140,8,1954248
5,8,0 1 4 4 0 1 3 0 1,20,122238,0,1955808
5,8,0 1 4 4 0 3 0 0 1,20,121817,8,1949080
5,8,0 1 4 4 0 3 1 0 1,20,122304,8,1956872
5,8,0 1 4 4 0 3 3 0 1,20,121905,16,1950496
5,8,0 1 4 4 1 1 1 0 1,20,122363,8,1957816
5,8,0 1 4 4 1 1 3 0 1,20,121925,0,1950800
5,8,0 1 4 4 1 3 0 0 1,20,121726,8,1947624
5,8,0 1 4 4 1 3 1 0 1,20,122009,0,1952144
5,8,0 1 4 4 1 3 3 0 1,20,121736,0,1947776
5,8,0 1 4 4 2 1 1 0 1,20,122208,0,1955328
5,8,0 1 4 4 2 1 3 0 1,20,122106,8,1953704
5,8,0 1 4 4 2 3 0 0 1,20,122256,8,1956104
5,8,0 1 4 4 2 3 1 0 1,20,121947,0,1951152
5,8,0 1 4 4 2 3 3 0 1,20,122544,0,1960704
5,8,0 1 4 4 3 1 1 0 1,20,122142,8,1954280
5,8,0 1 4 4 3 1 3 0 1,20,121710,8,1947368
5,8,0 1 4 4 3 3 0 0 1,20,121886,0,1950176
5,8,0 1 4 4 3 3 1 0 1,20,122015,8,1952248
5,8,0 1 4 4 3 3 3 0 1,20,122326,0,1957216
5,8,0 1 4 4 4 1 1 0 1,20,121771,0,1948336
5,8,0 1 4 4 4 1 3 0 1,20,122368,0,1957888
5,8,0 1 4 4 4 3 0 0 1,20,122159,0,1954544
5,8,0 1 4 4 4 3 1 0 1,20,121812,0,1948992
5,8,0 1 4 4 4 3 3 0 1,20,122551,0,1960816
5,8,0 2 0 0 0 1 1 0 1,20,122415,0,1958640
5,8,0 2 0 0 0 1 3 0 1,20,122068,0,1953088
5,8,0 2 0 0 0 3 0 0 1,20,122059,8,1952952
5,8,0 2 0 0 0 3 1 0 1,20,122334,0,1957344
5,8,0 2 0 0 0 3 3 0 1,20,122200,0,1955200
5,8,0 2 0 0 1 1 1 0 1,20,121899,8,1950392
5,8,0 2 0 0 1 1 3 0 1,20,121794,8,1948712
5,8,0 2 0 0 1 3 0 0 1,20,121938,16,1951024
5,8,0 2 0 0 1 3 1 0 1,20,122005,8,1952088
5,8,0 2 0 0 1 3 3 0 1,20,122192,0,1955072
5,8,0 2 0 0 2 1 1 0 1,20,122672,8,1962760
5,8,0 2 0 0 2 1 3 0 1,20,121956,8,1951304
5,8,0 2 0 0 2 3 0 0 1,20,121853,0,1949648
5,8,0 2 0 0 2 3 1 0 1,20,121878,0,1950048
5,8,0 2 0 0 2 3 3 0 1,20,122113,8,1953816
5,8,0 2 0 0 3 1 1 0 1,20,121553,8,1944856
5,8,0 2 0 0 3 1 3 0 1,20,122097,8,1953560
5,8,0 2 0 0 3 3 0 0 1,20,122385,0,1958160
5,8,0 2 0 0 3 3 1 0 1,20,121929,8,1950872
5,8,0 2 0 0 3 3 3 0 1,20,122373,8,1957976
5,8,0 2 0 0 4 1 1 0 1,20,122297,8,1956760
5,8,0 2 0 0 4 1 3 0 1,20,121941,8,1951064
5,8,0 2 0 0 4 3 0 0 1,20,122257,32,1956144
5,8,0 2 0 0 4 3 1 0 1,20,121770,16,1948336
5,8,0 2 0 0 4 3 3 0 1,20,122251,8,1956024
5,8,0 2 0 1 0 0 1 0 1,20,122372,8,1957960
5,8,0 2 0 1 0 0 3 0 1,20,122437,8,1959000
5,8,0 2 0 1 0 1 1 0 1,20,121932,8,1950920
5,8,0 2 0 1 0 1 3 0 1,20,122125,8,1954008
5,8,0 2 0 1 0 3 0 0 1,20,121982,0,1951712
5,8,0 2 0 1 0 3 1 0 1,20,121684,0,1946944
5,8,0 2 0 1 0 3 3 0 1,20,121685,8,1946968
5,8,0 2 0 1 1 0 1 0 1,20,122181,0,1954896
5,8,0 2 0 1 1 0 3 0 1,20,122116,8,1953864
5,8,0 2 0 1 1 1 1 0 1,20,121834,8,1949352
5,8,0 2 0 1 1 1 3 0 1,20,122228,8,1955656
5,8,0 2 0 1 1 3 0 0 1,20,122241,8,1955864
5,8,0 2 0 1 1 3 1 0 1,20,122081,8,1953304
5,8,0 2 0 1 1 3 3 0 1,20,122312,8,1957000
5,8,0 2 0 1 2 0 1 0 1,20,121738,8,1947816
5,8,0 2 0 1 2 0 3 0 1,20,121893,8,1950296
5,8,0 2 0 1 2 1 1 0 1,20,121810,0,1948960
5,8,0 2 0 1 2 1 3 0 1,20,121802,0,1948832
5,8,0 2 0 1 2 3 0 0 1,20,122198,0,1955168
5,8,0 2 0 1 2 3 1 0 1,20,122045,0,1952720
5,8,0 2 0 1 2 3 3 0 1,20,122323,16,1957184
5,8,0 2 0 1 3 0 1 0 1,20,121890,0,1950240
5,8,0 2 0 1 3 0 3 0 1,20,122088,8,1953416
5,8,0 2 0 1 3 1 1 0 1,20,122278,8,1956456
5,8,0 2 0 1 3 1 3 0 1,20,122292,0,1956672
5,8,0 2 0 1 3 3 0 0 1,20,122137,8,1954200
5,8,0 2 0 1 3 3 1 0 1,20,121705,0,1947280
5,8,0 2 0 1 3 3 3 0 1,20,121784,0,1948544
5,8,0 2 0 1 4 0 1 0 1,20,122116,0,1953856
5,8,0 2 0 1 4 0 3 0 1,20,121757,0,1948112
5,8,0 2 0 1 4 1 1 0 1,20,121710,0,1947360
5,8,0 2 0 1 4 1 3 0 1,20,121800,0,1948800
5,8,0 2 0 1 4 3 0 0 1,20,122109,0,1953744
5,8,0 2 0 1 4 3 1 0 1,20,122204,16,1955280
5,8,0 2 0 1 4 3 3 0 1,20,122154,8,1954472
5,8,0 2 0 2 0 1 1 0 1,20,122152,0,1954432
5,8,0 2 0 2 0 1 3 0 1,20,121824,0,1949184
5,8,0 2 0 2 0 3 0 0 1,20,122242,0,1955872
5,8,0 2 0 2 0 3 1 0 1,20,121978,8,1951656
5,8,0 2 0 2 0 3 3 0 1,20,121802,0,1948832
5,8,0 2 0 2 1 1 1 0 1,20,121904,8,1950472
5,8,0 2 0 2 1 1 3 0 1,20,122262,0,1956192
5,8,0 2 0 2 1 3 0 0 1,20,121959,0,1951344
5,8,0 2 0 2 1 3 1 0 1,20,122177,8,1954840
5,8,0 2 0 2 1 3 3 0 1,20,121900,0,1950400
5,8,0 2 0 2 2 1 1 0 1,20,122185,8,1954968
5,8,0 2 0 2 2 1 3 0 1,20,122463,0,1959408
5,8,0 2 0 2 2 3 0 0 1,20,121973,0,1951568
5,8,0 2 0 2 2 3 1 0 1,20,122120,0,1953920
5,8,0 2 0 2 2 3 3 0 1,20,121902,8,1950440
5,8,0 2 0 2 3 1 1 0 1,20,122554,8,1960872
5,8,0 2 0 2 3 1 3 0 1,20,121648,0,1946368
5,8,0 2 0 2 3 3 0 0 1,20,122420,0,1958720
5,8,0 2 0 2 3 3 1 0 1,20,122159,0,1954544
5,8,0 2 0 2 3 3 3 0 1,20,122123,8,1953976
5,8,0 2 0 2 4 1 1 0 1,20,122386,8,1958184
5,8,0 2 0 2 4 1 3 0 1,20,121993,8,1951896
5,8,0 2 0 2 4 3 0 0 1,20,121984,0,1951744
5,8,0 2 0 2 4 3 1 0 1,20,121970,8,1951528
5,8,0 2 0 2 4 3 3 0 1,20,121989,16,1951840
5,8,0 2 0 3 0 0 0 0 1,20,122195,8,1955128
5,8,0 2 0 3 0 0 1 0 1,20,121857,8,1949720
5,8,0 2 0 3 0 0 3 0 1,20,121753,8,1948056
5,8,0 2 0 3 0 1 1 0 1,20,121901,0,1950416
5,8,0 2 0 3 0 1 3 0 1,20,122148,8,1954376
5,8,0 2 0 3 0 3 0 0 1,20,122052,0,1952832
5,8,0 2 0 3 0 3 1 0 1,20,122352,8,1957640
5,8,0 2 0 3 0 3 3 0 1,20,122379,8,1958072
5,8,0 2 0 3 1 0 0 0 1,20,122204,8,1955272
5,8,0 2 0 3 1 0 1 0 1,20,122223,8,1955576
5,8,0 2 0 3 1 0 3 0 1,20,122198,8,1955176
5,8,0 2 0 3 1 1 1 0 1,20,121649,8,1946392
5,8,0 2 0 3 1 1 3 0 1,20,122362,8,1957800
5,8,0 2 0 3 1 3 0 0 1,20,121861,8,1949784
5,8,0 2 0 3 1 3 1 0 1,20,122083,8,1953336
5,8,0 2 0 3 1 3 3 0 1,20,122112,0,1953792
5,8,0 2 0 3 2 0 0 0 1,20,122238,8,1955816
5,8,0 2 0 3 2 0 1 0 1,20,121816,0,1949056
5,8,0 2 0 3 2 0 3 0 1,20,122336,8,1957384
5,8,0 2 0 3 2 1 1 0 1,20,122219,0,1955504
5,8,0 2 0 3 2 1 3 0 1,20,122159,8,1954552
5,8,0 2 0 3 2 3 0 0 1,20,121933,0,1950928
5,8,0 2 0 3 2 3 1 0 1,20,122058,0,1952928
5,8,0 2 0 3 2 3 3 0 1,20,122259,0,1956144
5,8,0 2 0 3 3 0 0 0 1,20,121826,0,1949216
5,8,0 2 0 3 3 0 1 0 1,20,122182,8,1954920
5,8,0 2 0 3 3 0 3 0 1,20,121775,0,1948400
5,8,0 2 0 3 3 1 1 0 1,20,121756,8,1948104
5,8,0 2 0 3 3 1 3 0 1,20,122393,0,1958288
5,8,0 2 0 3 3 3 0 0 1,20,122005,0,1952080
5,8,0 2 0 3 3 3 1 0 1,20,122129,0,1954064
5,8,0 2 0 3 3 3 3 0 1,20,122204,8,1955272
5,8,0 2 0 3 4 0 0 0 1,20,122221,0,1955536
5,8,0 2 0 3 4 0 1 0 1,20,121921,0,1950736
5,8,0 2 0 3 4 0 3 0 1,20,122117,0,1953872
5,8,0 2 0 3 4 1 1 0 1,20,122001,16,1952032
5,8,0 2 0 3 4 1 3 0 1,20,122107,0,1953712
5,8,0 2 0 3 4 3 0 0 1,20,122079,0,1953264
5,8,0 2 0 3 4 3 1 0 1,20,122450,0,1959200
5,8,0 2 0 3 4 3 3 0 1,20,122242,16,1955888
5,8,0 2 0 4 0 1 1 0 1,20,122039,8,1952632
5,8,0 2 0 4 0 1 3 0 1,20,121796,8,1948744
5,8,0 2 0 4 0 3 0 0 1,20,121892,0,1950272
5,8,0 2 0 4 0 3 1 0 1,20,121906,0,1950496
5,8,0 2 0 4 0 3 3 0 1,20,122632,16,1962128
5,8,0 2 0 4 1 1 1 0 1,20,121917,0,1950672
5,8,0 2 0 4 1 1 3 0 1,20,122155,0,1954480
5,8,0 2 0 4 1 3 0 0 1,20,121921,8,1950744
5,8,0 2 0 4 1 3 1 0 1,20,121897,0,1950352
5,8,0 2 0 4 1 3 3 0 1,20,122176,0,1954816
5,8,0 2 0 4 2 1 1 0 1,20,122083,0,1953328
5,8,0 2 0 4 2 1 3 0 1,20,121961,8,1951384
5,8,0 2 0 4 2 3 0 0 1,20,122243,0,1955888
5,8,0 2 0 4 2 3 1 0 1,20,121964,0,1951424
5,8,0 2 0 4 2 3 3 0 1,20,121968,8,1951496
5,8,0 2 0 4 3 1 1 0 1,20,122259,8,1956152
5,8,0 2 0 4 3 1 3 0 1,20,122452,0,1959232
5,8,0 2 0 4 3 3 0 0 1,20,121867,8,1949880
5,8,0 2 0 4 3 3 1 0 1,20,121932,8,1950920
5,8,0 2 0 4 3 3 3 0 1,20,122112,0,1953792
5,8,0 2 0 4 4 1 1 0 1,20,122164,0,1954624
5,8,0 2 0 4 4 1 3 0 1,20,122348,0,1957568
5,8,0 2 0 4 4 3 0 0 1,20,122404,0,1958464
5,8,0 2 0 4 4 3 1 0 1,20,122135,16,1954176
5,8,0 2 0 4 4 3 3 0 1,20,122075,16,1953216
5,8,0 2 1 0 0 1 1 0 1,20,122231,8,1955704
5,8,0 2 1 0 0 1 3 0 1,20,121889,0,1950224
5,8,0 2 1 0 0 3 0 0 1,20,121722,16,1947568
5,8,0 2 1 0 0 3 1 0 1,20,122230,8,1955688
5,8,0 2 1 0 0 3 3 0 1,20,121942,8,1951080
5,8,0 2 1 0 1 1 1 0 1,20,121938,0,1951008
5,8,0 2 1 0 1 1 3 0 1,20,122432,0,1958912
5,8,0 2 1 0 1 3 0 0 1,20,122241,0,1955856
5,8,0 2 1 0 1 3 1 0 1,20,121796,16,1948752
5,8,0 2 1 0 1 3 3 0 1,20,122060,8,1952968
5,8,0 2 1 0 2 1 1 0 1,20,121978,8,1951656
5,8,0 2 1 0 2 1 3 0 1,20,122024,16,1952400
5,8,0 2 1 0 2 3 0 0 1,20,121847,16,1949568
5,8,0 2 1 0 2 3 1 0 1,20,121705,8,1947288
5,8,0 2 1 0 2 3 3 0 1,20,122118,0,1953888
5,8,0 2 1 0 3 1 1 0 1,20,122436,0,1958976
5,8,0 2 1 0 3 1 3 0 1,20,122142,0,1954272
5,8,0 2 1 0 3 3 0 0 1,20,122086,4,1953380
5,8,0 2 1 0 3 3 1 0 1,20,122130,0,1954080
5,8,0 2 1 0 3 3 3 0 1,20,122077,0,1953232
5,8,0 2 1 0 4 1 1 0 1,20,122216,8,1955464
5,8,0 2 1 0 4 1 3 0 1,20,122007,8,1952120
5,8,0 2 1 0 4 3 0 0 1,20,122375,16,1958016
5,8,0 2 1 0 4 3 1 0 1,20,122207,8,1955320
5,8,0 2 1 0 4 3 3 0 1,20,122064,16,1953040
5,8,0 2 1 1 0 0 1 0 1,20,122275,16,1956416
5,8,0 2 1 1 0 0 3 0 1,20,121839,8,1949432
5,8,0 2 1 1 0 1 1 0 1,20,121938,8,1951016
5,8,0 2 1 1 0 1 3 0 1,20,122421,8,1958744
5,8,0 2 1 1 0 3 0 0 1,20,121815,8,1949048
5,8,0 2 1 1 0 3 1 0 1,20,121769,8,1948312
5,8,0 2 1 1 0 3 3 0 1,20,122260,16,1956176
5,8,0 2 1 1 1 0 1 0 1,20,121921,8,1950744
5,8,0 2 1 1 1 0 3 0 1,20,121972,0,1951552
5,8,0 2 1 1 1 1 1 0 1,20,122109,0,1953744
5,8,0 2 1 1 1 1 3 0 1,20,122323,0,1957168
5,8,0 2 1 1 1 3 0 0 1,20,122316,0,1957056
5,8,0 2 1 1 1 3 1 0 1,20,121869,0,1949904
5,8,0 2 1 1 1 3 3 0 1,20,122377,8,1958040
5,8,0 2 1 1 2 0 1 0 1,20,122335,8,1957368
5,8,0 2 1 1 2 0 3 0 1,20,121976,0,1951616
5,8,0 2 1 1 2 1 1 0 1,20,122106,0,1953696
5,8,0 2 1 1 2 1 3 0 1,20,122306,16,1956912
5,8,0 2 1 1 2 3 0 0 1,20,122008,0,1952128
5,8,0 2 1 1 2 3 1 0 1,20,121943,0,1951088
5,8,0 2 1 1 2 3 3 0 1,20,121686,0,1946976
5,8,0 2 1 1 3 0 1 0 1,20,122131,8,1954104
5,8,0 2 1 1 3 0 3 0 1,20,122047,0,1952752
5,8,0 2 1 1 3 1 1 0 1,20,121845,0,1949520
5,8,0 2 1 1 3 1 3 0 1,20,121740,0,1947840
5,8,0 2 1 1 3 3 0 0 1,20,122420,0,1958720
5,8,0 2 1 1 3 3 1 0 1,20,122403,0,1958448
5,8,0 2 1 1 3 3 3 0 1,20,122198,8,1955176
5,8,0 2 1 1 4 0 1 0 1,20,122241,0,1955856
5,8,0 2 1 1 4 0 3 0 1,20,121826,0,1949216
5,8,0 2 1 1 4 1 1 0 1,20,121957,0,1951312
5,8,0 2 1 1 4 1 3 0 1,20,121864,0,1949824
5,8,0 2 1 1 4 3 0 0 1,20,121945,16,1951136
5,8,0 2 1 1 4 3 1 0 1,20,122068,8,1953096
5,8,0 2 1 1 4 3 3 0 1,20,122139,16,1954240
5,8,0 2 1 2 0 1 1 0 1,20,122341,0,1957456
5,8,0 2 1 2 0 1 3 0 1,20,121861,8,1949784
5,8,0 2 1 2 0 3 0 0 1,20,122050,8,1952808
5,8,0 2 1 2 0 3 1 0 1,20,121948,16,1951184
5,8,0 2 1 2 0 3 3 0 1,20,121842,0,1949472
5,8,0 2 1 2 1 1 1 0 1,20,122071,0,1953136
5,8,0 2 1 2 1 1 3 0 1,20,121759,16,1948160
5,8,0 2 1 2 1 3 0 0 1,20,122066,0,1953056
5,8,0 2 1 2 1 3 1 0 1,20,121807,0,1948912
5,8,0 2 1 2 1 3 3 0 1,20,121980,8,1951688
5,8,0 2 1 2 2 1 1 0 1,20,121972,8,1951560
5,8,0 2 1 2 2 1 3 0 1,20,122148,8,1954376
5,8,0 2 1 2 2 3 0 0 1,20,122233,0,1955728
5,8,0 2 1 2 2 3 1 0 1,20,122107,0,1953712
5,8,0 2 1 2 2 3 3 0 1,20,122203,8,1955256
5,8,0 2 1 2 3 1 1 0 1,20,122236,0,1955776
5,8,0 2 1 2 3 1 3 0 1,20,122121,0,1953936
5,8,0 2 1 2 3 3 0 0 1,20,121995,0,1951920
5,8,0 2 1 2 3 3 1 0 1,20,121965,8,1951448
5,8,0 2 1 2 3 3 3 0 1,20,122295,8,1956728
5,8,0 2 1 2 4 1 1 0 1,20,122095,0,1953520
5,8,0 2 1 2 4 1 3 0 1,20,122224,8,1955592
5,8,0 2 1 2 4 3 0 0 1,20,122018,8,1952296
5,8,0 2 1 2 4 3 1 0 1,20,122199,8,1955192
5,8,0 2 1 2 4 3 3 0 1,20,122138,16,1954224
5,8,0 2 1 3 0 0 0 0 1,20,121938,8,1951016
5,8,0 2 1 3 0 0 1 0 1,20,122243,8,1955896
5,8,0 2 1 3 0 0 3 0 1,20,121997,0,1951952
5,8,0 2 1 3 0 1 1 0 1,20,122321,8,1957144
5,8,0 2 1 3 0 1 3 0 1,20,121954,0,1951264
5,8,0 2 1 3 0 3 0 0 1,20,122443,0,1959088
5,8,0 2 1 3 0 3 1 0 1,20,122246,8,1955944
5,8,0 2 1 3 0 3 3 0 1,20,122115,8,1953848
5,8,0 2 1 3 1 0 0 0 1,20,121996,16,1951952
5,8,0 2 1 3 1 0 1 0 1,20,121896,8,1950344
5,8,0 2 1 3 1 0 3 0 1,20,121945,8,1951128
5,8,0 2 1 3 1 1 1 0 1,20,122016,8,1952264
5,8,0 2 1 3 1 1 3 0 1,20,122115,8,1953848
5,8,0 2 1 3 1 3 0 0 1,20,122473,8,1959576
5,8,0 2 1 3 1 3 1 0 1,20,121921,0,1950736
5,8,0 2 1 3 1 3 3 0 1,20,122227,0,1955632
5,8,0 2 1 3 2 0 0 0 1,20,121997,24,1951976
5,8,0 2 1 3 2 0 1 0 1,20,121918,0,1950688
5,8,0 2 1 3 2 0 3 0 1,20,121773,0,1948368
5,8,0 2 1 3 2 1 1 0 1,20,121943,0,1951088
5,8,0 2 1 3 2 1 3 0 1,20,121717,0,1947472
5,8,0 2 1 3 2 3 0 0 1,20,122038,0,1952608
5,8,0 2 1 3 2 3 1 0 1,20,122097,8,1953560
5,8,0 2 1 3 2 3 3 0 1,20,122048,0,1952768
5,8,0 2 1 3 3 0 0 0 1,20,122303,16,1956864
5,8,0 2 1 3 3 0 1 0 1,20,121974,0,1951584
5,8,0 2 1 3 3 0 3 0 1,20,122027,8,1952440
5,8,0 2 1 3 3 1 1 0 1,20,122111,8,1953784
5,8,0 2 1 3 3 1 3 0 1,20,122017,8,1952280
5,8,0 2 1 3 3 3 0 0 1,20,122005,0,1952080
5,8,0 2 1 3 3 3 1 0 1,20,121927,8,1950840
5,8,0 2 1 3 3 3 3 0 1,20,122248,0,1955968
5,8,0 2 1 3 4 0 0 0 1,20,122177,8,1954840
5,8,0 2 1 3 4 0 1 0 1,20,121806,0,1948896
5,8,0 2 1 3 4 0 3 0 1,20,122100,0,1953600
5,8,0 2 1 3 4 1 1 0 1,20,122730,8,1963688
5,8,0 2 1 3 4 1 3 0 1,20,122158,16,1954544
5,8,0 2 1 3 4 3 0 0 1,20,121948,8,1951176
5,8,0 2 1 3 4 3 1 0 1,20,121708,0,1947328
5,8,0 2 1 3 4 3 3 0 1,20,122154,8,1954472
5,8,0 2 1 4 0 1 1 0 1,20,122245,0,1955920
5,8,0 2 1 4 0 1 3 0 1,20,122429,0,1958864
5,8,0 2 1 4 0 3 0 0 1,20,122475,8,1959608
5,8,0 2 1 4 0 3 1 0 1,20,122099,8,1953592
5,8,0 2 1 4 0 3 3 0 1,20,122003,16,1952064
5,8,0 2 1 4 1 1 1 0 1,20,122235,8,1955768
5,8,0 2 1 4 1 1 3 0 1,20,122642,0,1962272
5,8,0 2 1 4 1 3 0 0 1,20,122291,0,1956656
5,8,0 2 1 4 1 3 1 0 1,20,122316,0,1957056
5,8,0 2 1 4 1 3 3 0 1,20,122171,16,1954752
5,8,0 2 1 4 2 1 1 0 1,20,122347,8,1957560
5,8,0 2 1 4 2 1 3 0 1,20,122270,0,1956320
5,8,0 2 1 4 2 3 0 0 1,20,121785,8,1948568
5,8,0 2 1 4 2 3 1 0 1,20,122249,8,1955992
5,8,0 2 1 4 2 3 3 0 1,20,122209,8,1955352
5,8,0 2 1 4 3 1 1 0 1,20,122259,0,1956144
5,8,0 2 1 4 3 1 3 0 1,20,121824,8,1949192
5,8,0 2 1 4 3 3 0 0 1,20,122087,8,1953400
5,8,0 2 1 4 3 3 1 0 1,20,121974,0,1951584
5,8,0 2 1 4 3 3 3 0 1,20,122031,0,1952496
5,8,0 2 1 4 4 1 1 0 1,20,122143,8,1954296
5,8,0 2 1 4 4 1 3 0 1,20,122130,0,1954080
5,8,0 2 1 4 4 3 0 0 1,20,122116,0,1953856
5,8,0 2 1 4 4 3 1 0 1,20,122221,8,1955544
5,8,0 2 1 4 4 3 3 0 1,20,121959,0,1951344
5,8,0 2 2 0 0 1 1 0 1,20,121755,0,1948080
5,8,0 2 2 0 0 1 3 0 1,20,121953,8,1951256
5,8,0 2 2 0 0 3 0 0 1,20,122383,8,1958136
5,8,0 2 2 0 0 3 1 0 1,20,121936,8,1950984
5,8,0 2 2 0 0 3 3 0 1,20,122358,8,1957736
5,8,0 2 2 0 1 1 1 0 1,20,122021,8,1952344
5,8,0 2 2 0 1 1 3 0 1,20,122058,0,1952928
5,8,0 2 2 0 1 3 0 0 1,20,122046,8,1952744
5,8,0 2 2 0 1 3 1 0 1,20,121885,16,1950176
5,8,0 2 2 0 1 3 3 0 1,20,122412,8,1958600
5,8,0 2 2 0 2 1 1 0 1,20,121731,0,1947696
5,8,0 2 2 0 2 1 3 0 1,20,122395,8,1958328
5,8,0 2 2 0 2 3 0 0 1,20,121979,0,1951664
5,8,0 2 2 0 2 3 1 0 1,20,122019,8,1952312
5,8,0 2 2 0 2 3 3 0 1,20,122239,8,1955832
5,8,0 2 2 0 3 1 1 0 1,20,122107,8,1953720
5,8,0 2 2 0 3 1 3 0 1,20,122053,0,1952848
5,8,0 2 2 0 3 3 0 0 1,20,122089,8,1953432
5,8,0 2 2 0 3 3 1 0 1,20,121969,8,1951512
5,8,0 2 2 0 3 3 3 0 1,20,121851,16,1949632
5,8,0 2 2 0 4 1 1 0 1,20,122395,8,1958328
5,8,0 2 2 0 4 1 3 0 1,20,122058,0,1952928
5,8,0 2 2 0 4 3 0 0 1,20,122122,0,1953952
5,8,0 2 2 0 4 3 1 0 1,20,122323,16,1957184
5,8,0 2 2 0 4 3 3 0 1,20,122065,8,1953048
5,8,0 2 2 1 0 0 1 0 1,20,121334,0,1941344
5,8,0 2 2 1 0 0 3 0 1,20,122210,0,1955360
5,8,0 2 2 1 0 1 1 0 1,20,121824,0,1949184
5,8,0 2 2 1 0 1 3 0 1,20,122072,24,1953176
5,8,0 2 2 1 0 3 0 0 1,20,122101,0,1953616
5,8,0 2 2 1 0 3 1 0 1,20,121876,16,1950032
5,8,0 2 2 1 0 3 3 0 1,20,122267,8,1956280
5,8,0 2 2 1 1 0 1 0 1,20,122372,0,1957952
5,8,0 2 2 1 1 0 3 0 1,20,121948,8,1951176
5,8,0 2 2 1 1 1 1 0 1,20,122118,8,1953896
5,8,0 2 2 1 1 1 3 0 1,20,122056,0,1952896
5,8,0 2 2 1 1 3 0 0 1,20,121883,16,1950144
5,8,0 2 2 1 1 3 1 0 1,20,122319,0,1957104
5,8,0 2 2 1 1 3 3 0 1,20,121998,8,1951976
5,8,0 2 2 1 2 0 1 0 1,20,122064,0,1953024
5,8,0 2 2 1 2 0 3 0 1,20,121775,8,1948408
5,8,0 2 2 1 2 1 1 0 1,20,121931,0,1950896
5,8,0 2 2 1 2 1 3 0 1,20,121966,8,1951464
5,8,0 2 2 1 2 3 0 0 1,20,122036,8,1952584
5,8,0 2 2 1 2 3 1 0 1,20,122472,8,1959560
5,8,0 2 2 1 2 3 3 0 1,20,122140,0,1954240
5,8,0 2 2 1 3 0 1 0 1,20,121867,0,1949872
5,8,0 2 2 1 3 0 3 0 1,20,122027,0,1952432
5,8,0 2 2 1 3 1 1 0 1,20,122223,0,1955568
5,8,0 2 2 1 3 1 3 0 1,20,122121,16,1953952
5,8,0 2 2 1 3 3 0 0 1,20,122149,8,1954392
5,8,0 2 2 1 3 3 1 0 1,20,122470,0,1959520
5,8,0 2 2 1 3 3 3 0 1,20,121674,8,1946792
5,8,0 2 2 1 4 0 1 0 1,20,122113,8,1953816
5,8,0 2 2 1 4 0 3 0 1,20,122149,8,1954392
5,8,0 2 2 1 4 1 1 0 1,20,122499,0,1959984
5,8,0 2 2 1 4 1 3 0 1,20,122004,16,1952080
5,8,0 2 2 1 4 3 0 0 1,20,122016,16,1952272
5,8,0 2 2 1 4 3 1 0 1,20,122057,0,1952912
5,8,0 2 2 1 4 3 3 0 1,20,121755,0,1948080
5,8,0 2 2 2 0 1 1 0 1,20,121857,0,1949712
5,8,0 2 2 2 0 1 3 0 1,20,122152,8,1954440
5,8,0 2 2 2 0 3 0 0 1,20,121913,8,1950616
5,8,0 2 2 2 0 3 1 0 1,20,121876,8,1950024
5,8,0 2 2 2 0 3 3 0 1,20,121943,0,1951088
5,8,0 2 2 2 1 1 1 0 1,20,122360,0,1957760
5,8,0 2 2 2 1 1 3 0 1,20,122099,0,1953584
5,8,0 2 2 2 1 3 0 0 1,20,122419,0,1958704
5,8,0 2 2 2 1 3 1 0 1,20,122099,0,1953584
5,8,0 2 2 2 1 3 3 0 1,20,122212,0,1955392
5,8,0 2 2 2 2 1 1 0 1,20,122181,0,1954896
5,8,0 2 2 2 2 1 3 0 1,20,122151,0,1954416
5,8,0 2 2 2 2 3 0 0 1,20,121971,8,1951544
5,8,0 2 2 2 2 3 1 0 1,20,122713,0,1963408
5,8,0 2 2 2 2 3 3 0 1,20,121914,0,1950624
5,8,0 2 2 2 3 1 1 0 1,20,122226,8,1955624
5,8,0 2 2 2 3 1 3 0 1,20,122040,8,1952648
5,8,0 2 2 2 3 3 0 0 1,20,122157,0,1954512
5,8,0 2 2 2 3 3 1 0 1,20,122208,8,1955336
5,8,0 2 2 2 3 3 3 0 1,20,121861,8,1949784
5,8,0 2 2 2 4 1 1 0 1,20,122248,8,1955976
5,8,0 2 2 2 4 1 3 0 1,20,121847,8,1949560
5,8,0 2 2 2 4 3 0 0 1,20,122072,0,1953152
5,8,0 2 2 2 4 3 1 0 1,20,122516,0,1960256
5,8,0 2 2 2 4 3 3 0 1,20,121925,0,1950800
5,8,0 2 2 3 0 0 0 0 1,20,122151,0,1954416
5,8,0 2 2 3 0 0 1 0 1,20,122078,16,1953264
5,8,0 2 2 3 0 0 3 0 1,20,121759,0,1948144
5,8,0 2 2 3 0 1 1 0 1,20,122138,16,1954224
5,8,0 2 2 3 0 1 3 0 1,20,122225,8,1955608
5,8,0 2 2 3 0 3 0 0 1,20,121798,8,1948776
5,8,0 2 2 3 0 3 1 0 1,20,122100,0,1953600
5,8,0 2 2 3 0 3 3 0 1,20,122142,8,1954280
5,8,0 2 2 3 1 0 0 0 1,20,121950,8,1951208
5,8,0 2 2 3 1 0 1 0 1,20,121616,16,1945872
5,8,0 2 2 3 1 0 3 0 1,20,121921,0,1950736
5,8,0 2 2 3 1 1 1 0 1,20,122503,8,1960056
5,8,0 2 2 3 1 1 3 0 1,20,122129,8,1954072
5,8,0 2 2 3 1 3 0 0 1,20,121756,8,1948104
5,8,0 2 2 3 1 3 1 0 1,20,122073,8,1953176
5,8,0 2 2 3 1 3 3 0 1,20,121835,8,1949368
5,8,0 2 2 3 2 0 0 0 1,20,122064,8,1953032
5,8,0 2 2 3 2 0 1 0 1,20,122124,0,1953984
5,8,0 2 2 3 2 0 3 0 1,20,121969,0,1951504
5,8,0 2 2 3 2 1 1 0 1,20,121933,8,1950936
5,8,0 2 2 3 2 1 3 0 1,20,121959,0,1951344
5,8,0 2 2 3 2 3 0 0 1,20,122211,8,1955384
5,8,0 2 2 3 2 3 1 0 1,20,121836,0,1949376
5,8,0 2 2 3 2 3 3 0 1,20,121714,0,1947424
5,8,0 2 2 3 3 0 0 0 1,20,122011,8,1952184
5,8,0 2 2 3 3 0 1 0 1,20,122352,0,1957632
5,8,0 2 2 3 3 0 3 0 1,20,122586,8,1961384
5,8,0 2 2 3 3 1 1 0 1,20,122277,16,1956448
5,8,0 2 2 3 3 1 3 0 1,20,122323,8,1957176
5,8,0 2 2 3 3 3 0 0 1,20,122152,0,1954432
5,8,0 2 2 3 3 3 1 0 1,20,122339,16,1957440
5,8,0 2 2 3 3 3 3 0 1,20,122020,8,1952328
5,8,0 2 2 3 4 0 0 0 1,20,121962,16,1951408
5,8,0 2 2 3 4 0 1 0 1,20,122030,16,1952496
5,8,0 2 2 3 4 0 3 0 1,20,122032,8,1952520
5,8,0 2 2 3 4 1 1 0 1,20,121854,0,1949664
5,8,0 2 2 3 4 1 3 0 1,20,121825,8,1949208
5,8,0 2 2 3 4 3 0 0 1,20,122417,0,1958672
5,8,0 2 2 3 4 3 1 0 1,20,122021,0,1952336
5,8,0 2 2 3 4 3 3 0 1,20,121853,0,1949648
5,8,0 2 2 4 0 1 1 0 1,20,122024,16,1952400
5,8,0 2 2 4 0 1 3 0 1,20,121895,0,1950320
5,8,0 2 2 4 0 3 0 0 1,20,121926,0,1950816
5,8,0 2 2 4 0 3 1 0 1,20,122287,8,1956600
5,8,0 2 2 4 0 3 3 0 1,20,122188,8,1955016
5,8,0 2 2 4 1 1 1 0 1,20,121924,0,1950784
5,8,0 2 2 4 1 1 3 0 1,20,121852,8,1949640
5,8,0 2 2 4 1 3 0 0 1,20,121941,8,1951064
5,8,0 2 2 4 1 3 1 0 1,20,122067,8,1953080
5,8,0 2 2 4 1 3 3 0 1,20,122101,8,1953624
5,8,0 2 2 4 2 1 1 0 1,20,121816,0,1949056
5,8,0 2 2 4 2 1 3 0 1,20,122280,8,1956488
5,8,0 2 2 4 2 3 0 0 1,20,121956,8,1951304
5,8,0 2 2 4 2 3 1 0 1,20,122256,8,1956104
5,8,0 2 2 4 2 3 3 0 1,20,121952,8,1951240
5,8,0 2 2 4 3 1 1 0 1,20,122055,0,1952880
5,8,0 2 2 4 3 1 3 0 1,20,121833,8,1949336
5,8,0 2 2 4 3 3 0 0 1,20,122114,8,1953832
5,8,0 2 2 4 3 3 1 0 1,20,122082,0,1953312
5,8,0 2 2 4 3 3 3 0 1,20,122029,0,1952464
5,8,0 2 2 4 4 1 1 0 1,20,122092,16,1953488
5,8,0 2 2 4 4 1 3 0 1,20,121986,8,1951784
5,8,0 2 2 4 4 3 0 0 1,20,122109,8,1953752
5,8,0 2 2 4 4 3 1 0 1,20,121904,8,1950472
5,8,0 2 2 4 4 3 3 0 1,20,122304,0,1956864
5,8,0 2 3 0 0 1 1 0 1,20,122073,0,1953168
5,8,0 2 3 0 0 1 3 0 1,20,122041,8,1952664
5,8,0 2 3 0 0 3 0 0 1,20,121876,0,1950016
5,8,0 2 3 0 0 3 1 0 1,20,121982,0,1951712
5,8,0 2 3 0 0 3 3 0 1,20,122203,0,1955248
5,8,0 2 3 0 1 1 1 0 1,20,121922,8,1950760
5,8,0 2 3 0 1 1 3 0 1,20,121517,8,1944280
5,8,0 2 3 0 1 3 0 0 1,20,122002,16,1952048
5,8,0 2 3 0 1 3 1 0 1,20,121727,8,1947640
5,8,0 2 3 0 1 3 3 0 1,20,122027,16,1952448
5,8,0 2 3 0 2 1 1 0 1,20,121940,0,1951040
5,8,0 2 3 0 2 1 3 0 1,20,122335,8,1957368
5,8,0 2 3 0 2 3 0 0 1,20,122243,8,1955896
5,8,0 2 3 0 2 3 1 0 1,20,121767,8,1948280
5,8,0 2 3 0 2 3 3 0 1,20,122362,16,1957808
5,8,0 2 3 0 3 1 1 0 1,20,122195,8,1955128
5,8,0 2 3 0 3 1 3 0 1,20,122208,0,1955328
5,8,0 2 3 0 3 3 0 0 1,20,122366,0,1957856
5,8,0 2 3 0 3 3 1 0 1,20,121998,0,1951968
5,8,0 2 3 0 3 3 3 0 1,20,122221,0,1955536
5,8,0 2 3 0 4 1 1 0 1,20,121829,8,1949272
5,8,0 2 3 0 4 1 3 0 1,20,122173,0,1954768
5,8,0 2 3 0 4 3 0 0 1,20,122064,8,1953032
5,8,0 2 3 0 4 3 1 0 1,20,121940,8,1951048
5,8,0 2 3 0 4 3 3 0 1,20,121965,8,1951448
5,8,0 2 3 1 0 0 1 0 1,20,122089,0,1953424
5,8,0 2 3 1 0 0 3 0 1,20,122494,0,1959904
5,8,0 2 3 1 0 1 1 0 1,20,122039,0,1952624
5,8,0 2 3 1 0 1 3 0 1,20,121689,0,1947024
5,8,0 2 3 1 0 3 0 0 1,20,121943,8,1951096
5,8,0 2 3 1 0 3 1 0 1,20,121819,0,1949104
5,8,0 2 3 1 0 3 3 0 1,20,122145,0,1954320
5,8,0 2 3 1 1 0 1 0 1,20,122330,0,1957280
5,8,0 2 3 1 1 0 3 0 1,20,122038,8,1952616
5,8,0 2 3 1 1 1 1 0 1,20,122085,8,1953368
5,8,0 2 3 1 1 1 3 0 1,20,122492,8,1959880
5,8,0 2 3 1 1 3 0 0 1,20,122058,0,1952928
5,8,0 2 3 1 1 3 1 0 1,20,121906,8,1950504
5,8,0 2 3 1 1 3 3 0 1,20,122108,0,1953728
5,8,0 2 3 1 2 0 1 0 1,20,121909,0,1950544
5,8,0 2 3 1 2 0 3 0 1,20,122017,0,1952272
5,8,0 2 3 1 2 1 1 0 1,20,122199,16,1955200
5,8,0 2 3 1 2 1 3 0 1,20,121980,8,1951688
5,8,0 2 3 1 2 3 0 0 1,20,121858,8,1949736
5,8,0 2 3 1 2 3 1 0 1,20,121898,8,1950376
5,8,0 2 3 1 2 3 3 0 1,20,122265,16,1956256
5,8,0 2 3 1 3 0 1 0 1,20,122274,0,1956384
5,8,0 2 3 1 3 0 3 0 1,20,121951,0,1951216
5,8,0 2 3 1 3 1 1 0 1,20,122187,8,1955000
5,8,0 2 3 1 3 1 3 0 1,20,122095,8,1953528
5,8,0 2 3 1 3 3 0 0 1,20,122266,0,1956256
5,8,0 2 3 1 3 3 1 0 1,20,121836,0,1949376
5,8,0 2 3 1 3 3 3 0 1,20,122142,0,1954272
5,8,0 2 3 1 4 0 1 0 1,20,122236,0,1955776
5,8,0 2 3 1 4 0 3 0 1,20,121825,0,1949200
5,8,0 2 3 1 4 1 1 0 1,20,121991,0,1951856
5,8,0 2 3 1 4 1 3 0 1,20,122287,16,1956608
5,8,0 2 3 1 4 3 0 0 1,20,121864,8,1949832
5,8,0 2 3 1 4 3 1 0 1,20,122195,8,1955128
5,8,0 2 3 1 4 3 3 0 1,20,121717,0,1947472
5,8,0 2 3 2 0 1 1 0 1,20,122615,0,1961840
5,8,0 2 3 2 0 1 3 0 1,20,121809,8,1948952
5,8,0 2 3 2 0 3 0 0 1,20,121891,0,1950256
5,8,0 2 3 2 0 3 1 0 1,20,122353,8,1957656
5,8,0 2 3 2 0 3 3 0 1,20,121755,0,1948080
5,8,0 2 3 2 1 1 1 0 1,20,121741,8,1947864
5,8,0 2 3 2 1 1 3 0 1,20,122404,0,1958464
5,8,0 2 3 2 1 3 0 0 1,20,122120,8,1953928
5,8,0 2 3 2 1 3 1 0 1,20,121871,0,1949936
5,8,0 2 3 2 1 3 3 0 1,20,121954,8,1951272
5,8,0 2 3 2 2 1 1 0 1,20,122056,0,1952896
5,8,0 2 3 2 2 1 3 0 1,20,122258,0,1956128
5,8,0 2 3 2 2 3 0 0 1,20,122128,8,1954056
5,8,0 2 3 2 2 3 1 0 1,20,121920,8,1950728
5,8,0 2 3 2 2 3 3 0 1,20,121964,0,1951424
5,8,0 2 3 2 3 1 1 0 1,20,122025,16,1952416
5,8,0 2 3 2 3 1 3 0 1,20,122001,8,1952024
5,8,0 2 3 2 3 3 0 0 1,20,122228,8,1955656
5,8,0 2 3 2 3 3 1 0 1,20,122375,8,1958008
5,8,0 2 3 2 3 3 3 0 1,20,121941,8,1951064
5,8,0 2 3 2 4 1 1 0 1,20,121907,0,1950512
5,8,0 2 3 2 4 1 3 0 1,20,121717,8,1947480
5,8,0 2 3 2 4 3 0 0 1,20,122469,8,1959512
5,8,0 2 3 2 4 3 1 0 1,20,121565,0,1945040
5,8,0 2 3 2 4 3 3 0 1,20,121675,8,1946808
5,8,0 2 3 3 0 0 0 0 1,20,121930,8,1950888
5,8,0 2 3 3 0 0 1 0 1,20,121720,24,1947544
5,8,0 2 3 3 0 0 3 0 1,20,122094,8,1953512
5,8,0 2 3 3 0 1 1 0 1,20,121718,8,1947496
5,8,0 2 3 3 0 1 3 0 1,20,121778,0,1948448
5,8,0 2 3 3 0 3 0 0 1,20,122423,8,1958776
5,8,0 2 3 3 0 3 1 0 1,20,121758,0,1948128
5,8,0 2 3 3 0 3 3 0 1,20,122198,0,1955168
5,8,0 2 3 3 1 0 0 0 1,20,121937,8,1951000
5,8,0 2 3 3 1 0 1 0 1,20,121927,8,1950840
5,8,0 2 3 3 1 0 3 0 1,20,121907,8,1950520
5,8,0 2 3 3 1 1 1 0 1,20,122028,0,1952448
5,8,0 2 3 3 1 1 3 0 1,20,122117,0,1953872
5,8,0 2 3 3 1 3 0 0 1,20,121838,0,1949408
5,8,0 2 3 3 1 3 1 0 1,20,121791,0,1948656
5,8,0 2 3 3 1 3 3 0 1,20,122182,8,1954920
5,8,0 2 3 3 2 0 0 0 1,20,122049,0,1952784
5,8,0 2 3 3 2 0 1 0 1,20,122678,16,1962864
5,8,0 2 3 3 2 0 3 0 1,20,122127,0,1954032
5,8,0 2 3 3 2 1 1 0 1,20,121863,0,1949808
5,8,0 2 3 3 2 1 3 0 1,20,122028,0,1952448
5,8,0 2 3 3 2 3 0 0 1,20,122036,0,1952576
5,8,0 2 3 3 2 3 1 0 1,20,122423,8,1958776
5,8,0 2 3 3 2 3 3 0 1,20,121932,0,1950912
5,8,0 2 3 3 3 0 0 0 1,20,121936,0,1950976
5,8,0 2 3 3 3 0 1 0 1,20,122181,8,1954904
5,8,0 2 3 3 3 0 3 0 1,20,121962,0,1951392
5,8,0 2 3 3 3 1 1 0 1,20,122448,8,1959176
5,8,0 2 3 3 3 1 3 0 1,20,121843,8,1949496
5,8,0 2 3 3 3 3 0 0 1,20,122341,0,1957456
5,8,0 2 3 3 3 3 1 0 1,20,121806,8,1948904
5,8,0 2 3 3 3 3 3 0 1,20,122092,0,1953472
5,8,0 2 3 3 4 0 0 0 1,20,122137,8,1954200
5,8,0 2 3 3 4 0 1 0 1,20,122053,8,1952856
5,8,0 2 3 3 4 0 3 0 1,20,121904,8,1950472
5,8,0 2 3 3 4 1 1 0 1,20,121700,0,1947200
5,8,0 2 3 3 4 1 3 0 1,20,122151,8,1954424
5,8,0 2 3 3 4 3 0 0 1,20,122274,8,1956392
5,8,0 2 3 3 4 3 1 0 1,20,121731,8,1947704
5,8,0 2 3 3 4 3 3 0 1,20,122281,0,1956496
5,8,0 2 3 4 0 1 1 0 1,20,122027,0,1952432
5,8,0 2 3 4 0 1 3 0 1,20,122387,0,1958192
5,8,0 2 3 4 0 3 0 0 1,20,121901,0,1950416
5,8,0 2 3 4 0 3 1 0 1,20,121955,0,1951280
5,8,0 2 3 4 0 3 3 0 1,20,122186,8,1954984
5,8,0 2 3 4 1 1 1 0 1,20,121845,0,1949520
5,8,0 2 3 4 1 1 3 0 1,20,122319,0,1957104
5,8,0 2 3 4 1 3 0 0 1,20,121820,8,1949128
5,8,0 2 3 4 1 3 1 0 1,20,121983,16,1951744
5,8,0 2 3 4 1 3 3 0 1,20,122292,0,1956672
5,8,0 2 3 4 2 1 1 0 1,20,122056,0,1952896
5,8,0 2 3 4 2 1 3 0 1,20,122110,8,1953768
5,8,0 2 3 4 2 3 0 0 1,20,122311,0,1956976
5,8,0 2 3 4 2 3 1 0 1,20,122032,8,1952520
5,8,0 2 3 4 2 3 3 0 1,20,122030,0,1952480
5,8,0 2 3 4 3 1 1 0 1,20,121915,0,1950640
5,8,0 2 3 4 3 1 3 0 1,20,121959,0,1951344
5,8,0 2 3 4 3 3 0 0 1,20,122063,8,1953016
5,8,0 2 3 4 3 3 1 0 1,20,121834,0,1949344
5,8,0 2 3 4 3 3 3 0 1,20,122103,8,1953656
5,8,0 2 3 4 4 1 1 0 1,20,121855,0,1949680
5,8,0 2 3 4 4 1 3 0 1,20,122115,0,1953840
5,8,0 2 3 4 4 3 0 0 1,20,122234,8,1955752
5,8,0 2 3 4 4 3 1 0 1,20,122055,0,1952880
5,8,0 2 3 4 4 3 3 0 1,20,122340,16,1957456
5,8,0 2 4 0 0 1 1 0 1,20,121818,0,1949088
5,8,0 2 4 0 0 1 3 0 1,20,121795,8,1948728
5,8,0 2 4 0 0 3 0 0 1,20,121913,0,1950608
5,8,0 2 4 0 0 3 1 0 1,20,122041,16,1952672
5,8,0 2 4 0 0 3 3 0 1,20,121891,0,1950256
5,8,0 2 4 0 1 1 1 0 1,20,122011,0,1952176
5,8,0 2 4 0 1 1 3 0 1,20,122033,0,1952528
5,8,0 2 4 0 1 3 0 0 1,20,122235,8,1955768
5,8,0 2 4 0 1 3 1 0 1,20,122088,16,1953424
5,8,0 2 4 0 1 3 3 0 1,20,122149,8,1954392
5,8,0 2 4 0 2 1 1 0 1,20,121935,8,1950968
5,8,0 2 4 0 2 1 3 0 1,20,122327,8,1957240
5,8,0 2 4 0 2 3 0 0 1,20,121858,16,1949744
5,8,0 2 4 0 2 3 1 0 1,20,121966,16,1951472
5,8,0 2 4 0 2 3 3 0 1,20,122081,0,1953296
5,8,0 2 4 0 3 1 1 0 1,20,122185,0,1954960
5,8,0 2 4 0 3 1 3 0 1,20,121674,8,1946792
5,8,0 2 4 0 3 3 0 0 1,20,121879,8,1950072
5,8,0 2 4 0 3 3 1 0 1,20,121962,16,1951408
5,8,0 2 4 0 3 3 3 0 1,20,121791,8,1948664
5,8,0 2 4 0 4 1 1 0 1,20,122306,0,1956896
5,8,0 2 4 0 4 1 3 0 1,20,121660,0,1946560
5,8,0 2 4 0 4 3 0 0 1,20,121831,0,1949296
5,8,0 2 4 0 4 3 1 0 1,20,121859,8,1949752
5,8,0 2 4 0 4 3 3 0 1,20,122180,0,1954880
5,8,0 2 4 1 0 0 1 0 1,20,122048,8,1952776
5,8,0 2 4 1 0 0 3 0 1,20,122351,8,1957624
5,8,0 2 4 1 0 1 1 0 1,20,122098,8,1953576
5,8,0 2 4 1 0 1 3 0 1,20,122073,0,1953168
5,8,0 2 4 1 0 3 0 0 1,20,122515,8,1960248
5,8,0 2 4 1 0 3 1 0 1,20,122250,8,1956008
5,8,0 2 4 1 0 3 3 0 1,20,121821,0,1949136
5,8,0 2 4 1 1 0 1 0 1,20,121900,8,1950408
5,8,0 2 4 1 1 0 3 0 1,20,121779,8,1948472
5,8,0 2 4 1 1 1 1 0 1,20,122282,8,1956520
5,8,0 2 4 1 1 1 3 0 1,20,121897,8,1950360
5,8,0 2 4 1 1 3 0 0 1,20,121878,0,1950048
5,8,0 2 4 1 1 3 1 0 1,20,121931,8,1950904
5,8,0 2 4 1 1 3 3 0 1,20,122008,8,1952136
5,8,0 2 4 1 2 0 1 0 1,20,122490,8,1959848
5,8,0 2 4 1 2 0 3 0 1,20,122175,8,1954808
5,8,0 2 4 1 2 1 1 0 1,20,122230,8,1955688
5,8,0 2 4 1 2 1 3 0 1,20,122009,0,1952144
5,8,0 2 4 1 2 3 0 0 1,20,122399,0,1958384
5,8,0 2 4 1 2 3 1 0 1,20,122053,8,1952856
5,8,0 2 4 1 2 3 3 0 1,20,122081,8,1953304
5,8,0 2 4 1 3 0 1 0 1,20,122010,0,1952160
5,8,0 2 4 1 3 0 3 0 1,20,122071,8,1953144
5,8,0 2 4 1 3 1 1 0 1,20,121783,8,1948536
5,8,0 2 4 1 3 1 3 0 1,20,122100,8,1953608
5,8,0 2 4 1 3 3 0 0 1,20,121969,8,1951512
5,8,0 2 4 1 3 3 1 0 1,20,122128,8,1954056
5,8,0 2 4 1 3 3 3 0 1,20,121938,8,1951016
5,8,0 2 4 1 4 0 1 0 1,20,122166,0,1954656
5,8,0 2 4 1 4 0 3 0 1,20,122152,8,1954440
5,8,0 2 4 1 4 1 1 0 1,20,122200,8,1955208
5,8,0 2 4 1 4 1 3 0 1,20,122208,0,1955328
5,8,0 2 4 1 4 3 0 0 1,20,122503,8,1960056
5,8,0 2 4 1 4 3 1 0 1,20,121949,0,1951184
5,8,0 2 4 1 4 3 3 0 1,20,121856,0,1949696
5,8,0 2 4 2 0 1 1 0 1,20,121850,0,1949600
5,8,0 2 4 2 0 1 3 0 1,20,122110,0,1953760
5,8,0 2 4 2 0 3 0 0 1,20,122285,8,1956568
5,8,0 2 4 2 0 3 1 0 1,20,122185,0,1954960
5,8,0 2 4 2 0 3 3 0 1,20,122118,0,1953888
5,8,0 2 4 2 1 1 1 0 1,20,121955,8,1951288
5,8,0 2 4 2 1 1 3 0 1,20,122140,0,1954240
5,8,0 2 4 2 1 3 0 0 1,20,121898,0,1950368
5,8,0 2 4 2 1 3 1 0 1,20,122408,0,1958528
5,8,0 2 4 2 1 3 3 0 1,20,121888,0,1950208
5,8,0 2 4 2 2 1 1 0 1,20,121989,16,1951840
5,8,0 2 4 2 2 1 3 0 1,20,122064,8,1953032
5,8,0 2 4 2 2 3 0 0 1,20,121859,0,1949744
5,8,0 2 4 2 2 3 1 0 1,20,122057,0,1952912
5,8,0 2 4 2 2 3 3 0 1,20,122285,16,1956576
5,8,0 2 4 2 3 1 1 0 1,20,121802,0,1948832
5,8,0 2 4 2 3 1 3 0 1,20,121946,8,1951144
5,8,0 2 4 2 3 3 0 0 1,20,122006,16,1952112
5,8,0 2 4 2 3 3 1 0 1,20,122129,0,1954064
5,8,0 2 4 2 3 3 3 0 1,20,122185,8,1954968
5,8,0 2 4 2 4 1 1 0 1,20,122258,0,1956128
5,8,0 2 4 2 4 1 3 0 1,20,122482,0,1959712
5,8,0 2 4 2 4 3 0 0 1,20,122106,0,1953696
5,8,0 2 4 2 4 3 1 0 1,20,122129,0,1954064
5,8,0 2 4 2 4 3 3 0 1,20,122195,8,1955128
5,8,0 2 4 3 0 0 0 0 1,20,122116,16,1953872
5,8,0 2 4 3 0 0 1 0 1,20,122316,0,1957056
5,8,0 2 4 3 0 0 3 0 1,20,122126,0,1954016
5,8,0 2 4 3 0 1 1 0 1,20,122195,0,1955120
5,8,0 2 4 3 0 1 3 0 1,20,122196,8,1955144
5,8,0 2 4 3 0 3 0 0 1,20,121838,0,1949408
5,8,0 2 4 3 0 3 1 0 1,20,122123,0,1953968
5,8,0 2 4 3 0 3 3 0 1,20,122034,8,1952552
5,8,0 2 4 3 1 0 0 0 1,20,122308,0,1956928
5,8,0 2 4 3 1 0 1 0 1,20,122073,0,1953168
5,8,0 2 4 3 1 0 3 0 1,20,122300,0,1956800
5,8,0 2 4 3 1 1 1 0 1,20,121855,0,1949680
5,8,0 2 4 3 1 1 3 0 1,20,121857,16,1949728
5,8,0 2 4 3 1 3 0 0 1,20,122065,8,1953048
5,8,0 2 4 3 1 3 1 0 1,20,121998,8,1951976
5,8,0 2 4 3 1 3 3 0 1,20,122228,0,1955648
5,8,0 2 4 3 2 0 0 0 1,20,122201,16,1955232
5,8,0 2 4 3 2 0 1 0 1,20,122018,0,1952288
5,8,0 2 4 3 2 0 3 0 1,20,122596,16,1961552
5,8,0 2 4 3 2 1 1 0 1,20,122206,8,1955304
5,8,0 2 4 3 2 1 3 0 1,20,122029,0,1952464
5,8,0 2 4 3 2 3 0 0 1,20,122159,0,1954544
5,8,0 2 4 3 2 3 1 0 1,20,122472,8,1959560
5,8,0 2 4 3 2 3 3 0 1,20,121934,8,1950952
5,8,0 2 4 3 3 0 0 0 1,20,121835,0,1949360
5,8,0 2 4 3 3 0 1 0 1,20,121960,0,1951360
5,8,0 2 4 3 3 0 3 0 1,20,122296,8,1956744
5,8,0 2 4 3 3 1 1 0 1,20,121983,0,1951728
5,8,0 2 4 3 3 1 3 0 1,20,121872,8,1949960
5,8,0 2 4 3 3 3 0 0 1,20,122004,8,1952072
5,8,0 2 4 3 3 3 1 0 1,20,122022,0,1952352
5,8,0 2 4 3 3 3 3 0 1,20,122180,0,1954880
5,8,0 2 4 3 4 0 0 0 1,20,121733,8,1947736
5,8,0 2 4 3 4 0 1 0 1,20,121861,0,1949776
5,8,0 2 4 3 4 0 3 0 1,20,122188,8,1955016
5,8,0 2 4 3 4 1 1 0 1,20,122161,0,1954576
5,8,0 2 4 3 4 1 3 0 1,20,121912,0,1950592
5,8,0 2 4 3 4 3 0 0 1,20,121826,0,1949216
5,8,0 2 4 3 4 3 1 0 1,20,122212,0,1955392
5,8,0 2 4 3 4 3 3 0 1,20,122033,8,1952536
5,8,0 2 4 4 0 1 1 0 1,20,121773,8,1948376
5,8,0 2 4 4 0 1 3 0 1,20,122259,16,1956160
5,8,0 2 4 4 0 3 0 0 1,20,121655,8,1946488
5,8,0 2 4 4 0 3 1 0 1,20,122037,0,1952592
5,8,0 2 4 4 0 3 3 0 1,20,121940,8,1951048
5,8,0 2 4 4 1 1 1 0 1,20,121646,0,1946336
5,8,0 2 4 4 1 1 3 0 1,20,122149,0,1954384
5,8,0 2 4 4 1 3 0 0 1,20,121925,8,1950808
5,8,0 2 4 4 1 3 1 0 1,20,122048,0,1952768
5,8,0 2 4 4 1 3 3 0 1,20,121981,0,1951696
5,8,0 2 4 4 2 1 1 0 1,20,121846,24,1949560
5,8,0 2 4 4 2 1 3 0 1,20,121842,8,1949480
5,8,0 2 4 4 2 3 0 0 1,20,122016,8,1952264
5,8,0 2 4 4 2 3 1 0 1,20,122042,8,1952680
5,8,0 2 4 4 2 3 3 0 1,20,121852,0,1949632
5,8,0 2 4 4 3 1 1 0 1,20,122104,0,1953664
5,8,0 2 4 4 3 1 3 0 1,20,122086,0,1953376
5,8,0 2 4 4 3 3 0 0 1,20,121672,0,1946752
5,8,0 2 4 4 3 3 1 0 1,20,121992,8,1951880
5,8,0 2 4 4 3 3 3 0 1,20,121834,8,1949352
5,8,0 2 4 4 4 1 1 0 1,20,122204,8,1955272
5,8,0 2 4 4 4 1 3 0 1,20,121667,16,1946688
5,8,0 2 4 4 4 3 0 0 1,20,122223,8,1955576
5,8,0 2 4 4 4 3 1 0 1,20,121518,0,1944288
5,8,0 2 4 4 4 3 3 0 1,20,122185,0,1954960
5,8,0 3 0 0 0 0 0 0 1,20,122423,0,1958768
5,8,0 3 0 0 0 0 1 0 1,20,122218,0,1955488
5,8,0 3 0 0 0 0 3 0 1,20,121821,0,1949136
5,8,0 3 0 0 0 1 1 0 1,20,122244,8,1955912
5,8,0 3 0 0 0 1 3 0 1,20,122043,8,1952696
5,8,0 3 0 0 0 3 0 0 1,20,122128,0,1954048
5,8,0 3 0 0 0 3 1 0 1,20,121751,0,1948016
5,8,0 3 0 0 0 3 3 0 1,20,122024,8,1952392
5,8,0 3 0 0 1 0 0 0 1,20,121912,0,1950592
5,8,0 3 0 0 1 0 1 0 1,20,121848,8,1949576
5,8,0 3 0 0 1 0 3 0 1,20,122263,8,1956216
5,8,0 3 0 0 1 1 1 0 1,20,122292,0,1956672
5,8,0 3 0 0 1 1 3 0 1,20,122232,8,1955720
5,8,0 3 0 0 1 3 0 0 1,20,121819,0,1949104
5,8,0 3 0 0 1 3 1 0 1,20,122227,0,1955632
5,8,0 3 0 0 1 3 3 0 1,20,121882,0,1950112
5,8,0 3 0 0 2 0 0 0 1,20,122076,0,1953216
5,8,0 3 0 0 2 0 1 0 1,20,121968,0,1951488
5,8,0 3 0 0 2 0 3 0 1,20,122256,8,1956104
5,8,0 3 0 0 2 1 1 0 1,20,121940,8,1951048
5,8,0 3 0 0 2 1 3 0 1,20,121722,0,1947552
5,8,0 3 0 0 2 3 0 0 1,20,121949,8,1951192
5,8,0 3 0 0 2 3 1 0 1,20,122044,0,1952704
5,8,0 3 0 0 2 3 3 0 1,20,121913,16,1950624
5,8,0 3 0 0 3 0 0 0 1,20,121846,0,1949536
5,8,0 3 0 0 3 0 1 0 1,20,122331,8,1957304
5,8,0 3 0 0 3 0 3 0 1,20,122177,8,1954840
5,8,0 3 0 0 3 1 1 0 1,20,122094,8,1953512
5,8,0 3 0 0 3 1 3 0 1,20,121968,0,1951488
5,8,0 3 0 0 3 3 0 0 1,20,122320,8,1957128
5,8,0 3 0 0 3 3 1 0 1,20,122372,8,1957960
5,8,0 3 0 0 3 3 3 0 1,20,122117,0,1953872
5,8,0 3 0 0 4 0 0 0 1,20,122331,0,1957296
5,8,0 3 0 0 4 0 1 0 1,20,122204,8,1955272
5,8,0 3 0 0 4 0 3 0 1,20,122004,8,1952072
5,8,0 3 0 0 4 1 1 0 1,20,121851,8,1949624
5,8,0 3 0 0 4 1 3 0 1,20,121999,8,1951992
5,8,0 3 0 0 4 3 0 0 1,20,122051,0,1952816
5,8,0 3 0 0 4 3 1 0 1,20,122251,0,1956016
5,8,0 3 0 0 4 3 3 0 1,20,121873,0,1949968
5,8,0 3 0 1 0 0 1 0 1,20,122045,8,1952728
5,8,0 3 0 1 0 0 3 0 1,20,121615,8,1945848
5,8,0 3 0 1 0 1 1 0 1,20,121960,0,1951360
5,8,0 3 0 1 0 1 3 0 1,20,122009,0,1952144
5,8,0 3 0 1 0 3 0 0 1,20,122180,8,1954888
5,8,0 3 0 1 0 3 1 0 1,20,122208,16,1955344
5,8,0 3 0 1 0 3 3 0 1,20,121875,8,1950008
5,8,0 3 0 1 1 0 1 0 1,20,122783,8,1964536
5,8,0 3 0 1 1 0 3 0 1,20,122197,8,1955160
5,8,0 3 0 1 1 1 1 0 1,20,122267,0,1956272
5,8,0 3 0 1 1 1 3 0 1,20,121852,8,1949640
5,8,0 3 0 1 1 3 0 0 1,20,122306,8,1956904
5,8,0 3 0 1 1 3 1 0 1,20,122683,0,1962928
5,8,0 3 0 1 1 3 3 0 1,20,122278,8,1956456
5,8,0 3 0 1 2 0 1 0 1,20,121773,0,1948368
5,8,0 3 0 1 2 0 3 0 1,20,122100,0,1953600
5,8,0 3 0 1 2 1 1 0 1,20,122120,0,1953920
5,8,0 3 0 1 2 1 3 0 1,20,122104,0,1953664
5,8,0 3 0 1 2 3 0 0 1,20,121764,8,1948232
5,8,0 3 0 1 2 3 1 0 1,20,122225,8,1955608
5,8,0 3 0 1 2 3 3 0 1,20,122503,8,1960056
5,8,0 3 0 1 3 0 1 0 1,20,121841,8,1949464
5,8,0 3 0 1 3 0 3 0 1,20,122273,0,1956368
5,8,0 3 0 1 3 1 1 0 1,20,122075,16,1953216
5,8,0 3 0 1 3 1 3 0 1,20,121842,0,1949472
5,8,0 3 0 1 3 3 0 0 1,20,122075,8,1953208
5,8,0 3 0 1 3 3 1 0 1,20,122124,8,1953992
5,8,0 3 0 1 3 3 3 0 1,20,122004,8,1952072
5,8,0 3 0 1 4 0 1 0 1,20,121902,0,1950432
5,8,0 3 0 1 4 0 3 0 1,20,122467,0,1959472
5,8,0 3 0 1 4 1 1 0 1,20,121782,8,1948520
5,8,0 3 0 1 4 1 3 0 1,20,122445,8,1959128
5,8,0 3 0 1 4 3 0 0 1,20,122276,0,1956416
5,8,0 3 0 1 4 3 1 0 1,20,122001,0,1952016
5,8,0 3 0 1 4 3 3 0 1,20,122078,8,1953256
5,8,0 3 0 2 0 1 1 0 1,20,122080,0,1953280
5,8,0 3 0 2 0 1 3 0 1,20,122200,8,1955208
5,8,0 3 0 2 0 3 0 0 1,20,122378,0,1958048
5,8,0 3 0 2 0 3 1 0 1,20,122061,8,1952984
5,8,0 3 0 2 0 3 3 0 1,20,121864,16,1949840
5,8,0 3 0 2 1 1 1 0 1,20,122039,8,1952632
5,8,0 3 0 2 1 1 3 0 1,20,122162,0,1954592
5,8,0 3 0 2 1 3 0 0 1,20,122146,8,1954344
5,8,0 3 0 2 1 3 1 0 1,20,122104,0,1953664
5,8,0 3 0 2 1 3 3 0 1,20,122119,8,1953912
5,8,0 3 0 2 2 1 1 0 1,20,122102,8,1953640
5,8,0 3 0 2 2 1 3 0 1,20,122136,8,1954184
5,8,0 3 0 2 2 3 0 0 1,20,122274,8,1956392
5,8,0 3 0 2 2 3 1 0 1,20,122090,0,1953440
5,8,0 3 0 2 2 3 3 0 1,20,121983,8,1951736
5,8,0 3 0 2 3 1 1 0 1,20,122153,8,1954456
5,8,0 3 0 2 3 1 3 0 1,20,121980,0,1951680
5,8,0 3 0 2 3 3 0 0 1,20,122085,8,1953368
5,8,0 3 0 2 3 3 1 0 1,20,121882,8,1950120
5,8,0 3 0 2 3 3 3 0 1,20,122141,0,1954256
5,8,0 3 0 2 4 1 1 0 1,20,122040,0,1952640
5,8,0 3 0 2 4 1 3 0 1,20,122164,0,1954624
5,8,0 3 0 2 4 3 0 0 1,20,122323,8,1957176
5,8,0 3 0 2 4 3 1 0 1,20,121635,0,1946160
5,8,0 3 0 2 4 3 3 0 1,20,122281,8,1956504
5,8,0 3 0 3 0 0 0 0 1,20,121883,0,1950128
5,8,0 3 0 3 0 0 1 0 1,20,121999,0,1951984
5,8,0 3 0 3 0 0 3 0 1,20,121979,16,1951680
5,8,0 3 0 3 0 1 1 0 1,20,121887,0,1950192
5,8,0 3 0 3 0 1 3 0 1,20,122103,0,1953648
5,8,0 3 0 3 0 3 0 0 1,20,122150,8,1954408
5,8,0 3 0 3 0 3 1 0 1,20,122218,8,1955496
5,8,0 3 0 3 0 3 3 0 1,20,122068,0,1953088
5,8,0 3 0 3 1 0 0 0 1,20,122097,0,1953552
5,8,0 3 0 3 1 0 1 0 1,20,122038,8,1952616
5,8,0 3 0 3 1 0 3 0 1,20,122243,16,1955904
5,8,0 3 0 3 1 1 1 0 1,20,122084,8,1953352
5,8,0 3 0 3 1 1 3 0 1,20,122226,0,1955616
5,8,0 3 0 3 1 3 0 0 1,20,122399,0,1958384
5,8,0 3 0 3 1 3 1 0 1,20,122050,0,1952800
5,8,0 3 0 3 1 3 3 0 1,20,121850,0,1949600
5,8,0 3 0 3 2 0 0 0 1,20,122036,0,1952576
5,8,0 3 0 3 2 0 1 0 1,20,122232,0,1955712
5,8,0 3 0 3 2 0 3 0 1,20,122067,24,1953096
5,8,0 3 0 3 2 1 1 0 1,20,121925,8,1950808
5,8,0 3 0 3 2 1 3 0 1,20,122242,0,1955872
5,8,0 3 0 3 2 3 0 0 1,20,122027,0,1952432
5,8,0 3 0 3 2 3 1 0 1,20,121902,8,1950440
5,8,0 3 0 3 2 3 3 0 1,20,122096,8,1953544
5,8,0 3 0 3 3 0 0 0 1,20,122153,8,1954456
5,8,0 3 0 3 3 0 1 0 1,20,122232,0,1955712
5,8,0 3 0 3 3 0 3 0 1,20,122071,0,1953136
5,8,0 3 0 3 3 1 1 0 1,20,122074,8,1953192
5,8,0 3 0 3 3 1 3 0 1,20,121829,8,1949272
5,8,0 3 0 3 3 3 0 0 1,20,122295,8,1956728
5,8,0 3 0 3 3 3 1 0 1,20,122241,8,1955864
5,8,0 3 0 3 3 3 3 0 1,20,122381,8,1958104
5,8,0 3 0 3 4 0 0 0 1,20,121928,8,1950856
5,8,0 3 0 3 4 0 1 0 1,20,122179,0,1954864
5,8,0 3 0 3 4 0 3 0 1,20,122199,8,1955192
5,8,0 3 0 3 4 1 1 0 1,20,122199,0,1955184
5,8,0 3 0 3 4 1 3 0 1,20,122157,8,1954520
5,8,0 3 0 3 4 3 0 0 1,20,122066,0,1953056
5,8,0 3 0 3 4 3 1 0 1,20,122102,16,1953648
5,8,0 3 0 3 4 3 3 0 1,20,122137,0,1954192
5,8,0 3 0 4 0 1 1 0 1,20,121633,8,1946136
5,8,0 3 0 4 0 1 3 0 1,20,122256,8,1956104
5,8,0 3 0 4 0 3 0 0 1,20,122205,8,1955288
5,8,0 3 0 4 0 3 1 0 1,20,121740,0,1947840
5,8,0 3 0 4 0 3 3 0 1,20,122289,8,1956632
5,8,0 3 0 4 1 1 1 0 1,20,122017,0,1952272
5,8,0 3 0 4 1 1 3 0 1,20,121947,0,1951152
5,8,0 3 0 4 1 3 0 0 1,20,122054,0,1952864
5,8,0 3 0 4 1 3 1 0 1,20,121906,0,1950496
5,8,0 3 0 4 1 3 3 0 1,20,121760,0,1948160
5,8,0 3 0 4 2 1 1 0 1,20,121966,8,1951464
5,8,0 3 0 4 2 1 3 0 1,20,122240,8,1955848
5,8,0 3 0 4 2 3 0 0 1,20,121812,0,1948992
5,8,0 3 0 4 2 3 1 0 1,20,122033,0,1952528
5,8,0 3 0 4 2 3 3 0 1,20,122382,8,1958120
5,8,0 3 0 4 3 1 1 0 1,20,122001,8,1952024
5,8,0 3 0 4 3 1 3 0 1,20,122105,8,1953688
5,8,0 3 0 4 3 3 0 0 1,20,121690,8,1947048
5,8,0 3 0 4 3 3 1 0 1,20,122136,8,1954184
5,8,0 3 0 4 3 3 3 0 1,20,122108,8,1953736
5,8,0 3 0 4 4 1 1 0 1,20,122031,16,1952512
5,8,0 3 0 4 4 1 3 0 1,20,121998,8,1951976
5,8,0 3 0 4 4 3 0 0 1,20,122345,16,1957536
5,8,0 3 0 4 4 3 1 0 1,20,122422,8,1958760
5,8,0 3 0 4 4 3 3 0 1,20,121982,8,1951720
5,8,0 3 1 0 0 0 0 0 1,20,122118,8,1953896
5,8,0 3 1 0 0 0 1 0 1,20,122540,8,1960648
5,8,0 3 1 0 0 0 3 0 1,20,121934,8,1950952
5,8,0 3 1 0 0 1 1 0 1,20,121925,0,1950800
5,8,0 3 1 0 0 1 3 0 1,20,122181,8,1954904
5,8,0 3 1 0 0 3 0 0 1,20,121988,0,1951808
5,8,0 3 1 0 0 3 1 0 1,20,121962,0,1951392
5,8,0 3 1 0 0 3 3 0 1,20,121933,0,1950928
5,8,0 3 1 0 1 0 0 0 1,20,122446,16,1959152
5,8,0 3 1 0 1 0 1 0 1,20,122018,0,1952288
5,8,0 3 1 0 1 0 3 0 1,20,122215,8,1955448
5,8,0 3 1 0 1 1 1 0 1,20,122367,16,1957888
5,8,0 3 1 0 1 1 3 0 1,20,121837,16,1949408
5,8,0 3 1 0 1 3 0 0 1,20,122255,8,1956088
5,8,0 3 1 0 1 3 1 0 1,20,121891,0,1950256
5,8,0 3 1 0 1 3 3 0 1,20,122234,8,1955752
5,8,0 3 1 0 2 0 0 0 1,20,122131,0,1954096
5,8,0 3 1 0 2 0 1 0 1,20,122011,8,1952184
5,8,0 3 1 0 2 0 3 0 1,20,121755,8,1948088
5,8,0 3 1 0 2 1 1 0 1,20,121977,8,1951640
5,8,0 3 1 0 2 1 3 0 1,20,121839,8,1949432
5,8,0 3 1 0 2 3 0 0 1,20,122592,0,1961472
5,8,0 3 1 0 2 3 1 0 1,20,122052,0,1952832
5,8,0 3 1 0 2 3 3 0 1,20,121903,0,1950448
5,8,0 3 1 0 3 0 0 0 1,20,121854,0,1949664
5,8,0 3 1 0 3 0 1 0 1,20,121907,0,1950512
5,8,0 3 1 0 3 0 3 0 1,20,121992,8,1951880
5,8,0 3 1 0 3 1 1 0 1,20,122048,16,1952784
5,8,0 3 1 0 3 1 3 0 1,20,122002,8,1952040
5,8,0 3 1 0 3 3 0 0 1,20,122411,0,1958576
5,8,0 3 1 0 3 3 1 0 1,20,121741,8,1947864
5,8,0 3 1 0 3 3 3 0 1,20,122143,0,1954288
5,8,0 3 1 0 4 0 0 0 1,20,122387,8,1958200
5,8,0 3 1 0 4 0 1 0 1,20,121818,8,1949096
5,8,0 3 1 0 4 0 3 0 1,20,122052,8,1952840
5,8,0 3 1 0 4 1 1 0 1,20,122056,0,1952896
5,8,0 3 1 0 4 1 3 0 1,20,122191,8,1955064
5,8,0 3 1 0 4 3 0 0 1,20,122194,0,1955104
5,8,0 3 1 0 4 3 1 0 1,20,122021,8,1952344
5,8,0 3 1 0 4 3 3 0 1,20,121804,8,1948872
5,8,0 3 1 1 0 0 1 0 1,20,121793,0,1948688
5,8,0 3 1 1 0 0 3 0 1,20,122047,0,1952752
5,8,0 3 1 1 0 1 1 0 1,20,122251,8,1956024
5,8,0 3 1 1 0 1 3 0 1,20,121926,8,1950824
5,8,0 3 1 1 0 3 0 0 1,20,122080,8,1953288
5,8,0 3 1 1 0 3 1 0 1,20,122130,8,1954088
5,8,0 3 1 1 0 3 3 0 1,20,121864,0,1949824
5,8,0 3 1 1 1 0 1 0 1,20,121963,0,1951408
5,8,0 3 1 1 1 0 3 0 1,20,122010,0,1952160
5,8,0 3 1 1 1 1 1 0 1,20,121785,8,1948568
5,8,0 3 1 1 1 1 3 0 1,20,122147,0,1954352
5,8,0 3 1 1 1 3 0 0 1,20,121977,16,1951648
5,8,0 3 1 1 1 3 1 0 1,20,122587,0,1961392
5,8,0 3 1 1 1 3 3 0 1,20,122121,16,1953952
5,8,0 3 1 1 2 0 1 0 1,20,122066,8,1953064
5,8,0 3 1 1 2 0 3 0 1,20,121974,8,1951592
5,8,0 3 1 1 2 1 1 0 1,20,121978,8,1951656
5,8,0 3 1 1 2 1 3 0 1,20,122322,8,1957160
5,8,0 3 1 1 2 3 0 0 1,20,121976,16,1951632
5,8,0 3 1 1 2 3 1 0 1,20,122243,0,1955888
5,8,0 3 1 1 2 3 3 0 1,20,122139,8,1954232
5,8,0 3 1 1 3 0 1 0 1,20,122107,0,1953712
5,8,0 3 1 1 3 0 3 0 1,20,122198,8,1955176
5,8,0 3 1 1 3 1 1 0 1,20,121855,16,1949696
5,8,0 3 1 1 3 1 3 0 1,20,121747,0,1947952
5,8,0 3 1 1 3 3 0 0 1,20,122093,8,1953496
5,8,0 3 1 1 3 3 1 0 1,20,122225,0,1955600
5,8,0 3 1 1 3 3 3 0 1,20,122538,8,1960616
5,8,0 3 1 1 4 0 1 0 1,20,121851,0,1949616
5,8,0 3 1 1 4 0 3 0 1,20,122148,0,1954368
5,8,0 3 1 1 4 1 1 0 1,20,122064,0,1953024
5,8,0 3 1 1 4 1 3 0 1,20,122097,8,1953560
5,8,0 3 1 1 4 3 0 0 1,20,121729,0,1947664
5,8,0 3 1 1 4 3 1 0 1,20,122027,8,1952440
5,8,0 3 1 1 4 3 3 0 1,20,122196,8,1955144
5,8,0 3 1 2 0 1 1 0 1,20,122133,8,1954136
5,8,0 3 1 2 0 1 3 0 1,20,122409,0,1958544
5,8,0 3 1 2 0 3 0 0 1,20,121730,8,1947688
5,8,0 3 1 2 0 3 1 0 1,20,122027,0,1952432
5,8,0 3 1 2 0 3 3 0 1,20,122350,0,1957600
5,8,0 3 1 2 1 1 1 0 1,20,121891,8,1950264
5,8,0 3 1 2 1 1 3 0 1,20,121849,8,1949592
5,8,0 3 1 2 1 3 0 0 1,20,122120,8,1953928
5,8,0 3 1 2 1 3 1 0 1,20,122299,0,1956784
5,8,0 3 1 2 1 3 3 0 1,20,122095,8,1953528
5,8,0 3 1 2 2 1 1 0 1,20,122133,8,1954136
5,8,0 3 1 2 2 1 3 0 1,20,121974,16,1951600
5,8,0 3 1 2 2 3 0 0 1,20,121822,0,1949152
5,8,0 3 1 2 2 3 1 0 1,20,122528,0,1960448
5,8,0 3 1 2 2 3 3 0 1,20,122083,0,1953328
5,8,0 3 1 2 3 1 1 0 1,20,121710,0,1947360
5,8,0 3 1 2 3 1 3 0 1,20,122042,0,1952672
5,8,0 3 1 2 3 3 0 0 1,20,121991,0,1951856
5,8,0 3 1 2 3 3 1 0 1,20,122283,0,1956528
5,8,0 3 1 2 3 3 3 0 1,20,122059,8,1952952
5,8,0 3 1 2 4 1 1 0 1,20,121962,0,1951392
5,8,0 3 1 2 4 1 3 0 1,20,122444,16,1959120
5,8,0 3 1 2 4 3 0 0 1,20,122414,0,1958624
5,8,0 3 1 2 4 3 1 0 1,20,122368,8,1957896
5,8,0 3 1 2 4 3 3 0 1,20,122530,0,1960480
5,8,0 3 1 3 0 0 0 0 1,20,122193,8,1955096
5,8,0 3 1 3 0 0 1 0 1,20,121842,0,1949472
5,8,0 3 1 3 0 0 3 0 1,20,122517,0,1960272
5,8,0 3 1 3 0 1 1 0 1,20,122023,8,1952376
5,8,0 3 1 3 0 1 3 0 1,20,121984,0,1951744
5,8,0 3 1 3 0 3 0 0 1,20,122083,0,1953328
5,8,0 3 1 3 0 3 1 0 1,20,122214,0,1955424
5,8,0 3 1 3 0 3 3 0 1,20,122156,0,1954496
5,8,0 3 1 3 1 0 0 0 1,20,122097,0,1953552
5,8,0 3 1 3 1 0 1 0 1,20,122148,8,1954376
5,8,0 3 1 3 1 0 3 0 1,20,122252,0,1956032
5,8,0 3 1 3 1 1 1 0 1,20,122106,0,1953696
5,8,0 3 1 3 1 1 3 0 1,20,122090,8,1953448
5,8,0 3 1 3 1 3 0 0 1,20,121910,8,1950568
5,8,0 3 1 3 1 3 1 0 1,20,122174,8,1954792
5,8,0 3 1 3 1 3 3 0 1,20,122505,0,1960080
5,8,0 3 1 3 2 0 0 0 1,20,122388,8,1958216
5,8,0 3 1 3 2 0 1 0 1,20,122238,8,1955816
5,8,0 3 1 3 2 0 3 0 1,20,122081,0,1953296
5,8,0 3 1 3 2 1 1 0 1,20,122160,0,1954560
5,8,0 3 1 3 2 1 3 0 1,20,121942,0,1951072
5,8,0 3 1 3 2 3 0 0 1,20,122219,8,1955512
5,8,0 3 1 3 2 3 1 0 1,20,122257,0,1956112
5,8,0 3 1 3 2 3 3 0 1,20,122303,8,1956856
5,8,0 3 1 3 3 0 0 0 1,20,121969,0,1951504
5,8,0 3 1 3 3 0 1 0 1,20,121952,16,1951248
5,8,0 3 1 3 3 0 3 0 1,20,122149,8,1954392
5,8,0 3 1 3 3 1 1 0 1,20,122141,0,1954256
5,8,0 3 1 3 3 1 3 0 1,20,122125,0,1954000
5,8,0 3 1 3 3 3 0 0 1,20,121971,0,1951536
5,8,0 3 1 3 3 3 1 0 1,20,122258,0,1956128
5,8,0 3 1 3 3 3 3 0 1,20,122316,0,1957056
5,8,0 3 1 3 4 0 0 0 1,20,122337,8,1957400
5,8,0 3 1 3 4 0 1 0 1,20,122091,0,1953456
5,8,0 3 1 3 4 0 3 0 1,20,122138,8,1954216
5,8,0 3 1 3 4 1 1 0 1,20,122030,0,1952480
5,8,0 3 1 3 4 1 3 0 1,20,121799,0,1948784
5,8,0 3 1 3 4 3 0 0 1,20,122021,8,1952344
5,8,0 3 1 3 4 3 1 0 1,20,122217,0,1955472
5,8,0 3 1 3 4 3 3 0 1,20,122234,16,1955760
5,8,0 3 1 4 0 1 1 0 1,20,122024,0,1952384
5,8,0 3 1 4 0 1 3 0 1,20,122336,8,1957384
5,8,0 3 1 4 0 3 0 0 1,20,122213,0,1955408
5,8,0 3 1 4 0 3 1 0 1,20,122355,24,1957704
5,8,0 3 1 4 0 3 3 0 1,20,122156,16,1954512
5,8,0 3 1 4 1 1 1 0 1,20,122186,8,1954984
5,8,0 3 1 4 1 1 3 0 1,20,122230,0,1955680
5,8,0 3 1 4 1 3 0 0 1,20,122210,8,1955368
5,8,0 3 1 4 1 3 1 0 1,20,122126,0,1954016
5,8,0 3 1 4 1 3 3 0 1,20,121928,0,1950848
5,8,0 3 1 4 2 1 1 0 1,20,122388,0,1958208
5,8,0 3 1 4 2 1 3 0 1,20,121825,16,1949216
5,8,0 3 1 4 2 3 0 0 1,20,121977,0,1951632
5,8,0 3 1 4 2 3 1 0 1,20,122267,8,1956280
5,8,0 3 1 4 2 3 3 0 1,20,122028,8,1952456
5,8,0 3 1 4 3 1 1 0 1,20,122241,8,1955864
5,8,0 3 1 4 3 1 3 0 1,20,121788,8,1948616
5,8,0 3 1 4 3 3 0 0 1,20,122383,8,1958136
5,8,0 3 1 4 3 3 1 0 1,20,121870,0,1949920
5,8,0 3 1 4 3 3 3 0 1,20,122200,8,1955208
5,8,0 3 1 4 4 1 1 0 1,20,121883,0,1950128
5,8,0 3 1 4 4 1 3 0 1,20,121839,8,1949432
5,8,0 3 1 4 4 3 0 0 1,20,122284,0,1956544
5,8,0 3 1 4 4 3 1 0 1,20,121947,16,1951168
5,8,0 3 1 4 4 3 3 0 1,20,122529,0,1960464
5,8,0 3 2 0 0 0 1 0 1,20,122445,0,1959120
5,8,0 3 2 0 0 0 3 0 1,20,122264,0,1956224
5,8,0 3 2 0 0 1 1 0 1,20,121987,8,1951800
5,8,0 3 2 0 0 1 3 0 1,20,122133,0,1954128
5,8,0 3 2 0 0 3 0 0 1,20,121785,0,1948560
5,8,0 3 2 0 0 3 1 0 1,20,121770,0,1948320
5,8,0 3 2 0 0 3 3 0 1,20,121995,0,1951920
5,8,0 3 2 0 1 0 1 0 1,20,122404,16,1958480
5,8,0 3 2 0 1 0 3 0 1,20,122188,8,1955016
5,8,0 3 2 0 1 1 1 0 1,20,122316,8,1957064
5,8,0 3 2 0 1 1 3 0 1,20,121874,8,1949992
5,8,0 3 2 0 1 3 0 0 1,20,121978,0,1951648
5,8,0 3 2 0 1 3 1 0 1,20,121975,0,1951600
5,8,0 3 2 0 1 3 3 0 1,20,122003,0,1952048
5,8,0 3 2 0 2 0 1 0 1,20,122064,0,1953024
5,8,0 3 2 0 2 0 3 0 1,20,122064,0,1953024
5,8,0 3 2 0 2 1 1 0 1,20,121926,0,1950816
5,8,0 3 2 0 2 1 3 0 1,20,122279,0,1956464
5,8,0 3 2 0 2 3 0 0 1,20,121815,8,1949048
5,8,0 3 2 0 2 3 1 0 1,20,122096,8,1953544
5,8,0 3 2 0 2 3 3 0 1,20,122409,0,1958544
5,8,0 3 2 0 3 0 1 0 1,20,122121,8,1953944
5,8,0 3 2 0 3 0 3 0 1,20,122009,0,1952144
5,8,0 3 2 0 3 1 1 0 1,20,122270,0,1956320
5,8,0 3 2 0 3 1 3 0 1,20,122103,8,1953656
5,8,0 3 2 0 3 3 0 0 1,20,122078,8,1953256
5,8,0 3 2 0 3 3 1 0 1,20,122002,0,1952032
5,8,0 3 2 0 3 3 3 0 1,20,121940,8,1951048
5,8,0 3 2 0 4 0 1 0 1,20,121812,8,1949000
5,8,0 3 2 0 4 0 3 0 1,20,122555,0,1960880
5,8,0 3 2 0 4 1 1 0 1,20,121983,0,1951728
5,8,0 3 2 0 4 1 3 0 1,20,121948,0,1951168
5,8,0 3 2 0 4 3 0 0 1,20,121991,0,1951856
5,8,0 3 2 0 4 3 1 0 1,20,122202,0,1955232
5,8,0 3 2 0 4 3 3 0 1,20,121833,0,1949328
5,8,0 3 2 1 0 0 1 0 1,20,121942,8,1951080
5,8,0 3 2 1 0 0 3 0 1,20,122374,8,1957992
5,8,0 3 2 1 0 1 1 0 1,20,122000,0,1952000
5,8,0 3 2 1 0 1 3 0 1,20,122200,0,1955200
5,8,0 3 2 1 0 3 0 0 1,20,122464,16,1959440
5,8,0 3 2 1 0 3 1 0 1,20,121951,8,1951224
5,8,0 3 2 1 0 3 3 0 1,20,122241,0,1955856
5,8,0 3 2 1 1 0 1 0 1,20,121900,0,1950400
5,8,0 3 2 1 1 0 3 0 1,20,121776,0,1948416
5,8,0 3 2 1 1 1 1 0 1,20,121726,8,1947624
5,8,0 3 2 1 1 1 3 0 1,20,122100,0,1953600
5,8,0 3 2 1 1 3 0 0 1,20,122035,8,1952568
5,8,0 3 2 1 1 3 1 0 1,20,122191,0,1955056
5,8,0 3 2 1 1 3 3 0 1,20,121939,0,1951024
5,8,0 3 2 1 2 0 1 0 1,20,122194,0,1955104
5,8,0 3 2 1 2 0 3 0 1,20,122193,8,1955096
5,8,0 3 2 1 2 1 1 0 1,20,122096,0,1953536
5,8,0 3 2 1 2 1 3 0 1,20,122148,0,1954368
5,8,0 3 2 1 2 3 0 0 1,20,121995,8,1951928
5,8,0 3 2 1 2 3 1 0 1,20,122041,16,1952672
5,8,0 3 2 1 2 3 3 0 1,20,122214,16,1955440
5,8,0 3 2 1 3 0 1 0 1,20,122296,8,1956744
5,8,0 3 2 1 3 0 3 0 1,20,122282,16,1956528
5,8,0 3 2 1 3 1 1 0 1,20,122030,0,1952480
5,8,0 3 2 1 3 1 3 0 1,20,121771,0,1948336
5,8,0 3 2 1 3 3 0 0 1,20,122143,8,1954296
5,8,0 3 2 1 3 3 1 0 1,20,121821,16,1949152
5,8,0 3 2 1 3 3 3 0 1,20,121619,0,1945904
5,8,0 3 2 1 4 0 1 0 1,20,122615,0,1961840
5,8,0 3 2 1 4 0 3 0 1,20,122123,8,1953976
5,8,0 3 2 1 4 1 1 0 1,20,121898,0,1950368
5,8,0 3 2 1 4 1 3 0 1,20,121829,0,1949264
5,8,0 3 2 1 4 3 0 0 1,20,122366,0,1957856
5,8,0 3 2 1 4 3 1 0 1,20,122104,0,1953664
5,8,0 3 2 1 4 3 3 0 1,20,122056,8,1952904
5,8,0 3 2 2 0 1 1 0 1,20,121719,0,1947504
5,8,0 3 2 2 0 1 3 0 1,20,122231,0,1955696
5,8,0 3 2 2 0 3 0 0 1,20,122189,16,1955040
5,8,0 3 2 2 0 3 1 0 1,20,121846,16,1949552
5,8,0 3 2 2 0 3 3 0 1,20,122360,16,1957776
5,8,0 3 2 2 1 1 1 0 1,20,121838,8,1949416
5,8,0 3 2 2 1 1 3 0 1,20,122185,8,1954968
5,8,0 3 2 2 1 3 0 0 1,20,122155,8,1954488
5,8,0 3 2 2 1 3 1 0 1,20,122026,8,1952424
5,8,0 3 2 2 1 3 3 0 1,20,122179,16,1954880
5,8,0 3 2 2 2 1 1 0 1,20,122051,0,1952816
5,8,0 3 2 2 2 1 3 0 1,20,122097,16,1953568
5,8,0 3 2 2 2 3 0 0 1,20,121805,8,1948888
5,8,0 3 2 2 2 3 1 0 1,20,121982,8,1951720
5,8,0 3 2 2 2 3 3 0 1,20,122067,0,1953072
5,8,0 3 2 2 3 1 1 0 1,20,122063,0,1953008
5,8,0 3 2 2 3 1 3 0 1,20,121948,0,1951168
5,8,0 3 2 2 3 3 0 0 1,20,122088,8,1953416
5,8,0 3 2 2 3 3 1 0 1,20,122345,0,1957520
5,8,0 3 2 2 3 3 3 0 1,20,122202,0,1955232
5,8,0 3 2 2 4 1 1 0 1,20,122359,0,1957744
5,8,0 3 2 2 4 1 3 0 1,20,121955,8,1951288
5,8,0 3 2 2 4 3 0 0 1,20,121958,8,1951336
5,8,0 3 2 2 4 3 1 0 1,20,121772,0,1948352
5,8,0 3 2 2 4 3 3 0 1,20,122190,8,1955048
5,8,0 3 2 3 0 0 0 0 1,20,121911,0,1950576
5,8,0 3 2 3 0 0 1 0 1,20,122104,8,1953672
5,8,0 3 2 3 0 0 3 0 1,20,121895,0,1950320
5,8,0 3 2 3 0 1 1 0 1,20,122312,0,1956992
5,8,0 3 2 3 0 1 3 0 1,20,122331,0,1957296
5,8,0 3 2 3 0 3 0 0 1,20,121772,8,1948360
5,8,0 3 2 3 0 3 1 0 1,20,122439,0,1959024
5,8,0 3 2 3 0 3 3 0 1,20,122109,16,1953760
5,8,0 3 2 3 1 0 0 0 1,20,122338,0,1957408
5,8,0 3 2 3 1 0 1 0 1,20,121883,8,1950136
5,8,0 3 2 3 1 0 3 0 1,20,121681,0,1946896
5,8,0 3 2 3 1 1 1 0 1,20,121750,0,1948000
5,8,0 3 2 3 1 1 3 0 1,20,121863,8,1949816
5,8,0 3 2 3 1 3 0 0 1,20,122023,0,1952368
5,8,0 3 2 3 1 3 1 0 1,20,122171,8,1954744
5,8,0 3 2 3 1 3 3 0 1,20,121675,16,1946816
5,8,0 3 2 3 2 0 0 0 1,20,122269,8,1956312
5,8,0 3 2 3 2 0 1 0 1,20,122123,16,1953984
5,8,0 3 2 3 2 0 3 0 1,20,122140,8,1954248
5,8,0 3 2 3 2 1 1 0 1,20,121943,8,1951096
5,8,0 3 2 3 2 1 3 0 1,20,121899,0,1950384
5,8,0 3 2 3 2 3 0 0 1,20,121528,0,1944448
5,8,0 3 2 3 2 3 1 0 1,20,122008,0,1952128
5,8,0 3 2 3 2 3 3 0 1,20,122272,8,1956360
5,8,0 3 2 3 3 0 0 0 1,20,122063,16,1953024
5,8,0 3 2 3 3 0 1 0 1,20,121748,0,1947968
5,8,0 3 2 3 3 0 3 0 1,20,121974,8,1951592
5,8,0 3 2 3 3 1 1 0 1,20,122041,8,1952664
5,8,0 3 2 3 3 1 3 0 1,20,121979,8,1951672
5,8,0 3 2 3 3 3 0 0 1,20,122271,0,1956336
5,8,0 3 2 3 3 3 1 0 1,20,122038,8,1952616
5,8,0 3 2 3 3 3 3 0 1,20,122084,8,1953352
5,8,0 3 2 3 4 0 0 0 1,20,121937,16,1951008
5,8,0 3 2 3 4 0 1 0 1,20,122033,0,1952528
5,8,0 3 2 3 4 0 3 0 1,20,122249,8,1955992
5,8,0 3 2 3 4 1 1 0 1,20,122248,8,1955976
5,8,0 3 2 3 4 1 3 0 1,20,122492,8,1959880
5,8,0 3 2 3 4 3 0 0 1,20,122111,0,1953776
5,8,0 3 2 3 4 3 1 0 1,20,121966,0,1951456
5,8,0 3 2 3 4 3 3 0 1,20,122332,8,1957320
5,8,0 3 2 4 0 1 1 0 1,20,122101,8,1953624
5,8,0 3 2 4 0 1 3 0 1,20,122470,0,1959520
5,8,0 3 2 4 0 3 0 0 1,20,122182,8,1954920
5,8,0 3 2 4 0 3 1 0 1,20,122247,8,1955960
5,8,0 3 2 4 0 3 3 0 1,20,122310,8,1956968
5,8,0 3 2 4 1 1 1 0 1,20,121836,0,1949376
5,8,0 3 2 4 1 1 3 0 1,20,122144,0,1954304
5,8,0 3 2 4 1 3 0 0 1,20,122352,16,1957648
5,8,0 3 2 4 1 3 1 0 1,20,121797,4,1948756
5,8,0 3 2 4 1 3 3 0 1,20,122224,8,1955592
5,8,0 3 2 4 2 1 1 0 1,20,121846,0,1949536
5,8,0 3 2 4 2 1 3 0 1,20,122051,0,1952816
5,8,0 3 2 4 2 3 0 0 1,20,122119,24,1953928
5,8,0 3 2 4 2 3 1 0 1,20,121878,8,1950056
5,8,0 3 2 4 2 3 3 0 1,20,122194,0,1955104
5,8,0 3 2 4 3 1 1 0 1,20,121745,8,1947928
5,8,0 3 2 4 3 1 3 0 1,20,121973,0,1951568
5,8,0 3 2 4 3 3 0 0 1,20,122115,16,1953856
5,8,0 3 2 4 3 3 1 0 1,20,122414,16,1958640
5,8,0 3 2 4 3 3 3 0 1,20,122076,8,1953224
5,8,0 3 2 4 4 1 1 0 1,20,122174,0,1954784
5,8,0 3 2 4 4 1 3 0 1,20,122147,8,1954360
5,8,0 3 2 4 4 3 0 0 1,20,122196,0,1955136
5,8,0 3 2 4 4 3 1 0 1,20,121778,8,1948456
5,8,0 3 2 4 4 3 3 0 1,20,121802,8,1948840
5,8,0 3 3 0 0 0 0 0 1,20,121800,8,1948808
5,8,0 3 3 0 0 0 1 0 1,20,121706,8,1947304
5,8,0 3 3 0 0 0 3 0 1,20,122029,8,1952472
5,8,0 3 3 0 0 1 1 0 1,20,121969,8,1951512
5,8,0 3 3 0 0 1 3 0 1,20,122263,0,1956208
5,8,0 3 3 0 0 3 0 0 1,20,121819,0,1949104
5,8,0 3 3 0 0 3 1 0 1,20,122017,8,1952280
5,8,0 3 3 0 0 3 3 0 1,20,121923,0,1950768
5,8,0 3 3 0 1 0 0 0 1,20,122215,0,1955440
5,8,0 3 3 0 1 0 1 0 1,20,122089,8,1953432
5,8,0 3 3 0 1 0 3 0 1,20,121925,0,1950800
5,8,0 3 3 0 1 1 1 0 1,20,121965,0,1951440
5,8,0 3 3 0 1 1 3 0 1,20,122014,8,1952232
5,8,0 3 3 0 1 3 0 0 1,20,121901,8,1950424
5,8,0 3 3 0 1 3 1 0 1,20,122126,8,1954024
5,8,0 3 3 0 1 3 3 0 1,20,121887,8,1950200
5,8,0 3 3 0 2 0 0 0 1,20,121914,0,1950624
5,8,0 3 3 0 2 0 1 0 1,20,122498,0,1959968
5,8,0 3 3 0 2 0 3 0 1,20,122017,0,1952272
5,8,0 3 3 0 2 1 1 0 1,20,122296,0,1956736
5,8,0 3 3 0 2 1 3 0 1,20,121828,0,1949248
5,8,0 3 3 0 2 3 0 0 1,20,122004,16,1952080
5,8,0 3 3 0 2 3 1 0 1,20,122385,0,1958160
5,8,0 3 3 0 2 3 3 0 1,20,122254,8,1956072
5,8,0 3 3 0 3 0 0 0 1,20,121878,8,1950056
5,8,0 3 3 0 3 0 1 0 1,20,121692,8,1947080
5,8,0 3 3 0 3 0 3 0 1,20,122174,8,1954792
5,8,0 3 3 0 3 1 1 0 1,20,122080,0,1953280
5,8,0 3 3 0 3 1 3 0 1,20,122425,16,1958816
5,8,0 3 3 0 3 3 0 0 1,20,122103,0,1953648
5,8,0 3 3 0 3 3 1 0 1,20,121681,8,1946904
5,8,0 3 3 0 3 3 3 0 1,20,121749,8,1947992
5,8,0 3 3 0 4 0 0 0 1,20,122030,0,1952480
5,8,0 3 3 0 4 0 1 0 1,20,121723,16,1947584
5,8,0 3 3 0 4 0 3 0 1,20,122081,16,1953312
5,8,0 3 3 0 4 1 1 0 1,20,121810,0,1948960
5,8,0 3 3 0 4 1 3 0 1,20,122099,0,1953584
5,8,0 3 3 0 4 3 0 0 1,20,121852,0,1949632
5,8,0 3 3 0 4 3 1 0 1,20,121930,0,1950880
5,8,0 3 3 0 4 3 3 0 1,20,121828,8,1949256
5,8,0 3 3 1 0 0 1 0 1,20,122099,0,1953584
5,8,0 3 3 1 0 0 3 0 1,20,122280,8,1956488
5,8,0 3 3 1 0 1 1 0 1,20,122308,0,1956928
5,8,0 3 3 1 0 1 3 0 1,20,122089,8,1953432
5,8,0 3 3 1 0 3 0 0 1,20,121651,8,1946424
5,8,0 3 3 1 0 3 1 0 1,20,121857,0,1949712
5,8,0 3 3 1 0 3 3 0 1,20,122121,8,1953944
5,8,0 3 3 1 1 0 1 0 1,20,122052,0,1952832
5,8,0 3 3 1 1 0 3 0 1,20,122422,16,1958768
5,8,0 3 3 1 1 1 1 0 1,20,122297,8,1956760
5,8,0 3 3 1 1 1 3 0 1,20,122129,0,1954064
5,8,0 3 3 1 1 3 0 0 1,20,122084,0,1953344
5,8,0 3 3 1 1 3 1 0 1,20,122045,0,1952720
5,8,0 3 3 1 1 3 3 0 1,20,122213,24,1955432
5,8,0 3 3 1 2 0 1 0 1,20,122223,0,1955568
5,8,0 3 3 1 2 0 3 0 1,20,122012,0,1952192
5,8,0 3 3 1 2 1 1 0 1,20,122067,8,1953080
5,8,0 3 3 1 2 1 3 0 1,20,121660,8,1946568
5,8,0 3 3 1 2 3 0 0 1,20,122135,0,1954160
5,8,0 3 3 1 2 3 1 0 1,20,122144,16,1954320
5,8,0 3 3 1 2 3 3 0 1,20,122222,8,1955560
5,8,0 3 3 1 3 0 1 0 1,20,121515,0,1944240
5,8,0 3 3 1 3 0 3 0 1,20,122479,0,1959664
5,8,0 3 3 1 3 1 1 0 1,20,122383,0,1958128
5,8,0 3 3 1 3 1 3 0 1,20,121794,0,1948704
5,8,0 3 3 1 3 3 0 0 1,20,121848,0,1949568
5,8,0 3 3 1 3 3 1 0 1,20,122265,8,1956248
5,8,0 3 3 1 3 3 3 0 1,20,122128,8,1954056
5,8,0 3 3 1 4 0 1 0 1,20,122204,0,1955264
5,8,0 3 3 1 4 0 3 0 1,20,122243,8,1955896
5,8,0 3 3 1 4 1 1 0 1,20,122237,0,1955792
5,8,0 3 3 1 4 1 3 0 1,20,121997,8,1951960
5,8,0 3 3 1 4 3 0 0 1,20,121842,0,1949472
5,8,0 3 3 1 4 3 1 0 1,20,121813,0,1949008
5,8,0 3 3 1 4 3 3 0 1,20,121996,0,1951936
5,8,0 3 3 2 0 1 1 0 1,20,121951,8,1951224
5,8,0 3 3 2 0 1 3 0 1,20,122096,8,1953544
5,8,0 3 3 2 0 3 0 0 1,20,121776,8,1948424
5,8,0 3 3 2 0 3 1 0 1,20,122099,0,1953584
5,8,0 3 3 2 0 3 3 0 1,20,121940,8,1951048
5,8,0 3 3 2 1 1 1 0 1,20,122380,8,1958088
5,8,0 3 3 2 1 1 3 0 1,20,121960,0,1951360
5,8,0 3 3 2 1 3 0 0 1,20,122221,8,1955544
5,8,0 3 3 2 1 3 1 0 1,20,122266,8,1956264
5,8,0 3 3 2 1 3 3 0 1,20,121793,0,1948688
5,8,0 3 3 2 2 1 1 0 1,20,121930,0,1950880
5,8,0 3 3 2 2 1 3 0 1,20,121895,8,1950328
5,8,0 3 3 2 2 3 0 0 1,20,121857,8,1949720
5,8,0 3 3 2 2 3 1 0 1,20,122256,0,1956096
5,8,0 3 3 2 2 3 3 0 1,20,122283,0,1956528
5,8,0 3 3 2 3 1 1 0 1,20,121990,0,1951840
5,8,0 3 3 2 3 1 3 0 1,20,122228,0,1955648
5,8,0 3 3 2 3 3 0 0 1,20,122100,8,1953608
5,8,0 3 3 2 3 3 1 0 1,20,122126,0,1954016
5,8,0 3 3 2 3 3 3 0 1,20,122066,0,1953056
5,8,0 3 3 2 4 1 1 0 1,20,121956,0,1951296
5,8,0 3 3 2 4 1 3 0 1,20,122080,8,1953288
5,8,0 3 3 2 4 3 0 0 1,20,122302,0,1956832
5,8,0 3 3 2 4 3 1 0 1,20,122098,0,1953568
5,8,0 3 3 2 4 3 3 0 1,20,122173,0,1954768
5,8,0 3 3 3 0 0 0 0 1,20,122188,0,1955008
5,8,0 3 3 3 0 0 1 0 1,20,122059,0,1952944
5,8,0 3 3 3 0 0 3 0 1,20,122079,0,1953264
5,8,0 3 3 3 0 1 1 0 1,20,121920,0,1950720
5,8,0 3 3 3 0 1 3 0 1,20,121674,0,1946784
5,8,0 3 3 3 0 3 0 0 1,20,122031,8,1952504
5,8,0 3 3 3 0 3 1 0 1,20,122198,8,1955176
5,8,0 3 3 3 0 3 3 0 1,20,121987,8,1951800
5,8,0 3 3 3 1 0 0 0 1,20,121982,8,1951720
5,8,0 3 3 3 1 0 1 0 1,20,122105,16,1953696
5,8,0 3 3 3 1 0 3 0 1,20,122203,8,1955256
5,8,0 3 3 3 1 1 1 0 1,20,121854,0,1949664
5,8,0 3 3 3 1 1 3 0 1,20,122325,0,1957200
5,8,0 3 3 3 1 3 0 0 1,20,122056,8,1952904
5,8,0 3 3 3 1 3 1 0 1,20,121940,16,1951056
5,8,0 3 3 3 1 3 3 0 1,20,121598,0,1945568
5,8,0 3 3 3 2 0 0 0 1,20,122241,8,1955864
5,8,0 3 3 3 2 0 1 0 1,20,121968,8,1951496
5,8,0 3 3 3 2 0 3 0 1,20,122207,0,1955312
5,8,0 3 3 3 2 1 1 0 1,20,121863,8,1949816
5,8,0 3 3 3 2 1 3 0 1,20,121938,0,1951008
5,8,0 3 3 3 2 3 0 0 1,20,121892,8,1950280
5,8,0 3 3 3 2 3 1 0 1,20,121985,8,1951768
5,8,0 3 3 3 2 3 3 0 1,20,122150,16,1954416
5,8,0 3 3 3 3 0 0 0 1,20,121998,8,1951976
5,8,0 3 3 3 3 0 1 0 1,20,122264,8,1956232
5,8,0 3 3 3 3 0 3 0 1,20,122393,8,1958296
5,8,0 3 3 3 3 1 1 0 1,20,121953,8,1951256
5,8,0 3 3 3 3 1 3 0 1,20,122330,8,1957288
5,8,0 3 3 3 3 3 0 0 1,20,122033,0,1952528
5,8,0 3 3 3 3 3 1 0 1,20,122153,0,1954448
5,8,0 3 3 3 3 3 3 0 1,20,122194,8,1955112
5,8,0 3 3 3 4 0 0 0 1,20,121997,8,1951960
5,8,0 3 3 3 4 0 1 0 1,20,122280,0,1956480
5,8,0 3 3 3 4 0 3 0 1,20,122219,16,1955520
5,8,0 3 3 3 4 1 1 0 1,20,121887,0,1950192
5,8,0 3 3 3 4 1 3 0 1,20,122023,0,1952368
5,8,0 3 3 3 4 3 0 0 1,20,122377,0,1958032
5,8,0 3 3 3 4 3 1 0 1,20,121645,0,1946320
5,8,0 3 3 3 4 3 3 0 1,20,122282,0,1956512
5,8,0 3 3 4 0 1 1 0 1,20,122183,8,1954936
5,8,0 3 3 4 0 1 3 0 1,20,122179,8,1954872
5,8,0 3 3 4 0 3 0 0 1,20,122214,0,1955424
5,8,0 3 3 4 0 3 1 0 1,20,122180,8,1954888
5,8,0 3 3 4 0 3 3 0 1,20,121892,8,1950280
5,8,0 3 3 4 1 1 1 0 1,20,122625,8,1962008
5,8,0 3 3 4 1 1 3 0 1,20,122146,8,1954344
5,8,0 3 3 4 1 3 0 0 1,20,122258,16,1956144
5,8,0 3 3 4 1 3 1 0 1,20,122366,0,1957856
5,8,0 3 3 4 1 3 3 0 1,20,122041,16,1952672
5,8,0 3 3 4 2 1 1 0 1,20,122233,0,1955728
5,8,0 3 3 4 2 1 3 0 1,20,122098,0,1953568
5,8,0 3 3 4 2 3 0 0 1,20,122294,16,1956720
5,8,0 3 3 4 2 3 1 0 1,20,121946,0,1951136
5,8,0 3 3 4 2 3 3 0 1,20,122159,0,1954544
5,8,0 3 3 4 3 1 1 0 1,20,122138,8,1954216
5,8,0 3 3 4 3 1 3 0 1,20,122174,0,1954784
5,8,0 3 3 4 3 3 0 0 1,20,121763,0,1948208
5,8,0 3 3 4 3 3 1 0 1,20,122164,0,1954624
5,8,0 3 3 4 3 3 3 0 1,20,121974,0,1951584
5,8,0 3 3 4 4 1 1 0 1,20,122060,0,1952960
5,8,0 3 3 4 4 1 3 0 1,20,122045,0,1952720
5,8,0 3 3 4 4 3 0 0 1,20,122517,0,1960272
5,8,0 3 3 4 4 3 1 0 1,20,121749,0,1947984
5,8,0 3 3 4 4 3 3 0 1,20,122125,8,1954008
5,8,0 3 4 0 0 0 1 0 1,20,121765,0,1948240
5,8,0 3 4 0 0 0 3 0 1,20,122125,16,1954016
5,8,0 3 4 0 0 1 1 0 1,20,121826,0,1949216
5,8,0 3 4 0 0 1 3 0 1,20,121874,0,1949984
5,8,0 3 4 0 0 3 0 0 1,20,122120,0,1953920
5,8,0 3 4 0 0 3 1 0 1,20,121864,8,1949832
5,8,0 3 4 0 0 3 3 0 1,20,121922,0,1950752
5,8,0 3 4 0 1 0 1 0 1,20,122179,0,1954864
5,8,0 3 4 0 1 0 3 0 1,20,122060,0,1952960
5,8,0 3 4 0 1 1 1 0 1,20,122108,8,1953736
5,8,0 3 4 0 1 1 3 0 1,20,122368,0,1957888
5,8,0 3 4 0 1 3 0 0 1,20,122333,8,1957336
5,8,0 3 4 0 1 3 1 0 1,20,121695,8,1947128
5,8,0 3 4 0 1 3 3 0 1,20,122493,0,1959888
5,8,0 3 4 0 2 0 1 0 1,20,122233,8,1955736
5,8,0 3 4 0 2 0 3 0 1,20,122037,0,1952592
5,8,0 3 4 0 2 1 1 0 1,20,122122,8,1953960
5,8,0 3 4 0 2 1 3 0 1,20,122539,0,1960624
5,8,0 3 4 0 2 3 0 0 1,20,122023,0,1952368
5,8,0 3 4 0 2 3 1 0 1,20,121825,0,1949200
5,8,0 3 4 0 2 3 3 0 1,20,122087,0,1953392
5,8,0 3 4 0 3 0 1 0 1,20,121830,0,1949280
5,8,0 3 4 0 3 0 3 0 1,20,122131,8,1954104
5,8,0 3 4 0 3 1 1 0 1,20,122044,0,1952704
5,8,0 3 4 0 3 1 3 0 1,20,122202,8,1955240
5,8,0 3 4 0 3 3 0 0 1,20,122297,0,1956752
5,8,0 3 4 0 3 3 1 0 1,20,121950,0,1951200
5,8,0 3 4 0 3 3 3 0 1,20,122155,0,1954480
5,8,0 3 4 0 4 0 1 0 1,20,122318,0,1957088
5,8,0 3 4 0 4 0 3 0 1,20,122046,0,1952736
5,8,0 3 4 0 4 1 1 0 1,20,121777,0,1948432
5,8,0 3 4 0 4 1 3 0 1,20,121737,0,1947792
5,8,0 3 4 0 4 3 0 0 1,20,121871,16,1949952
5,8,0 3 4 0 4 3 1 0 1,20,121958,0,1951328
5,8,0 3 4 0 4 3 3 0 1,20,122206,0,1955296
5,8,0 3 4 1 0 0 1 0 1,20,121877,8,1950040
5,8,0 3 4 1 0 0 3 0 1,20,122322,8,1957160
5,8,0 3 4 1 0 1 1 0 1,20,122220,8,1955528
5,8,0 3 4 1 0 1 3 0 1,20,121794,16,1948720
5,8,0 3 4 1 0 3 0 0 1,20,122130,0,1954080
5,8,0 3 4 1 0 3 1 0 1,20,122207,0,1955312
5,8,0 3 4 1 0 3 3 0 1,20,122153,0,1954448
5,8,0 3 4 1 1 0 1 0 1,20,121943,16,1951104
5,8,0 3 4 1 1 0 3 0 1,20,122231,0,1955696
5,8,0 3 4 1 1 1 1 0 1,20,122031,0,1952496
5,8,0 3 4 1 1 1 3 0 1,20,121759,0,1948144
5,8,0 3 4 1 1 3 0 0 1,20,122078,8,1953256
5,8,0 3 4 1 1 3 1 0 1,20,122316,8,1957064
5,8,0 3 4 1 1 3 3 0 1,20,122148,8,1954376
5,8,0 3 4 1 2 0 1 0 1,20,122078,8,1953256
5,8,0 3 4 1 2 0 3 0 1,20,121957,8,1951320
5,8,0 3 4 1 2 1 1 0 1,20,122343,0,1957488
5,8,0 3 4 1 2 1 3 0 1,20,121997,8,1951960
5,8,0 3 4 1 2 3 0 0 1,20,122230,8,1955688
5,8,0 3 4 1 2 3 1 0 1,20,122182,0,1954912
5,8,0 3 4 1 2 3 3 0 1,20,122254,8,1956072
5,8,0 3 4 1 3 0 1 0 1,20,122102,8,1953640
5,8,0 3 4 1 3 0 3 0 1,20,121896,8,1950344
5,8,0 3 4 1 3 1 1 0 1,20,121865,0,1949840
5,8,0 3 4 1 3 1 3 0 1,20,122333,8,1957336
5,8,0 3 4 1 3 3 0 0 1,20,121896,16,1950352
5,8,0 3 4 1 3 3 1 0 1,20,122330,8,1957288
5,8,0 3 4 1 3 3 3 0 1,20,122049,8,1952792
5,8,0 3 4 1 4 0 1 0 1,20,122105,8,1953688
5,8,0 3 4 1 4 0 3 0 1,20,122193,0,1955088
5,8,0 3 4 1 4 1 1 0 1,20,122283,8,1956536
5,8,0 3 4 1 4 1 3 0 1,20,122005,8,1952088
5,8,0 3 4 1 4 3 0 0 1,20,122156,16,1954512
5,8,0 3 4 1 4 3 1 0 1,20,122656,16,1962512
5,8,0 3 4 1 4 3 3 0 1,20,122390,0,1958240
5,8,0 3 4 2 0 1 1 0 1,20,122051,0,1952816
5,8,0 3 4 2 0 1 3 0 1,20,122248,0,1955968
5,8,0 3 4 2 0 3 0 0 1,20,122160,0,1954560
5,8,0 3 4 2 0 3 1 0 1,20,122245,8,1955928
5,8,0 3 4 2 0 3 3 0 1,20,121943,8,1951096
5,8,0 3 4 2 1 1 1 0 1,20,121815,0,1949040
5,8,0 3 4 2 1 1 3 0 1,20,121835,8,1949368
5,8,0 3 4 2 1 3 0 0 1,20,121968,8,1951496
5,8,0 3 4 2 1 3 1 0 1,20,121831,8,1949304
5,8,0 3 4 2 1 3 3 0 1,20,121799,8,1948792
5,8,0 3 4 2 2 1 1 0 1,20,122005,8,1952088
5,8,0 3 4 2 2 1 3 0 1,20,122430,0,1958880
5,8,0 3 4 2 2 3 0 0 1,20,122758,0,1964128
5,8,0 3 4 2 2 3 1 0 1,20,122148,8,1954376
5,8,0 3 4 2 2 3 3 0 1,20,121701,0,1947216
5,8,0 3 4 2 3 1 1 0 1,20,122146,0,1954336
5,8,0 3 4 2 3 1 3 0 1,20,122052,0,1952832
5,8,0 3 4 2 3 3 0 0 1,20,122299,8,1956792
5,8,0 3 4 2 3 3 1 0 1,20,121678,8,1946856
5,8,0 3 4 2 3 3 3 0 1,20,122258,16,1956144
5,8,0 3 4 2 4 1 1 0 1,20,122338,0,1957408
5,8,0 3 4 2 4 1 3 0 1,20,121955,0,1951280
5,8,0 3 4 2 4 3 0 0 1,20,121992,0,1951872
5,8,0 3 4 2 4 3 1 0 1,20,122224,0,1955584
5,8,0 3 4 2 4 3 3 0 1,20,122252,8,1956040
5,8,0 3 4 3 0 0 0 0 1,20,121739,8,1947832
5,8,0 3 4 3 0 0 1 0 1,20,122035,8,1952568
5,8,0 3 4 3 0 0 3 0 1,20,122271,8,1956344
5,8,0 3 4 3 0 1 1 0 1,20,122230,0,1955680
5,8,0 3 4 3 0 1 3 0 1,20,121963,0,1951408
5,8,0 3 4 3 0 3 0 0 1,20,122185,0,1954960
5,8,0 3 4 3 0 3 1 0 1,20,122014,16,1952240
5,8,0 3 4 3 0 3 3 0 1,20,121861,0,1949776
5,8,0 3 4 3 1 0 0 0 1,20,122455,8,1959288
5,8,0 3 4 3 1 0 1 0 1,20,121913,8,1950616
5,8,0 3 4 3 1 0 3 0 1,20,122326,16,1957232
5,8,0 3 4 3 1 1 1 0 1,20,122005,8,1952088
5,8,0 3 4 3 1 1 3 0 1,20,122075,0,1953200
5,8,0 3 4 3 1 3 0 0 1,20,121988,8,1951816
5,8,0 3 4 3 1 3 1 0 1,20,121960,8,1951368
5,8,0 3 4 3 1 3 3 0 1,20,122036,0,1952576
5,8,0 3 4 3 2 0 0 0 1,20,122242,0,1955872
5,8,0 3 4 3 2 0 1 0 1,20,122214,8,1955432
5,8,0 3 4 3 2 0 3 0 1,20,122035,8,1952568
5,8,0 3 4 3 2 1 1 0 1,20,122097,8,1953560
5,8,0 3 4 3 2 1 3 0 1,20,122304,0,1956864
5,8,0 3 4 3 2 3 0 0 1,20,122250,8,1956008
5,8,0 3 4 3 2 3 1 0 1,20,121999,8,1951992
5,8,0 3 4 3 2 3 3 0 1,20,121494,0,1943904
5,8,0 3 4 3 3 0 0 0 1,20,121904,16,1950480
5,8,0 3 4 3 3 0 1 0 1,20,121894,16,1950320
5,8,0 3 4 3 3 0 3 0 1,20,122021,8,1952344
5,8,0 3 4 3 3 1 1 0 1,20,122042,0,1952672
5,8,0 3 4 3 3 1 3 0 1,20,122003,0,1952048
5,8,0 3 4 3 3 3 0 0 1,20,122112,0,1953792
5,8,0 3 4 3 3 3 1 0 1,20,122151,8,1954424
5,8,0 3 4 3 3 3 3 0 1,20,122243,8,1955896
5,8,0 3 4 3 4 0 0 0 1,20,121998,8,1951976
5,8,0 3 4 3 4 0 1 0 1,20,122051,16,1952832
5,8,0 3 4 3 4 0 3 0 1,20,122107,8,1953720
5,8,0 3 4 3 4 1 1 0 1,20,121717,16,1947488
5,8,0 3 4 3 4 1 3 0 1,20,122123,0,1953968
5,8,0 3 4 3 4 3 0 0 1,20,122382,0,1958112
5,8,0 3 4 3 4 3 1 0 1,20,122181,8,1954904
5,8,0 3 4 3 4 3 3 0 1,20,121871,0,1949936
5,8,0 3 4 4 0 1 1 0 1,20,122145,0,1954320
5,8,0 3 4 4 0 1 3 0 1,20,121947,8,1951160
5,8,0 3 4 4 0 3 0 0 1,20,122305,0,1956880
5,8,0 3 4 4 0 3 1 0 1,20,121985,8,1951768
5,8,0 3 4 4 0 3 3 0 1,20,121838,0,1949408
5,8,0 3 4 4 1 1 1 0 1,20,122087,8,1953400
5,8,0 3 4 4 1 1 3 0 1,20,121830,0,1949280
5,8,0 3 4 4 1 3 0 0 1,20,122201,0,1955216
5,8,0 3 4 4 1 3 1 0 1,20,121853,8,1949656
5,8,0 3 4 4 1 3 3 0 1,20,121855,8,1949688
5,8,0 3 4 4 2 1 1 0 1,20,122008,16,1952144
5,8,0 3 4 4 2 1 3 0 1,20,121907,0,1950512
5,8,0 3 4 4 2 3 0 0 1,20,122085,8,1953368
5,8,0 3 4 4 2 3 1 0 1,20,122190,0,1955040
5,8,0 3 4 4 2 3 3 0 1,20,122093,8,1953496
5,8,0 3 4 4 3 1 1 0 1,20,122370,8,1957928
5,8,0 3 4 4 3 1 3 0 1,20,121839,0,1949424
5,8,0 3 4 4 3 3 0 0 1,20,122182,0,1954912
5,8,0 3 4 4 3 3 1 0 1,20,121614,8,1945832
5,8,0 3 4 4 3 3 3 0 1,20,122000,8,1952008
5,8,0 3 4 4 4 1 1 0 1,20,122063,8,1953016
5,8,0 3 4 4 4 1 3 0 1,20,121934,8,1950952
5,8,0 3 4 4 4 3 0 0 1,20,122042,0,1952672
5,8,0 3 4 4 4 3 1 0 1,20,122229,8,1955672
5,8,0 3 4 4 4 3 3 0 1,20,122092,16,1953488
5,8,0 4 0 0 0 1 1 0 1,20,121921,0,1950736
5,8,0 4 0 0 0 1 3 0 1,20,122032,16,1952528
5,8,0 4 0 0 0 3 0 0 1,20,122019,0,1952304
5,8,0 4 0 0 0 3 1 0 1,20,121770,0,1948320
5,8,0 4 0 0 0 3 3 0 1,20,122220,8,1955528
5,8,0 4 0 0 1 1 1 0 1,20,122244,8,1955912
5,8,0 4 0 0 1 1 3 0 1,20,121842,24,1949496
5,8,0 4 0 0 1 3 0 0 1,20,121891,8,1950264
5,8,0 4 0 0 1 3 1 0 1,20,121931,0,1950896
5,8,0 4 0 0 1 3 3 0 1,20,121857,8,1949720
5,8,0 4 0 0 2 1 1 0 1,20,122104,0,1953664
5,8,0 4 0 0 2 1 3 0 1,20,121882,0,1950112
5,8,0 4 0 0 2 3 0 0 1,20,121726,0,1947616
5,8,0 4 0 0 2 3 1 0 1,20,121848,0,1949568
5,8,0 4 0 0 2 3 3 0 1,20,121931,8,1950904
5,8,0 4 0 0 3 1 1 0 1,20,122399,0,1958384
5,8,0 4 0 0 3 1 3 0 1,20,122194,8,1955112
5,8,0 4 0 0 3 3 0 0 1,20,121756,0,1948096
5,8,0 4 0 0 3 3 1 0 1,20,121969,0,1951504
5,8,0 4 0 0 3 3 3 0 1,20,122326,8,1957224
5,8,0 4 0 0 4 1 1 0 1,20,122299,8,1956792
5,8,0 4 0 0 4 1 3 0 1,20,122044,16,1952720
5,8,0 4 0 0 4 3 0 0 1,20,121723,0,1947568
5,8,0 4 0 0 4 3 1 0 1,20,122345,0,1957520
5,8,0 4 0 0 4 3 3 0 1,20,121896,16,1950352
5,8,0 4 0 1 0 0 1 0 1,20,122175,8,1954808
5,8,0 4 0 1 0 0 3 0 1,20,122032,8,1952520
5,8,0 4 0 1 0 1 1 0 1,20,122212,0,1955392
5,8,0 4 0 1 0 1 3 0 1,20,122031,8,1952504
5,8,0 4 0 1 0 3 0 0 1,20,122231,8,1955704
5,8,0 4 0 1 0 3 1 0 1,20,122256,0,1956096
5,8,0 4 0 1 0 3 3 0 1,20,122144,8,1954312
5,8,0 4 0 1 1 0 1 0 1,20,122048,8,1952776
5,8,0 4 0 1 1 0 3 0 1,20,121881,8,1950104
5,8,0 4 0 1 1 1 1 0 1,20,122502,0,1960032
5,8,0 4 0 1 1 1 3 0 1,20,122239,8,1955832
5,8,0 4 0 1 1 3 0 0 1,20,122076,8,1953224
5,8,0 4 0 1 1 3 1 0 1,20,122079,8,1953272
5,8,0 4 0 1 1 3 3 0 1,20,121932,8,1950920
5,8,0 4 0 1 2 0 1 0 1,20,122118,0,1953888
5,8,0 4 0 1 2 0 3 0 1,20,121956,0,1951296
5,8,0 4 0 1 2 1 1 0 1,20,121958,0,1951328
5,8,0 4 0 1 2 1 3 0 1,20,122220,8,1955528
5,8,0 4 0 1 2 3 0 0 1,20,122233,8,1955736
5,8,0 4 0 1 2 3 1 0 1,20,121724,0,1947584
5,8,0 4 0 1 2 3 3 0 1,20,122567,8,1961080
5,8,0 4 0 1 3 0 1 0 1,20,121926,8,1950824
5,8,0 4 0 1 3 0 3 0 1,20,121845,16,1949536
5,8,0 4 0 1 3 1 1 0 1,20,122037,0,1952592
5,8,0 4 0 1 3 1 3 0 1,20,121953,0,1951248
5,8,0 4 0 1 3 3 0 0 1,20,122208,8,1955336
5,8,0 4 0 1 3 3 1 0 1,20,121837,8,1949400
5,8,0 4 0 1 3 3 3 0 1,20,122155,16,1954496
5,8,0 4 0 1 4 0 1 0 1,20,122251,16,1956032
5,8,0 4 0 1 4 0 3 0 1,20,122162,0,1954592
5,8,0 4 0 1 4 1 1 0 1,20,122256,8,1956104
5,8,0 4 0 1 4 1 3 0 1,20,122183,8,1954936
5,8,0 4 0 1 4 3 0 0 1,20,121703,0,1947248
5,8,0 4 0 1 4 3 1 0 1,20,121936,0,1950976
5,8,0 4 0 1 4 3 3 0 1,20,122002,8,1952040
5,8,0 4 0 2 0 1 1 0 1,20,122000,0,1952000
5,8,0 4 0 2 0 1 3 0 1,20,121868,8,1949896
5,8,0 4 0 2 0 3 0 0 1,20,122271,8,1956344
5,8,0 4 0 2 0 3 1 0 1,20,122099,0,1953584
5,8,0 4 0 2 0 3 3 0 1,20,121781,16,1948512
5,8,0 4 0 2 1 1 1 0 1,20,122084,8,1953352
5,8,0 4 0 2 1 1 3 0 1,20,122135,0,1954160
5,8,0 4 0 2 1 3 0 0 1,20,122174,0,1954784
5,8,0 4 0 2 1 3 1 0 1,20,122443,0,1959088
5,8,0 4 0 2 1 3 3 0 1,20,122329,8,1957272
5,8,0 4 0 2 2 1 1 0 1,20,122055,0,1952880
5,8,0 4 0 2 2 1 3 0 1,20,122292,0,1956672
5,8,0 4 0 2 2 3 0 0 1,20,121931,0,1950896
5,8,0 4 0 2 2 3 1 0 1,20,121863,0,1949808
5,8,0 4 0 2 2 3 3 0 1,20,122422,12,1958764
5,8,0 4 0 2 3 1 1 0 1,20,122126,0,1954016
5,8,0 4 0 2 3 1 3 0 1,20,122258,0,1956128
5,8,0 4 0 2 3 3 0 0 1,20,122065,16,1953056
5,8,0 4 0 2 3 3 1 0 1,20,122232,0,1955712
5,8,0 4 0 2 3 3 3 0 1,20,122604,8,1961672
5,8,0 4 0 2 4 1 1 0 1,20,121925,0,1950800
5,8,0 4 0 2 4 1 3 0 1,20,121999,8,1951992
5,8,0 4 0 2 4 3 0 0 1,20,122118,0,1953888
5,8,0 4 0 2 4 3 1 0 1,20,121911,0,1950576
5,8,0 4 0 2 4 3 3 0 1,20,122290,8,1956648
5,8,0 4 0 3 0 0 0 0 1,20,121930,8,1950888
5,8,0 4 0 3 0 0 1 0 1,20,121885,0,1950160
5,8,0 4 0 3 0 0 3 0 1,20,122155,8,1954488
5,8,0 4 0 3 0 1 1 0 1,20,122334,16,1957360
5,8,0 4 0 3 0 1 3 0 1,20,122339,0,1957424
5,8,0 4 0 3 0 3 0 0 1,20,122104,0,1953664
5,8,0 4 0 3 0 3 1 0 1,20,122156,8,1954504
5,8,0 4 0 3 0 3 3 0 1,20,122183,0,1954928
5,8,0 4 0 3 1 0 0 0 1,20,122159,8,1954552
5,8,0 4 0 3 1 0 1 0 1,20,121811,0,1948976
5,8,0 4 0 3 1 0 3 0 1,20,121850,0,1949600
5,8,0 4 0 3 1 1 1 0 1,20,121862,0,1949792
5,8,0 4 0 3 1 1 3 0 1,20,122092,8,1953480
5,8,0 4 0 3 1 3 0 0 1,20,122088,16,1953424
5,8,0 4 0 3 1 3 1 0 1,20,122181,8,1954904
5,8,0 4 0 3 1 3 3 0 1,20,122315,16,1957056
5,8,0 4 0 3 2 0 0 0 1,20,122111,0,1953776
5,8,0 4 0 3 2 0 1 0 1,20,122216,0,1955456
5,8,0 4 0 3 2 0 3 0 1,20,122090,0,1953440
5,8,0 4 0 3 2 1 1 0 1,20,122067,8,1953080
5,8,0 4 0 3 2 1 3 0 1,20,122159,0,1954544
5,8,0 4 0 3 2 3 0 0 1,20,122268,8,1956296
5,8,0 4 0 3 2 3 1 0 1,20,121769,16,1948320
5,8,0 4 0 3 2 3 3 0 1,20,122011,0,1952176
5,8,0 4 0 3 3 0 0 0 1,20,122343,8,1957496
5,8,0 4 0 3 3 0 1 0 1,20,121962,8,1951400
5,8,0 4 0 3 3 0 3 0 1,20,122310,8,1956968
5,8,0 4 0 3 3 1 1 0 1,20,122233,8,1955736
5,8,0 4 0 3 3 1 3 0 1,20,122111,16,1953792
5,8,0 4 0 3 3 3 0 0 1,20,122266,0,1956256
5,8,0 4 0 3 3 3 1 0 1,20,122377,8,1958040
5,8,0 4 0 3 3 3 3 0 1,20,121567,0,1945072
5,8,0 4 0 3 4 0 0 0 1,20,121750,16,1948016
5,8,0 4 0 3 4 0 1 0 1,20,122346,0,1957536
5,8,0 4 0 3 4 0 3 0 1,20,121884,8,1950152
5,8,0 4 0 3 4 1 1 0 1,20,122517,8,1960280
5,8,0 4 0 3 4 1 3 0 1,20,121930,8,1950888
5,8,0 4 0 3 4 3 0 0 1,20,122090,8,1953448
5,8,0 4 0 3 4 3 1 0 1,20,122332,8,1957320
5,8,0 4 0 3 4 3 3 0 1,20,122303,8,1956856
5,8,0 4 0 4 0 1 1 0 1,20,122014,8,1952232
5,8,0 4 0 4 0 1 3 0 1,20,122285,8,1956568
5,8,0 4 0 4 0 3 0 0 1,20,121944,0,1951104
5,8,0 4 0 4 0 3 1 0 1,20,122136,0,1954176
5,8,0 4 0 4 0 3 3 0 1,20,122272,8,1956360
5,8,0 4 0 4 1 1 1 0 1,20,121674,8,1946792
5,8,0 4 0 4 1 1 3 0 1,20,121727,0,1947632
5,8,0 4 0 4 1 3 0 0 1,20,122109,0,1953744
5,8,0 4 0 4 1 3 1 0 1,20,122344,16,1957520
5,8,0 4 0 4 1 3 3 0 1,20,122239,8,1955832
5,8,0 4 0 4 2 1 1 0 1,20,121925,8,1950808
5,8,0 4 0 4 2 1 3 0 1,20,121774,0,1948384
5,8,0 4 0 4 2 3 0 0 1,20,122096,0,1953536
5,8,0 4 0 4 2 3 1 0 1,20,122165,0,1954640
5,8,0 4 0 4 2 3 3 0 1,20,122208,8,1955336
5,8,0 4 0 4 3 1 1 0 1,20,122144,8,1954312
5,8,0 4 0 4 3 1 3 0 1,20,121897,8,1950360
5,8,0 4 0 4 3 3 0 0 1,20,122210,16,1955376
5,8,0 4 0 4 3 3 1 0 1,20,122174,0,1954784
5,8,0 4 0 4 3 3 3 0 1,20,121901,0,1950416
5,8,0 4 0 4 4 1 1 0 1,20,122279,0,1956464
5,8,0 4 0 4 4 1 3 0 1,20,121534,0,1944544
5,8,0 4 0 4 4 3 0 0 1,20,121855,8,1949688
5,8,0 4 0 4 4 3 1 0 1,20,121920,8,1950728
5,8,0 4 0 4 4 3 3 0 1,20,122024,0,1952384
5,8,0 4 1 0 0 1 1 0 1,20,121936,8,1950984
5,8,0 4 1 0 0 1 3 0 1,20,121956,8,1951304
5,8,0 4 1 0 0 3 0 0 1,20,122281,8,1956504
5,8,0 4 1 0 0 3 1 0 1,20,122163,16,1954624
5,8,0 4 1 0 0 3 3 0 1,20,121923,8,1950776
5,8,0 4 1 0 1 1 1 0 1,20,121856,8,1949704
5,8,0 4 1 0 1 1 3 0 1,20,121910,8,1950568
5,8,0 4 1 0 1 3 0 0 1,20,121853,8,1949656
5,8,0 4 1 0 1 3 1 0 1,20,121906,0,1950496
5,8,0 4 1 0 1 3 3 0 1,20,122082,8,1953320
5,8,0 4 1 0 2 1 1 0 1,20,121749,24,1948008
5,8,0 4 1 0 2 1 3 0 1,20,122051,16,1952832
5,8,0 4 1 0 2 3 0 0 1,20,122097,0,1953552
5,8,0 4 1 0 2 3 1 0 1,20,122119,16,1953920
5,8,0 4 1 0 2 3 3 0 1,20,121988,8,1951816
5,8,0 4 1 0 3 1 1 0 1,20,121878,16,1950064
5,8,0 4 1 0 3 1 3 0 1,20,121539,16,1944640
5,8,0 4 1 0 3 3 0 0 1,20,121648,0,1946368
5,8,0 4 1 0 3 3 1 0 1,20,122160,0,1954560
5,8,0 4 1 0 3 3 3 0 1,20,122153,8,1954456
5,8,0 4 1 0 4 1 1 0 1,20,121963,0,1951408
5,8,0 4 1 0 4 1 3 0 1,20,122251,8,1956024
5,8,0 4 1 0 4 3 0 0 1,20,122030,8,1952488
5,8,0 4 1 0 4 3 1 0 1,20,122018,0,1952288
5,8,0 4 1 0 4 3 3 0 1,20,121887,8,1950200
5,8,0 4 1 1 0 0 1 0 1,20,122134,24,1954168
5,8,0 4 1 1 0 0 3 0 1,20,122112,0,1953792
5,8,0 4 1 1 0 1 1 0 1,20,121667,8,1946680
5,8,0 4 1 1 0 1 3 0 1,20,122064,0,1953024
5,8,0 4 1 1 0 3 0 0 1,20,122236,8,1955784
5,8,0 4 1 1 0 3 1 0 1,20,122042,0,1952672
5,8,0 4 1 1 0 3 3 0 1,20,121949,8,1951192
5,8,0 4 1 1 1 0 1 0 1,20,121863,0,1949808
5,8,0 4 1 1 1 0 3 0 1,20,122062,0,1952992
5,8,0 4 1 1 1 1 1 0 1,20,122230,8,1955688
5,8,0 4 1 1 1 1 3 0 1,20,122055,0,1952880
5,8,0 4 1 1 1 3 0 0 1,20,122126,0,1954016
5,8,0 4 1 1 1 3 1 0 1,20,122121,0,1953936
5,8,0 4 1 1 1 3 3 0 1,20,121933,0,1950928
5,8,0 4 1 1 2 0 1 0 1,20,121689,0,1947024
5,8,0 4 1 1 2 0 3 0 1,20,122135,16,1954176
5,8,0 4 1 1 2 1 1 0 1,20,121920,0,1950720
5,8,0 4 1 1 2 1 3 0 1,20,122068,8,1953096
5,8,0 4 1 1 2 3 0 0 1,20,122277,0,1956432
5,8,0 4 1 1 2 3 1 0 1,20,121864,8,1949832
5,8,0 4 1 1 2 3 3 0 1,20,122068,8,1953096
5,8,0 4 1 1 3 0 1 0 1,20,122021,16,1952352
5,8,0 4 1 1 3 0 3 0 1,20,122407,0,1958512
5,8,0 4 1 1 3 1 1 0 1,20,122104,0,1953664
5,8,0 4 1 1 3 1 3 0 1,20,122008,8,1952136
5,8,0 4 1 1 3 3 0 0 1,20,122450,8,1959208
5,8,0 4 1 1 3 3 1 0 1,20,122029,0,1952464
5,8,0 4 1 1 3 3 3 0 1,20,122003,0,1952048
5,8,0 4 1 1 4 0 1 0 1,20,121958,8,1951336
5,8,0 4 1 1 4 0 3 0 1,20,121931,0,1950896
5,8,0 4 1 1 4 1 1 0 1,20,122236,0,1955776
5,8,0 4 1 1 4 1 3 0 1,20,122282,0,1956512
5,8,0 4 1 1 4 3 0 0 1,20,121883,0,1950128
5,8,0 4 1 1 4 3 1 0 1,20,122256,8,1956104
5,8,0 4 1 1 4 3 3 0 1,20,121924,0,1950784
5,8,0 4 1 2 0 1 1 0 1,20,122091,8,1953464
5,8,0 4 1 2 0 1 3 0 1,20,122131,8,1954104
5,8,0 4 1 2 0 3 0 0 1,20,122086,8,1953384
5,8,0 4 1 2 0 3 1 0 1,20,122013,0,1952208
5,8,0 4 1 2 0 3 3 0 1,20,122198,0,1955168
5,8,0 4 1 2 1 1 1 0 1,20,121963,0,1951408
5,8,0 4 1 2 1 1 3 0 1,20,121770,8,1948328
5,8,0 4 1 2 1 3 0 0 1,20,122173,8,1954776
5,8,0 4 1 2 1 3 1 0 1,20,121918,24,1950712
5,8,0 4 1 2 1 3 3 0 1,20,121707,0,1947312
5,8,0 4 1 2 2 1 1 0 1,20,122148,8,1954376
5,8,0 4 1 2 2 1 3 0 1,20,122154,8,1954472
5,8,0 4 1 2 2 3 0 0 1,20,121919,8,1950712
5,8,0 4 1 2 2 3 1 0 1,20,122210,8,1955368
5,8,0 4 1 2 2 3 3 0 1,20,122058,0,1952928
5,8,0 4 1 2 3 1 1 0 1,20,122116,0,1953856
5,8,0 4 1 2 3 1 3 0 1,20,122397,8,1958360
5,8,0 4 1 2 3 3 0 0 1,20,122253,0,1956048
5,8,0 4 1 2 3 3 1 0 1,20,122352,8,1957640
5,8,0 4 1 2 3 3 3 0 1,20,122165,8,1954648
5,8,0 4 1 2 4 1 1 0 1,20,122224,0,1955584
5,8,0 4 1 2 4 1 3 0 1,20,122236,8,1955784
5,8,0 4 1 2 4 3 0 0 1,20,122118,0,1953888
5,8,0 4 1 2 4 3 1 0 1,20,122100,0,1953600
5,8,0 4 1 2 4 3 3 0 1,20,122067,0,1953072
5,8,0 4 1 3 0 0 0 0 1,20,122509,8,1960152
5,8,0 4 1 3 0 0 1 0 1,20,122043,8,1952696
5,8,0 4 1 3 0 0 3 0 1,20,121924,8,1950792
5,8,0 4 1 3 0 1 1 0 1,20,122063,8,1953016
5,8,0 4 1 3 0 1 3 0 1,20,121569,0,1945104
5,8,0 4 1 3 0 3 0 0 1,20,122116,8,1953864
5,8,0 4 1 3 0 3 1 0 1,20,122332,0,1957312
5,8,0 4 1 3 0 3 3 0 1,20,121924,0,1950784
5,8,0 4 1 3 1 0 0 0 1,20,121983,0,1951728
5,8,0 4 1 3 1 0 1 0 1,20,122014,0,1952224
5,8,0 4 1 3 1 0 3 0 1,20,121977,8,1951640
5,8,0 4 1 3 1 1 1 0 1,20,122099,0,1953584
5,8,0 4 1 3 1 1 3 0 1,20,122082,0,1953312
5,8,0 4 1 3 1 3 0 0 1,20,122266,0,1956256
5,8,0 4 1 3 1 3 1 0 1,20,122116,8,1953864
5,8,0 4 1 3 1 3 3 0 1,20,122049,8,1952792
5,8,0 4 1 3 2 0 0 0 1,20,122332,0,1957312
5,8,0 4 1 3 2 0 1 0 1,20,122013,0,1952208
5,8,0 4 1 3 2 0 3 0 1,20,121837,0,1949392
5,8,0 4 1 3 2 1 1 0 1,20,121878,8,1950056
5,8,0 4 1 3 2 1 3 0 1,20,122275,0,1956400
5,8,0 4 1 3 2 3 0 0 1,20,122147,0,1954352
5,8,0 4 1 3 2 3 1 0 1,20,122103,0,1953648
5,8,0 4 1 3 2 3 3 0 1,20,122162,0,1954592
5,8,0 4 1 3 3 0 0 0 1,20,122180,0,1954880
5,8,0 4 1 3 3 0 1 0 1,20,122064,0,1953024
5,8,0 4 1 3 3 0 3 0 1,20,122151,0,1954416
5,8,0 4 1 3 3 1 1 0 1,20,122067,8,1953080
5,8,0 4 1 3 3 1 3 0 1,20,122136,16,1954192
5,8,0 4 1 3 3 3 0 0 1,20,122053,0,1952848
5,8,0 4 1 3 3 3 1 0 1,20,122158,0,1954528
5,8,0 4 1 3 3 3 3 0 1,20,122218,8,1955496
5,8,0 4 1 3 4 0 0 0 1,20,122196,0,1955136
5,8,0 4 1 3 4 0 1 0 1,20,121923,8,1950776
5,8,0 4 1 3 4 0 3 0 1,20,122123,0,1953968
5,8,0 4 1 3 4 1 1 0 1,20,122089,8,1953432
5,8,0 4 1 3 4 1 3 0 1,20,122180,0,1954880
5,8,0 4 1 3 4 3 0 0 1,20,121953,0,1951248
5,8,0 4 1 3 4 3 1 0 1,20,121975,16,1951616
5,8,0 4 1 3 4 3 3 0 1,20,121834,0,1949344
5,8,0 4 1 4 0 1 1 0 1,20,122123,8,1953976
5,8,0 4 1 4 0 1 3 0 1,20,122389,0,1958224
5,8,0 4 1 4 0 3 0 0 1,20,121736,8,1947784
5,8,0 4 1 4 0 3 1 0 1,20,122204,0,1955264
5,8,0 4 1 4 0 3 3 0 1,20,122112,8,1953800
5,8,0 4 1 4 1 1 1 0 1,20,121961,0,1951376
5,8,0 4 1 4 1 1 3 0 1,20,122089,8,1953432
5,8,0 4 1 4 1 3 0 0 1,20,121830,16,1949296
5,8,0 4 1 4 1 3 1 0 1,20,121937,0,1950992
5,8,0 4 1 4 1 3 3 0 1,20,122262,16,1956208
5,8,0 4 1 4 2 1 1 0 1,20,122332,8,1957320
5,8,0 4 1 4 2 1 3 0 1,20,121742,8,1947880
5,8,0 4 1 4 2 3 0 0 1,20,121947,0,1951152
5,8,0 4 1 4 2 3 1 0 1,20,121897,0,1950352
5,8,0 4 1 4 2 3 3 0 1,20,122123,0,1953968
5,8,0 4 1 4 3 1 1 0 1,20,122303,8,1956856
5,8,0 4 1 4 3 1 3 0 1,20,121974,8,1951592
5,8,0 4 1 4 3 3 0 0 1,20,122458,0,1959328
5,8,0 4 1 4 3 3 1 0 1,20,122168,0,1954688
5,8,0 4 1 4 3 3 3 0 1,20,121942,0,1951072
5,8,0 4 1 4 4 1 1 0 1,20,122070,0,1953120
5,8,0 4 1 4 4 1 3 0 1,20,122020,0,1952320
5,8,0 4 1 4 4 3 0 0 1,20,122395,8,1958328
5,8,0 4 1 4 4 3 1 0 1,20,122007,0,1952112
5,8,0 4 1 4 4 3 3 0 1,20,121667,8,1946680
5,8,0 4 2 0 0 1 1 0 1,20,122291,8,1956664
5,8,0 4 2 0 0 1 3 0 1,20,122033,8,1952536
5,8,0 4 2 0 0 3 0 0 1,20,122235,16,1955776
5,8,0 4 2 0 0 3 1 0 1,20,122032,8,1952520
5,8,0 4 2 0 0 3 3 0 1,20,122440,0,1959040
5,8,0 4 2 0 1 1 1 0 1,20,122370,16,1957936
5,8,0 4 2 0 1 1 3 0 1,20,121991,0,1951856
5,8,0 4 2 0 1 3 0 0 1,20,122356,8,1957704
5,8,0 4 2 0 1 3 1 0 1,20,122006,0,1952096
5,8,0 4 2 0 1 3 3 0 1,20,122491,0,1959856
5,8,0 4 2 0 2 1 1 0 1,20,121981,0,1951696
5,8,0 4 2 0 2 1 3 0 1,20,121953,16,1951264
5,8,0 4 2 0 2 3 0 0 1,20,122039,0,1952624
5,8,0 4 2 0 2 3 1 0 1,20,122301,0,1956816
5,8,0 4 2 0 2 3 3 0 1,20,122215,0,1955440
5,8,0 4 2 0 3 1 1 0 1,20,122195,8,1955128
5,8,0 4 2 0 3 1 3 0 1,20,121974,8,1951592
5,8,0 4 2 0 3 3 0 0 1,20,122092,0,1953472
5,8,0 4 2 0 3 3 1 0 1,20,122145,0,1954320
5,8,0 4 2 0 3 3 3 0 1,20,122307,0,1956912
5,8,0 4 2 0 4 1 1 0 1,20,121916,8,1950664
5,8,0 4 2 0 4 1 3 0 1,20,122624,16,1962000
5,8,0 4 2 0 4 3 0 0 1,20,121854,8,1949672
5,8,0 4 2 0 4 3 1 0 1,20,122061,0,1952976
5,8,0 4 2 0 4 3 3 0 1,20,122075,0,1953200
5,8,0 4 2 1 0 0 1 0 1,20,122117,8,1953880
5,8,0 4 2 1 0 0 3 0 1,20,121912,8,1950600
5,8,0 4 2 1 0 1 1 0 1,20,121902,8,1950440
5,8,0 4 2 1 0 1 3 0 1,20,122342,8,1957480
5,8,0 4 2 1 0 3 0 0 1,20,121788,8,1948616
5,8,0 4 2 1 0 3 1 0 1,20,122034,16,1952560
5,8,0 4 2 1 0 3 3 0 1,20,121902,16,1950448
5,8,0 4 2 1 1 0 1 0 1,20,122064,16,1953040
5,8,0 4 2 1 1 0 3 0 1,20,122188,8,1955016
5,8,0 4 2 1 1 1 1 0 1,20,121989,0,1951824
5,8,0 4 2 1 1 1 3 0 1,20,121874,0,1949984
5,8,0 4 2 1 1 3 0 0 1,20,122209,0,1955344
5,8,0 4 2 1 1 3 1 0 1,20,122487,8,1959800
5,8,0 4 2 1 1 3 3 0 1,20,122059,8,1952952
5,8,0 4 2 1 2 0 1 0 1,20,122231,8,1955704
5,8,0 4 2 1 2 0 3 0 1,20,122243,0,1955888
5,8,0 4 2 1 2 1 1 0 1,20,122061,0,1952976
5,8,0 4 2 1 2 1 3 0 1,20,121631,0,1946096
5,8,0 4 2 1 2 3 0 0 1,20,122146,8,1954344
5,8,0 4 2 1 2 3 1 0 1,20,121594,0,1945504
5,8,0 4 2 1 2 3 3 0 1,20,121714,0,1947424
5,8,0 4 2 1 3 0 1 0 1,20,122031,8,1952504
5,8,0 4 2 1 3 0 3 0 1,20,121856,16,1949712
5,8,0 4 2 1 3 1 1 0 1,20,121637,8,1946200
5,8,0 4 2 1 3 1 3 0 1,20,122213,0,1955408
5,8,0 4 2 1 3 3 0 0 1,20,121802,0,1948832
5,8,0 4 2 1 3 3 1 0 1,20,122302,0,1956832
5,8,0 4 2 1 3 3 3 0 1,20,122176,8,1954824
5,8,0 4 2 1 4 0 1 0 1,20,122182,8,1954920
5,8,0 4 2 1 4 0 3 0 1,20,122146,16,1954352
5,8,0 4 2 1 4 1 1 0 1,20,121920,8,1950728
5,8,0 4 2 1 4 1 3 0 1,20,121770,0,1948320
5,8,0 4 2 1 4 3 0 0 1,20,122106,16,1953712
5,8,0 4 2 1 4 3 1 0 1,20,122124,8,1953992
5,8,0 4 2 1 4 3 3 0 1,20,121979,16,1951680
5,8,0 4 2 2 0 1 1 0 1,20,121855,0,1949680
5,8,0 4 2 2 0 1 3 0 1,20,122058,0,1952928
5,8,0 4 2 2 0 3 0 0 1,20,122116,0,1953856
5,8,0 4 2 2 0 3 1 0 1,20,122148,16,1954384
5,8,0 4 2 2 0 3 3 0 1,20,121997,8,1951960
5,8,0 4 2 2 1 1 1 0 1,20,121951,8,1951224
5,8,0 4 2 2 1 1 3 0 1,20,122129,8,1954072
5,8,0 4 2 2 1 3 0 0 1,20,121969,0,1951504
5,8,0 4 2 2 1 3 1 0 1,20,122026,0,1952416
5,8,0 4 2 2 1 3 3 0 1,20,122083,0,1953328
5,8,0 4 2 2 2 1 1 0 1,20,121878,8,1950056
5,8,0 4 2 2 2 1 3 0 1,20,122129,0,1954064
5,8,0 4 2 2 2 3 0 0 1,20,122051,8,1952824
5,8,0 4 2 2 2 3 1 0 1,20,121806,16,1948912
5,8,0 4 2 2 2 3 3 0 1,20,121866,8,1949864
5,8,0 4 2 2 3 1 1 0 1,20,121934,16,1950960
5,8,0 4 2 2 3 1 3 0 1,20,122046,0,1952736
5,8,0 4 2 2 3 3 0 0 1,20,121949,8,1951192
5,8,0 4 2 2 3 3 1 0 1,20,122166,16,1954672
5,8,0 4 2 2 3 3 3 0 1,20,122563,0,1961008
5,8,0 4 2 2 4 1 1 0 1,20,122125,8,1954008
5,8,0 4 2 2 4 1 3 0 1,20,121808,0,1948928
5,8,0 4 2 2 4 3 0 0 1,20,122139,8,1954232
5,8,0 4 2 2 4 3 1 0 1,20,121726,8,1947624
5,8,0 4 2 2 4 3 3 0 1,20,121932,16,1950928
5,8,0 4 2 3 0 0 0 0 1,20,122055,8,1952888
5,8,0 4 2 3 0 0 1 0 1,20,121921,8,1950744
5,8,0 4 2 3 0 0 3 0 1,20,121952,0,1951232
5,8,0 4 2 3 0 1 1 0 1,20,121839,0,1949424
5,8,0 4 2 3 0 1 3 0 1,20,121910,0,1950560
5,8,0 4 2 3 0 3 0 0 1,20,122506,0,1960096
5,8,0 4 2 3 0 3 1 0 1,20,121842,0,1949472
5,8,0 4 2 3 0 3 3 0 1,20,122368,8,1957896
5,8,0 4 2 3 1 0 0 0 1,20,122215,0,1955440
5,8,0 4 2 3 1 0 1 0 1,20,121967,0,1951472
5,8,0 4 2 3 1 0 3 0 1,20,122166,0,1954656
5,8,0 4 2 3 1 1 1 0 1,20,122143,8,1954296
5,8,0 4 2 3 1 1 3 0 1,20,122020,0,1952320
5,8,0 4 2 3 1 3 0 0 1,20,121929,0,1950864
5,8,0 4 2 3 1 3 1 0 1,20,122146,8,1954344
5,8,0 4 2 3 1 3 3 0 1,20,121824,0,1949184
5,8,0 4 2 3 2 0 0 0 1,20,122016,8,1952264
5,8,0 4 2 3 2 0 1 0 1,20,121884,0,1950144
5,8,0 4 2 3 2 0 3 0 1,20,121796,0,1948736
5,8,0 4 2 3 2 1 1 0 1,20,121838,8,1949416
5,8,0 4 2 3 2 1 3 0 1,20,122050,8,1952808
5,8,0 4 2 3 2 3 0 0 1,20,122124,0,1953984
5,8,0 4 2 3 2 3 1 0 1,20,122197,8,1955160
5,8,0 4 2 3 2 3 3 0 1,20,121725,0,1947600
5,8,0 4 2 3 3 0 0 0 1,20,121848,8,1949576
5,8,0 4 2 3 3 0 1 0 1,20,122247,0,1955952
5,8,0 4 2 3 3 0 3 0 1,20,122127,16,1954048
5,8,0 4 2 3 3 1 1 0 1,20,121765,8,1948248
5,8,0 4 2 3 3 1 3 0 1,20,122151,0,1954416
5,8,0 4 2 3 3 3 0 0 1,20,122389,8,1958232
5,8,0 4 2 3 3 3 1 0 1,20,122290,0,1956640
5,8,0 4 2 3 3 3 3 0 1,20,121926,8,1950824
5,8,0 4 2 3 4 0 0 0 1,20,121947,8,1951160
5,8,0 4 2 3 4 0 1 0 1,20,122583,8,1961336
5,8,0 4 2 3 4 0 3 0 1,20,122170,16,1954736
5,8,0 4 2 3 4 1 1 0 1,20,122029,0,1952464
5,8,0 4 2 3 4 1 3 0 1,20,122359,0,1957744
5,8,0 4 2 3 4 3 0 0 1,20,121877,0,1950032
5,8,0 4 2 3 4 3 1 0 1,20,122301,16,1956832
5,8,0 4 2 3 4 3 3 0 1,20,122321,8,1957144
5,8,0 4 2 4 0 1 1 0 1,20,122092,0,1953472
5,8,0 4 2 4 0 1 3 0 1,20,122008,8,1952136
5,8,0 4 2 4 0 3 0 0 1,20,122021,0,1952336
5,8,0 4 2 4 0 3 1 0 1,20,122039,0,1952624
5,8,0 4 2 4 0 3 3 0 1,20,122085,16,1953376
5,8,0 4 2 4 1 1 1 0 1,20,122140,0,1954240
5,8,0 4 2 4 1 1 3 0 1,20,122103,0,1953648
5,8,0 4 2 4 1 3 0 0 1,20,122066,8,1953064
5,8,0 4 2 4 1 3 1 0 1,20,121936,8,1950984
5,8,0 4 2 4 1 3 3 0 1,20,121892,8,1950280
5,8,0 4 2 4 2 1 1 0 1,20,121658,8,1946536
5,8,0 4 2 4 2 1 3 0 1,20,121990,8,1951848
5,8,0 4 2 4 2 3 0 0 1,20,121964,0,1951424
5,8,0 4 2 4 2 3 1 0 1,20,122078,0,1953248
5,8,0 4 2 4 2 3 3 0 1,20,122242,0,1955872
5,8,0 4 2 4 3 1 1 0 1,20,122409,0,1958544
5,8,0 4 2 4 3 1 3 0 1,20,121905,8,1950488
5,8,0 4 2 4 3 3 0 0 1,20,122049,8,1952792
5,8,0 4 2 4 3 3 1 0 1,20,122028,8,1952456
5,8,0 4 2 4 3 3 3 0 1,20,121884,8,1950152
5,8,0 4 2 4 4 1 1 0 1,20,122160,16,1954576
5,8,0 4 2 4 4 1 3 0 1,20,122078,0,1953248
5,8,0 4 2 4 4 3 0 0 1,20,121917,0,1950672
5,8,0 4 2 4 4 3 1 0 1,20,122251,0,1956016
5,8,0 4 2 4 4 3 3 0 1,20,121923,0,1950768
5,8,0 4 3 0 0 1 1 0 1,20,122017,24,1952296
5,8,0 4 3 0 0 1 3 0 1,20,121974,0,1951584
5,8,0 4 3 0 0 3 0 0 1,20,122180,0,1954880
5,8,0 4 3 0 0 3 1 0 1,20,122138,0,1954208
5,8,0 4 3 0 0 3 3 0 1,20,122077,8,1953240
5,8,0 4 3 0 1 1 1 0 1,20,121708,0,1947328
5,8,0 4 3 0 1 1 3 0 1,20,122140,0,1954240
5,8,0 4 3 0 1 3 0 0 1,20,121963,0,1951408
5,8,0 4 3 0 1 3 1 0 1,20,122496,0,1959936
5,8,0 4 3 0 1 3 3 0 1,20,121725,8,1947608
5,8,0 4 3 0 2 1 1 0 1,20,122080,8,1953288
5,8,0 4 3 0 2 1 3 0 1,20,122155,8,1954488
5,8,0 4 3 0 2 3 0 0 1,20,122042,0,1952672
5,8,0 4 3 0 2 3 1 0 1,20,122236,0,1955776
5,8,0 4 3 0 2 3 3 0 1,20,122321,0,1957136
5,8,0 4 3 0 3 1 1 0 1,20,122105,16,1953696
5,8,0 4 3 0 3 1 3 0 1,20,122085,8,1953368
5,8,0 4 3 0 3 3 0 0 1,20,122155,8,1954488
5,8,0 4 3 0 3 3 1 0 1,20,122101,8,1953624
5,8,0 4 3 0 3 3 3 0 1,20,122027,0,1952432
5,8,0 4 3 0 4 1 1 0 1,20,122040,0,1952640
5,8,0 4 3 0 4 1 3 0 1,20,121940,8,1951048
5,8,0 4 3 0 4 3 0 0 1,20,121505,0,1944080
5,8,0 4 3 0 4 3 1 0 1,20,122001,8,1952024
5,8,0 4 3 0 4 3 3 0 1,20,122059,8,1952952
5,8,0 4 3 1 0 0 1 0 1,20,122021,8,1952344
5,8,0 4 3 1 0 0 3 0 1,20,122446,8,1959144
5,8,0 4 3 1 0 1 1 0 1,20,121954,8,1951272
5,8,0 4 3 1 0 1 3 0 1,20,122009,8,1952152
5,8,0 4 3 1 0 3 0 0 1,20,122320,0,1957120
5,8,0 4 3 1 0 3 1 0 1,20,122025,0,1952400
5,8,0 4 3 1 0 3 3 0 1,20,121905,0,1950480
5,8,0 4 3 1 1 0 1 0 1,20,122147,0,1954352
5,8,0 4 3 1 1 0 3 0 1,20,122158,8,1954536
5,8,0 4 3 1 1 1 1 0 1,20,121957,8,1951320
5,8,0 4 3 1 1 1 3 0 1,20,122226,8,1955624
5,8,0 4 3 1 1 3 0 0 1,20,122198,0,1955168
5,8,0 4 3 1 1 3 1 0 1,20,121974,0,1951584
5,8,0 4 3 1 1 3 3 0 1,20,122007,0,1952112
5,8,0 4 3 1 2 0 1 0 1,20,122298,0,1956768
5,8,0 4 3 1 2 0 3 0 1,20,122179,8,1954872
5,8,0 4 3 1 2 1 1 0 1,20,122161,0,1954576
5,8,0 4 3 1 2 1 3 0 1,20,122260,8,1956168
5,8,0 4 3 1 2 3 0 0 1,20,122109,8,1953752
5,8,0 4 3 1 2 3 1 0 1,20,121892,8,1950280
5,8,0 4 3 1 2 3 3 0 1,20,121701,8,1947224
5,8,0 4 3 1 3 0 1 0 1,20,121955,0,1951280
5,8,0 4 3 1 3 0 3 0 1,20,121591,0,1945456
5,8,0 4 3 1 3 1 1 0 1,20,122192,8,1955080
5,8,0 4 3 1 3 1 3 0 1,20,121981,8,1951704
5,8,0 4 3 1 3 3 0 0 1,20,122385,8,1958168
5,8,0 4 3 1 3 3 1 0 1,20,121836,8,1949384
5,8,0 4 3 1 3 3 3 0 1,20,121929,0,1950864
5,8,0 4 3 1 4 0 1 0 1,20,122023,16,1952384
5,8,0 4 3 1 4 0 3 0 1,20,122009,16,1952160
5,8,0 4 3 1 4 1 1 0 1,20,122157,8,1954520
5,8,0 4 3 1 4 1 3 0 1,20,122295,0,1956720
5,8,0 4 3 1 4 3 0 0 1,20,122044,16,1952720
5,8,0 4 3 1 4 3 1 0 1,20,122170,0,1954720
5,8,0 4 3 1 4 3 3 0 1,20,121813,0,1949008
5,8,0 4 3 2 0 1 1 0 1,20,122115,8,1953848
5,8,0 4 3 2 0 1 3 0 1,20,122200,8,1955208
5,8,0 4 3 2 0 3 0 0 1,20,121775,0,1948400
5,8,0 4 3 2 0 3 1 0 1,20,121967,0,1951472
5,8,0 4 3 2 0 3 3 0 1,20,122478,0,1959648
5,8,0 4 3 2 1 1 1 0 1,20,121750,0,1948000
5,8,0 4 3 2 1 1 3 0 1,20,122189,8,1955032
5,8,0 4 3 2 1 3 0 0 1,20,121968,0,1951488
5,8,0 4 3 2 1 3 1 0 1,20,122000,0,1952000
5,8,0 4 3 2 1 3 3 0 1,20,122172,8,1954760
5,8,0 4 3 2 2 1 1 0 1,20,122282,8,1956520
5,8,0 4 3 2 2 1 3 0 1,20,122080,8,1953288
5,8,0 4 3 2 2 3 0 0 1,20,121958,24,1951352
5,8,0 4 3 2 2 3 1 0 1,20,122190,0,1955040
5,8,0 4 3 2 2 3 3 0 1,20,121627,0,1946032
5,8,0 4 3 2 3 1 1 0 1,20,121955,8,1951288
5,8,0 4 3 2 3 1 3 0 1,20,122258,8,1956136
5,8,0 4 3 2 3 3 0 0 1,20,121890,8,1950248
5,8,0 4 3 2 3 3 1 0 1,20,121960,8,1951368
5,8,0 4 3 2 3 3 3 0 1,20,121897,0,1950352
5,8,0 4 3 2 4 1 1 0 1,20,122037,0,1952592
5,8,0 4 3 2 4 1 3 0 1,20,122199,0,1955184
5,8,0 4 3 2 4 3 0 0 1,20,122220,0,1955520
5,8,0 4 3 2 4 3 1 0 1,20,121997,16,1951968
5,8,0 4 3 2 4 3 3 0 1,20,121985,16,1951776
5,8,0 4 3 3 0 0 0 0 1,20,122211,0,1955376
5,8,0 4 3 3 0 0 1 0 1,20,122159,0,1954544
5,8,0 4 3 3 0 0 3 0 1,20,122108,0,1953728
5,8,0 4 3 3 0 1 1 0 1,20,121984,0,1951744
5,8,0 4 3 3 0 1 3 0 1,20,122204,8,1955272
5,8,0 4 3 3 0 3 0 0 1,20,122472,8,1959560
5,8,0 4 3 3 0 3 1 0 1,20,121966,8,1951464
5,8,0 4 3 3 0 3 3 0 1,20,121939,0,1951024
5,8,0 4 3 3 1 0 0 0 1,20,121838,0,1949408
5,8,0 4 3 3 1 0 1 0 1,20,122135,0,1954160
5,8,0 4 3 3 1 0 3 0 1,20,121728,0,1947648
5,8,0 4 3 3 1 1 1 0 1,20,122275,8,1956408
5,8,0 4 3 3 1 1 3 0 1,20,122146,8,1954344
5,8,0 4 3 3 1 3 0 0 1,20,122280,8,1956488
5,8,0 4 3 3 1 3 1 0 1,20,121771,8,1948344
5,8,0 4 3 3 1 3 3 0 1,20,122057,0,1952912
5,8,0 4 3 3 2 0 0 0 1,20,121999,8,1951992
5,8,0 4 3 3 2 0 1 0 1,20,121959,0,1951344
5,8,0 4 3 3 2 0 3 0 1,20,121872,0,1949952
5,8,0 4 3 3 2 1 1 0 1,20,122219,16,1955520
5,8,0 4 3 3 2 1 3 0 1,20,121868,0,1949888
5,8,0 4 3 3 2 3 0 0 1,20,122187,0,1954992
5,8,0 4 3 3 2 3 1 0 1,20,122185,16,1954976
5,8,0 4 3 3 2 3 3 0 1,20,122477,8,1959640
5,8,0 4 3 3 3 0 0 0 1,20,122436,8,1958984
5,8,0 4 3 3 3 0 1 0 1,20,122034,0,1952544
5,8,0 4 3 3 3 0 3 0 1,20,122216,8,1955464
5,8,0 4 3 3 3 1 1 0 1,20,121702,8,1947240
5,8,0 4 3 3 3 1 3 0 1,20,121684,0,1946944
5,8,0 4 3 3 3 3 0 0 1,20,122263,0,1956208
5,8,0 4 3 3 3 3 1 0 1,20,122101,0,1953616
5,8,0 4 3 3 3 3 3 0 1,20,121741,0,1947856
5,8,0 4 3 3 4 0 0 0 1,20,122203,0,1955248
5,8,0 4 3 3 4 0 1 0 1,20,122086,0,1953376
5,8,0 4 3 3 4 0 3 0 1,20,121921,0,1950736
5,8,0 4 3 3 4 1 1 0 1,20,122428,8,1958856
5,8,0 4 3 3 4 1 3 0 1,20,121792,8,1948680
5,8,0 4 3 3 4 3 0 0 1,20,122112,8,1953800
5,8,0 4 3 3 4 3 1 0 1,20,122115,8,1953848
5,8,0 4 3 3 4 3 3 0 1,20,122173,8,1954776
5,8,0 4 3 4 0 1 1 0 1,20,121767,8,1948280
5,8,0 4 3 4 0 1 3 0 1,20,121991,8,1951864
5,8,0 4 3 4 0 3 0 0 1,20,121915,0,1950640
5,8,0 4 3 4 0 3 1 0 1,20,122038,8,1952616
5,8,0 4 3 4 0 3 3 0 1,20,122573,0,1961168
5,8,0 4 3 4 1 1 1 0 1,20,122263,16,1956224
5,8,0 4 3 4 1 1 3 0 1,20,121920,0,1950720
5,8,0 4 3 4 1 3 0 0 1,20,122333,0,1957328
5,8,0 4 3 4 1 3 1 0 1,20,122400,16,1958416
5,8,0 4 3 4 1 3 3 0 1,20,121940,8,1951048
5,8,0 4 3 4 2 1 1 0 1,20,121651,0,1946416
5,8,0 4 3 4 2 1 3 0 1,20,122153,0,1954448
5,8,0 4 3 4 2 3 0 0 1,20,122319,8,1957112
5,8,0 4 3 4 2 3 1 0 1,20,122417,16,1958688
5,8,0 4 3 4 2 3 3 0 1,20,122173,0,1954768
5,8,0 4 3 4 3 1 1 0 1,20,122351,0,1957616
5,8,0 4 3 4 3 1 3 0 1,20,121870,8,1949928
5,8,0 4 3 4 3 3 0 0 1,20,121923,0,1950768
5,8,0 4 3 4 3 3 1 0 1,20,122158,0,1954528
5,8,0 4 3 4 3 3 3 0 1,20,121913,8,1950616
5,8,0 4 3 4 4 1 1 0 1,20,121767,0,1948272
5,8,0 4 3 4 4 1 3 0 1,20,122305,8,1956888
5,8,0 4 3 4 4 3 0 0 1,20,122265,0,1956240
5,8,0 4 3 4 4 3 1 0 1,20,122009,16,1952160
5,8,0 4 3 4 4 3 3 0 1,20,121835,8,1949368
5,8,0 4 4 0 0 1 1 0 1,20,121792,8,1948680
5,8,0 4 4 0 0 1 3 0 1,20,122175,8,1954808
5,8,0 4 4 0 0 3 0 0 1,20,122018,8,1952296
5,8,0 4 4 0 0 3 1 0 1,20,122353,0,1957648
5,8,0 4 4 0 0 3 3 0 1,20,121998,8,1951976
5,8,0 4 4 0 1 1 1 0 1,20,121814,16,1949040
5,8,0 4 4 0 1 1 3 0 1,20,121787,8,1948600
5,8,0 4 4 0 1 3 0 0 1,20,122125,8,1954008
5,8,0 4 4 0 1 3 1 0 1,20,122066,0,1953056
5,8,0 4 4 0 1 3 3 0 1,20,121983,8,1951736
5,8,0 4 4 0 2 1 1 0 1,20,122103,16,1953664
5,8,0 4 4 0 2 1 3 0 1,20,121616,8,1945864
5,8,0 4 4 0 2 3 0 0 1,20,121943,8,1951096
5,8,0 4 4 0 2 3 1 0 1,20,122157,8,1954520
5,8,0 4 4 0 2 3 3 0 1,20,122061,8,1952984
5,8,0 4 4 0 3 1 1 0 1,20,122057,16,1952928
5,8,0 4 4 0 3 1 3 0 1,20,122305,8,1956888
5,8,0 4 4 0 3 3 0 0 1,20,122158,8,1954536
5,8,0 4 4 0 3 3 1 0 1,20,122064,8,1953032
5,8,0 4 4 0 3 3 3 0 1,20,121896,0,1950336
5,8,0 4 4 0 4 1 1 0 1,20,122160,16,1954576
5,8,0 4 4 0 4 1 3 0 1,20,122418,0,1958688
5,8,0 4 4 0 4 3 0 0 1,20,122399,8,1958392
5,8,0 4 4 0 4 3 1 0 1,20,122292,0,1956672
5,8,0 4 4 0 4 3 3 0 1,20,122183,8,1954936
5,8,0 4 4 1 0 0 1 0 1,20,121812,8,1949000
5,8,0 4 4 1 0 0 3 0 1,20,122266,8,1956264
5,8,0 4 4 1 0 1 1 0 1,20,122181,0,1954896
5,8,0 4 4 1 0 1 3 0 1,20,122195,0,1955120
5,8,0 4 4 1 0 3 0 0 1,20,122416,0,1958656
5,8,0 4 4 1 0 3 1 0 1,20,121916,16,1950672
5,8,0 4 4 1 0 3 3 0 1,20,122113,0,1953808
5,8,0 4 4 1 1 0 1 0 1,20,121929,0,1950864
5,8,0 4 4 1 1 0 3 0 1,20,122387,0,1958192
5,8,0 4 4 1 1 1 1 0 1,20,122158,8,1954536
5,8,0 4 4 1 1 1 3 0 1,20,121932,8,1950920
5,8,0 4 4 1 1 3 0 0 1,20,121908,0,1950528
5,8,0 4 4 1 1 3 1 0 1,20,121992,16,1951888
5,8,0 4 4 1 1 3 3 0 1,20,122118,0,1953888
5,8,0 4 4 1 2 0 1 0 1,20,121701,0,1947216
5,8,0 4 4 1 2 0 3 0 1,20,122055,8,1952888
5,8,0 4 4 1 2 1 1 0 1,20,121900,0,1950400
5,8,0 4 4 1 2 1 3 0 1,20,122279,8,1956472
5,8,0 4 4 1 2 3 0 0 1,20,122036,0,1952576
5,8,0 4 4 1 2 3 1 0 1,20,122042,8,1952680
5,8,0 4 4 1 2 3 3 0 1,20,122186,0,1954976
5,8,0 4 4 1 3 0 1 0 1,20,122247,8,1955960
5,8,0 4 4 1 3 0 3 0 1,20,121563,16,1945024
5,8,0 4 4 1 3 1 1 0 1,20,122019,0,1952304
5,8,0 4 4 1 3 1 3 0 1,20,121849,0,1949584
5,8,0 4 4 1 3 3 0 0 1,20,121891,0,1950256
5,8,0 4 4 1 3 3 1 0 1,20,121965,0,1951440
5,8,0 4 4 1 3 3 3 0 1,20,121930,8,1950888
5,8,0 4 4 1 4 0 1 0 1,20,121997,16,1951968
5,8,0 4 4 1 4 0 3 0 1,20,122087,8,1953400
5,8,0 4 4 1 4 1 1 0 1,20,122152,0,1954432
5,8,0 4 4 1 4 1 3 0 1,20,121977,0,1951632
5,8,0 4 4 1 4 3 0 0 1,20,122332,0,1957312
5,8,0 4 4 1 4 3 1 0 1,20,122275,8,1956408
5,8,0 4 4 1 4 3 3 0 1,20,122005,8,1952088
5,8,0 4 4 2 0 1 1 0 1,20,122285,8,1956568
5,8,0 4 4 2 0 1 3 0 1,20,122074,0,1953184
5,8,0 4 4 2 0 3 0 0 1,20,122386,0,1958176
5,8,0 4 4 2 0 3 1 0 1,20,121949,8,1951192
5,8,0 4 4 2 0 3 3 0 1,20,122207,0,1955312
5,8,0 4 4 2 1 1 1 0 1,20,122116,0,1953856
5,8,0 4 4 2 1 1 3 0 1,20,121895,8,1950328
5,8,0 4 4 2 1 3 0 0 1,20,122045,8,1952728
5,8,0 4 4 2 1 3 1 0 1,20,122301,8,1956824
5,8,0 4 4 2 1 3 3 0 1,20,122013,0,1952208
5,8,0 4 4 2 2 1 1 0 1,20,122300,8,1956808
5,8,0 4 4 2 2 1 3 0 1,20,122016,8,1952264
5,8,0 4 4 2 2 3 0 0 1,20,121731,0,1947696
5,8,0 4 4 2 2 3 1 0 1,20,121812,0,1948992
5,8,0 4 4 2 2 3 3 0 1,20,122059,8,1952952
5,8,0 4 4 2 3 1 1 0 1,20,122142,8,1954280
5,8,0 4 4 2 3 1 3 0 1,20,122135,0,1954160
5,8,0 4 4 2 3 3 0 0 1,20,122566,0,1961056
5,8,0 4 4 2 3 3 1 0 1,20,121835,8,1949368
5,8,0 4 4 2 3 3 3 0 1,20,122142,8,1954280
5,8,0 4 4 2 4 1 1 0 1,20,121651,0,1946416
5,8,0 4 4 2 4 1 3 0 1,20,121869,8,1949912
5,8,0 4 4 2 4 3 0 0 1,20,121767,0,1948272
5,8,0 4 4 2 4 3 1 0 1,20,122227,0,1955632
5,8,0 4 4 2 4 3 3 0 1,20,122471,0,1959536
5,8,0 4 4 3 0 0 0 0 1,20,122053,8,1952856
5,8,0 4 4 3 0 0 1 0 1,20,122026,0,1952416
5,8,0 4 4 3 0 0 3 0 1,20,122160,0,1954560
5,8,0 4 4 3 0 1 1 0 1,20,121851,0,1949616
5,8,0 4 4 3 0 1 3 0 1,20,121995,0,1951920
5,8,0 4 4 3 0 3 0 0 1,20,122276,0,1956416
5,8,0 4 4 3 0 3 1 0 1,20,122280,8,1956488
5,8,0 4 4 3 0 3 3 0 1,20,122243,0,1955888
5,8,0 4 4 3 1 0 0 0 1,20,121834,8,1949352
5,8,0 4 4 3 1 0 1 0 1,20,122132,16,1954128
5,8,0 4 4 3 1 0 3 0 1,20,121841,0,1949456
5,8,0 4 4 3 1 1 1 0 1,20,121912,8,1950600
5,8,0 4 4 3 1 1 3 0 1,20,122001,8,1952024
5,8,0 4 4 3 1 3 0 0 1,20,121975,8,1951608
5,8,0 4 4 3 1 3 1 0 1,20,122056,8,1952904
5,8,0 4 4 3 1 3 3 0 1,20,122088,8,1953416
5,8,0 4 4 3 2 0 0 0 1,20,121968,8,1951496
5,8,0 4 4 3 2 0 1 0 1,20,122572,16,1961168
5,8,0 4 4 3 2 0 3 0 1,20,122045,0,1952720
5,8,0 4 4 3 2 1 1 0 1,20,121888,0,1950208
5,8,0 4 4 3 2 1 3 0 1,20,122009,16,1952160
5,8,0 4 4 3 2 3 0 0 1,20,121928,8,1950856
5,8,0 4 4 3 2 3 1 0 1,20,122211,0,1955376
5,8,0 4 4 3 2 3 3 0 1,20,121874,8,1949992
5,8,0 4 4 3 3 0 0 0 1,20,122146,8,1954344
5,8,0 4 4 3 3 0 1 0 1,20,122050,0,1952800
5,8,0 4 4 3 3 0 3 0 1,20,122041,8,1952664
5,8,0 4 4 3 3 1 1 0 1,20,121721,0,1947536
5,8,0 4 4 3 3 1 3 0 1,20,122563,8,1961016
5,8,0 4 4 3 3 3 0 0 1,20,122101,0,1953616
5,8,0 4 4 3 3 3 1 0 1,20,121701,0,1947216
5,8,0 4 4 3 3 3 3 0 1,20,121737,0,1947792
5,8,0 4 4 3 4 0 0 0 1,20,121845,0,1949520
5,8,0 4 4 3 4 0 1 0 1,20,121983,8,1951736
5,8,0 4 4 3 4 0 3 0 1,20,121995,8,1951928
5,8,0 4 4 3 4 1 1 0 1,20,121953,0,1951248
5,8,0 4 4 3 4 1 3 0 1,20,122432,16,1958928
5,8,0 4 4 3 4 3 0 0 1,20,122094,8,1953512
5,8,0 4 4 3 4 3 1 0 1,20,122204,0,1955264
5,8,0 4 4 3 4 3 3 0 1,20,121797,8,1948760
5,8,0 4 4 4 0 1 1 0 1,20,122342,8,1957480
5,8,0 4 4 4 0 1 3 0 1,20,122068,0,1953088
5,8,0 4 4 4 0 3 0 0 1,20,121921,0,1950736
5,8,0 4 4 4 0 3 1 0 1,20,121933,12,1950940
5,8,0 4 4 4 0 3 3 0 1,20,121856,0,1949696
5,8,0 4 4 4 1 1 1 0 1,20,122108,0,1953728
5,8,0 4 4 4 1 1 3 0 1,20,121595,8,1945528
5,8,0 4 4 4 1 3 0 0 1,20,122195,8,1955128
5,8,0 4 4 4 1 3 1 0 1,20,122338,0,1957408
5,8,0 4 4 4 1 3 3 0 1,20,122112,0,1953792
5,8,0 4 4 4 2 1 1 0 1,20,122140,0,1954240
5,8,0 4 4 4 2 1 3 0 1,20,121795,0,1948720
5,8,0 4 4 4 2 3 0 0 1,20,122213,8,1955416
5,8,0 4 4 4 2 3 1 0 1,20,122174,8,1954792
5,8,0 4 4 4 2 3 3 0 1,20,121928,8,1950856
5,8,0 4 4 4 3 1 1 0 1,20,121759,8,1948152
5,8,0 4 4 4 3 1 3 0 1,20,122317,0,1957072
5,8,0 4 4 4 3 3 0 0 1,20,122101,0,1953616
5,8,0 4 4 4 3 3 1 0 1,20,122158,16,1954544
5,8,0 4 4 4 3 3 3 0 1,20,122006,8,1952104
5,8,0 4 4 4 4 1 1 0 1,20,122008,0,1952128
5,8,0 4 4 4 4 1 3 0 1,20,122215,0,1955440
5,8,0 4 4 4 4 3 0 0 1,20,122032,0,1952512
5,8,0 4 4 4 4 3 1 0 1,20,122416,8,1958664
5,8,0 4 4 4 4 3 3 0 1,20,121600,0,1945600
